顧客番号,性別,年齢,職業区分,所有車区分,所有車メーカー,下取り,車両利用目的,検討度合,運転歴
246658,"男性",28,"公務員","当社","外国車","ない","タイプA",12,5
173745,"男性",41,"公務員","当社","外国車","ある","タイプD",6,11
209485,"男性",44,"公務員","当社","外国車","ある","タイプB",3,7
487201,"男性",50,"公務員","当社","外国車","ない","タイプB",6,10
555132,"男性",25,"公務員","当社","外国車","ない","タイプD",4,5
586324,"男性",35,"公務員","当社","外国車","ない","タイプD",3,4
727546,"男性",20,"自営業","他社",,,"タイプD",0,0
734582,"男性",47,"公務員","当社","外国車","ない","タイプB",5,5
763145,"男性",31,"公務員","当社","外国車","ない","タイプD",4,7
852042,"男性",30,"公務員","当社","国産車","ない","タイプA",10,5
965435,"女性",,"会社員","当社","外国車","ない","タイプD",3,
811675,"男性",37,"公務員","当社","外国車","ある","タイプB",22,7
864152,"男性",21,"自営業","他社","外国車","ない","タイプB",7,2
921453,"男性",19,"自営業","他社","国産車","ない","タイプA",7,0
645847,"男性",84,"公務員","当社","外国車","ない","タイプB",2,9
103653,"男性",24,"自営業","他社","外国車","ない","タイプA",7,1
110127,"男性",34,"公務員","当社","外国車","ない","タイプD",4,11
125827,"男性",36,"公務員","当社","外国車","ない","タイプB",4,8
128421,"男性",42,"自営業","他社","外国車","ある","タイプD",8,4
130343,"男性",28,"公務員","当社","外国車","ない","タイプA",7,3
136008,"男性",21,"自営業","他社","外国車","ある","タイプB",8,2
142704,"女性",,"会社員","当社","外国車","ない","タイプD",18,
145330,"男性",28,"公務員","当社","外国車","ない","タイプD",2,5
150834,"女性",,"会社員","当社","外国車","ない","タイプD",9,
159509,"男性",40,"公務員","当社","外国車","ない","タイプA",2,11
159907,"男性",20,"自営業","他社","外国車","ある","タイプD",3,1
185804,"男性",22,"公務員","当社","外国車","ある","タイプD",12,0
189275,"男性",18,"自営業","他社","外国車","ない","タイプA",11,2
194563,"男性",36,"公務員","当社","外国車","ない","タイプD",3,4
201317,"男性",38,"公務員","当社","外国車","ない","タイプD",6,3
202340,"男性",21,"自営業","他社","外国車","ない","タイプB",1,0
210178,"男性",31,"公務員","当社","外国車","ない","タイプD",18,6
210178,"男性",34,"公務員","当社","外国車","ない","タイプD",10,10
214649,"女性",19,"会社員","当社","外国車","ない","タイプA",12,0
238189,"男性",27,"自営業","他社","外国車","ない","タイプA",9,8
242806,"男性",26,"公務員","当社","外国車","ある","タイプB",7,0
245593,"男性",42,"自営業","他社","外国車","ある","タイプD",8,4
255039,"男性",40,"公務員","当社","外国車","ない","タイプB",1,5
265034,"男性",21,"自営業","他社",,,"タイプD",10,0
267578,"男性",37,"公務員","当社","外国車","ない","タイプD",15,3
268047,"男性",24,"公務員","当社","外国車","ない","タイプA",5,0
284022,"男性",30,"公務員","当社","国産車","ない","タイプD",0,3
288984,"男性",50,"公務員","当社","外国車","ない","タイプD",7,11
294843,"女性",38,"会社員","当社","外国車","ない","タイプA",4,5
295673,"男性",28,"公務員","当社","外国車","ない","タイプD",2,5
299691,"女性",18,"会社員","当社","外国車","ない","タイプA",5,2
305010,"男性",20,"自営業","他社","外国車","ある","タイプA",8,2
327211,"女性",24,"会社員","当社","外国車","ある","タイプA",7,6
337822,"女性",,"会社員","当社","外国車","ない","タイプD",9,
340944,"男性",59,"公務員","当社","国産車","ない","タイプC",7,6
355976,"男性",47,"公務員","当社","外国車","ない","タイプB",6,8
356078,"男性",32,"公務員","当社","外国車","ない","タイプD",4,5
369702,"男性",42,"自営業","他社","外国車","ある","タイプD",8,4
370024,"女性",,"会社員","当社","外国車","ない","タイプD",4,
381403,"女性",,"会社員","当社","外国車","ない","タイプD",4,
396196,"男性",23,"公務員","当社","国産車","ない","タイプD",10,4
396981,"男性",59,"公務員","当社","国産車","ない","タイプC",7,6
400620,"男性",27,"自営業","他社","外国車","ない","タイプA",6,3
404322,"男性",35,"公務員","当社","外国車","ある","タイプB",6,10
417982,"女性",,"会社員","当社","外国車","ない","タイプD",0,
422650,"男性",40,"公務員","当社","外国車","ない","タイプB",1,5
425967,"男性",45,"公務員","当社","国産車","ない","タイプC",10,8
429096,"女性",,"会社員","当社","外国車","ない","タイプD",18,
434454,"男性",26,"自営業","他社","外国車","ある","タイプD",7,4
445751,"男性",18,"公務員","当社","外国車","ある","タイプD",1,0
446644,"男性",21,"自営業","他社",,,"タイプD",1,0
456344,"男性",29,"公務員","当社","外国車","ない","タイプD",4,3
465112,"男性",68,"公務員","当社","外国車","ある","タイプB",10,11
467489,"女性",,"会社員","当社","外国車","ない","タイプD",6,
470300,"男性",28,"公務員","当社","外国車","ない","タイプA",5,3
470781,"男性",37,"公務員","当社","外国車","ない","タイプD",9,6
472875,"男性",37,"公務員","当社","外国車","ない","タイプD",15,3
474501,"男性",21,"自営業","他社",,,"タイプD",5,1
478269,"男性",34,"公務員","当社","外国車","ある","タイプD",5,7
479669,"男性",36,"公務員","当社","外国車","ない","タイプB",13,5
479904,"男性",20,"自営業","他社",,,"タイプD",0,0
482172,"男性",35,"公務員","当社","外国車","ない","タイプB",2,8
484805,"男性",21,"自営業","他社","外国車","ある","タイプD",4,0
488581,"男性",24,"公務員","当社","外国車","ない","タイプD",2,3
497421,"男性",35,"公務員","当社","外国車","ない","タイプB",6,5
498202,"男性",28,"公務員","当社","外国車","ない","タイプD",5,5
499241,"男性",45,"公務員","当社","外国車","ない","タイプB",2,6
502664,"男性",25,"自営業","他社",,,"タイプD",4,3
508779,"男性",32,"公務員","当社","外国車","ある","タイプD",8,7
523670,"男性",54,"公務員","当社","外国車","ない","タイプB",11,10
541793,"男性",60,"公務員","当社","外国車","ない","タイプC",4,7
545264,"女性",,"会社員","当社","外国車","ない","タイプD",2,
547440,"男性",20,"自営業","他社","外国車","ある","タイプD",3,2
554912,"男性",35,"公務員","当社","外国車","ない","タイプD",2,3
571647,"男性",26,"公務員","当社","外国車","ない","タイプD",1,7
573078,"男性",48,"公務員","当社","外国車","ない","タイプC",5,12
573305,"男性",23,"公務員","当社","外国車","ない","タイプD",10,0
573780,"女性",,"会社員","当社","外国車","ない","タイプD",2,
577186,"男性",25,"自営業","他社","外国車","ある","タイプA",0,4
578404,"男性",34,"公務員","当社","外国車","ある","タイプD",15,10
581437,"男性",25,"自営業","他社",,,"タイプD",9,0
584752,"男性",41,"公務員","当社","外国車","ある","タイプC",10,10
593915,"男性",45,"公務員","当社","外国車","ない","タイプD",9,12
597108,"男性",55,"公務員","当社","外国車","ない","タイプB",0,8
606459,"女性",,"会社員","当社","外国車","ない","タイプD",1,
615167,"男性",19,"自営業","他社",,,"タイプD",14,0
620298,"男性",33,"公務員","当社","国産車","ある","タイプD",7,8
620475,"男性",40,"公務員","当社","外国車","ない","タイプB",10,7
625691,"男性",42,"公務員","当社","外国車","ない","タイプB",4,17
625846,"男性",20,"自営業","他社",,,"タイプD",2,0
638583,"女性",,"会社員","当社","外国車","ない","タイプD",2,
643816,"男性",34,"公務員","当社","外国車","ない","タイプB",4,6
653661,"男性",36,"公務員","当社","外国車","ない","タイプB",4,8
661777,"男性",18,"自営業","他社",,,"タイプD",6,2
671336,"女性",18,"会社員","当社","外国車","ない","タイプA",5,2
675846,"男性",41,"公務員","当社","外国車","ない","タイプB",0,11
675878,"男性",32,"公務員","当社","外国車","ない","タイプB",9,6
678057,"男性",24,"自営業","他社","外国車","ない","タイプA",7,1
683902,"男性",45,"公務員","当社","国産車","ない","タイプC",10,8
688159,"男性",36,"公務員","当社","外国車","ない","タイプD",11,4
691168,"女性",,"会社員","当社","外国車","ない","タイプD",0,
713093,"男性",35,"公務員","当社","外国車","ない","タイプB",2,8
718108,"男性",35,"公務員","当社","国産車","ある","タイプD",2,6
729416,"女性",23,"会社員","当社","外国車","ない","タイプA",7,4
735876,"男性",27,"公務員","当社","外国車","ある","タイプD",3,3
737715,"男性",37,"公務員","当社","外国車","ある","タイプB",22,7
740773,"男性",53,"公務員","当社","外国車","ある","タイプB",2,10
742001,"男性",23,"公務員","当社","外国車","ない","タイプD",0,3
743938,"男性",20,"自営業","他社",,,"タイプD",5,0
750949,"男性",35,"公務員","当社","外国車","ある","タイプB",6,10
754803,"男性",33,"公務員","当社","外国車","ない","タイプD",10,6
758540,"男性",32,"公務員","当社","外国車","ない","タイプD",6,8
789205,"男性",28,"公務員","当社","外国車","ある","タイプD",5,5
789990,"男性",38,"自営業","他社","外国車","ない","タイプB",5,6
799943,"男性",20,"自営業","他社",,,"タイプD",5,0
805957,"男性",29,"公務員","当社","外国車","ない","タイプD",8,3
815274,"女性",23,"会社員","当社","外国車","ない","タイプA",7,4
824227,"女性",19,"会社員","当社","外国車","ない","タイプA",6,0
831483,"男性",24,"公務員","当社","外国車","ない","タイプD",8,4
837629,"男性",42,"公務員","当社","外国車","ある","タイプD",7,4
839175,"男性",23,"公務員","当社","外国車","ない","タイプD",6,3
848107,"男性",26,"自営業","他社",,,"タイプD",2,6
853038,"女性",,"会社員","当社","外国車","ない","タイプD",6,
859906,"男性",42,"公務員","当社","国産車","ない","タイプD",1,5
860796,"男性",44,"公務員","当社","国産車","ない","タイプC",8,10
899696,"男性",30,"公務員","当社","外国車","ある","タイプD",26,10
903095,"男性",45,"公務員","当社","外国車","ない","タイプD",9,12
910085,"男性",27,"自営業","他社",,,"タイプD",9,9
925804,"男性",29,"公務員","当社","外国車","ない","タイプD",12,3
938830,"男性",29,"自営業","他社",,,"タイプD",18,5
947401,"男性",26,"公務員","当社","外国車","ある","タイプA",4,0
952796,"男性",25,"自営業","他社",,,"タイプD",9,0
956565,"男性",43,"公務員","当社","外国車","ない","タイプD",12,9
959186,"男性",41,"公務員","当社","外国車","ある","タイプD",6,11
959663,"男性",27,"公務員","当社","外国車","ある","タイプD",3,7
966111,"男性",18,"自営業","他社","国産車","ない","タイプA",7,2
966686,"男性",31,"公務員","当社","外国車","ない","タイプD",10,1
967734,"男性",35,"公務員","当社","外国車","ない","タイプD",3,4
971395,"男性",36,"公務員","当社","外国車","ない","タイプD",11,4
979641,"男性",42,"公務員","当社","外国車","ない","タイプB",6,5
983196,"女性",,"会社員","当社","外国車","ない","タイプD",9,
995380,"男性",23,"公務員","当社","外国車","ない","タイプA",12,1
1022741,"男性",47,"公務員","当社","外国車","ない","タイプB",5,5
1028601,"男性",63,"公務員","当社","外国車","ない","タイプD",4,14
1030518,"女性",19,"会社員","当社","外国車","ない","タイプA",6,0
1032066,"男性",26,"公務員","当社","外国車","ない","タイプD",1,6
1033704,"男性",43,"自営業","他社","国産車","ある","タイプD",4,10
1035617,"男性",47,"公務員","当社","外国車","ない","タイプB",6,8
1046982,"男性",45,"公務員","当社","外国車","ない","タイプB",4,7
1069745,"女性",27,"会社員","当社","外国車","ある","タイプA",8,5
1075474,"男性",42,"公務員","当社","外国車","ある","タイプD",5,5
1078012,"男性",28,"公務員","当社","外国車","ない","タイプA",12,5
1082240,"男性",27,"公務員","当社","外国車","ある","タイプD",3,6
1082296,"男性",50,"公務員","当社","外国車","ない","タイプB",5,6
1087407,"男性",23,"公務員","当社","外国車","ない","タイプD",0,3
1093545,"男性",50,"公務員","当社","外国車","ない","タイプB",6,9
1093872,"男性",24,"自営業","他社","外国車","ない","タイプA",3,0
1094805,"男性",34,"公務員","当社","国産車","ある","タイプD",4,7
1106384,"男性",41,"公務員","当社","外国車","ない","タイプD",4,5
1106686,"男性",29,"公務員","当社","外国車","ない","タイプD",8,3
1119846,"男性",35,"公務員","当社","外国車","ない","タイプB",6,5
1121521,"男性",30,"公務員","当社","外国車","ない","タイプD",12,3
1123257,"女性",,"会社員","当社","外国車","ない","タイプD",4,
1125933,"男性",30,"公務員","当社","外国車","ない","タイプD",12,3
1132734,"男性",25,"公務員","当社","外国車","ない","タイプA",14,4
1138765,"男性",24,"公務員","当社","外国車","ない","タイプD",4,3
1155114,"女性",33,"会社員","当社","外国車","ある","タイプD",3,10
1174195,"男性",32,"公務員","当社","外国車","ない","タイプD",4,5
1178072,"男性",38,"公務員","当社","外国車","ない","タイプD",6,13
1181692,"男性",33,"公務員","当社","外国車","ある","タイプD",2,4
1185858,"男性",36,"公務員","当社","外国車","ない","タイプB",13,5
1187754,"男性",29,"公務員","当社","外国車","ない","タイプD",4,4
1188874,"男性",32,"公務員","当社","外国車","ある","タイプD",4,5
1200925,"女性",,"会社員","当社","外国車","ない","タイプD",10,
1206503,"男性",32,"公務員","当社","外国車","ある","タイプD",4,5
1207222,"男性",33,"公務員","当社","外国車","ある","タイプD",9,4
1213036,"男性",22,"自営業","他社","外国車","ない","タイプA",1,2
1218077,"男性",36,"公務員","当社","外国車","ない","タイプB",4,8
1230223,"男性",24,"公務員","当社","外国車","ない","タイプD",8,4
1240720,"男性",26,"自営業","他社","外国車","ある","タイプD",7,4
1273557,"男性",19,"自営業","他社",,,"タイプD",14,0
1278770,"男性",20,"自営業","他社",,,"タイプD",6,0
1289025,"女性",27,"会社員","当社","外国車","ある","タイプD",6,4
1306446,"男性",25,"公務員","当社","外国車","ない","タイプD",2,4
1309739,"男性",43,"公務員","当社","外国車","ない","タイプD",12,9
1327962,"男性",36,"公務員","当社","外国車","ない","タイプD",3,4
1331642,"女性",29,"会社員","当社","外国車","ない","タイプA",1,2
1334719,"男性",24,"公務員","当社","外国車","ある","タイプD",5,2
1353272,"男性",54,"公務員","当社","外国車","ない","タイプB",11,10
1371227,"男性",29,"公務員","当社","外国車","ない","タイプD",4,4
1371489,"男性",33,"公務員","当社","外国車","ある","タイプD",2,4
1377745,"男性",45,"公務員","当社","外国車","ある","タイプB",0,13
1379391,"男性",55,"公務員","当社","外国車","ない","タイプC",1,7
1392901,"女性",23,"会社員","当社","外国車","ない","タイプA",7,4
1397011,"女性",,"会社員","当社","外国車","ない","タイプD",2,
1408167,"男性",39,"公務員","当社","外国車","ない","タイプB",6,4
1410544,"女性",,"会社員","当社","外国車","ない","タイプD",18,
1414986,"男性",18,"自営業","他社","外国車","ない","タイプB",6,2
1418774,"男性",65,"公務員","当社","外国車","ない","タイプC",1,11
1424429,"男性",44,"自営業","他社","外国車","ない","タイプB",2,7
1435376,"男性",24,"公務員","当社","国産車","ある","タイプD",1,1
1441303,"男性",40,"公務員","当社","外国車","ない","タイプB",1,5
1441657,"男性",32,"公務員","当社","外国車","ある","タイプD",4,6
1447551,"男性",34,"公務員","当社","外国車","ない","タイプD",13,7
1448661,"男性",22,"公務員","当社","外国車","ある","タイプD",9,3
1455544,"男性",47,"公務員","当社","外国車","ない","タイプD",12,9
1459542,"男性",42,"公務員","当社","外国車","ある","タイプD",5,5
1460141,"男性",30,"公務員","当社","国産車","ない","タイプD",0,3
1463256,"男性",27,"公務員","当社","外国車","ある","タイプD",3,7
1474113,"男性",38,"公務員","当社","外国車","ない","タイプD",6,13
1475451,"男性",24,"自営業","他社","外国車","ない","タイプA",7,1
1476542,"男性",23,"公務員","当社","外国車","ない","タイプB",4,4
1478755,"女性",47,"会社員","当社","外国車","ある","タイプD",3,8
1481382,"男性",25,"公務員","当社","外国車","ない","タイプD",2,4
1483639,"男性",34,"公務員","当社","国産車","ある","タイプD",4,7
1483667,"男性",55,"公務員","当社","外国車","ない","タイプC",1,7
1486406,"男性",25,"公務員","当社","外国車","ない","タイプD",4,5
1500871,"男性",30,"公務員","当社","国産車","ない","タイプD",4,6
1511910,"男性",25,"自営業","他社","外国車","ない","タイプA",16,5
1523389,"女性",35,"会社員","当社","外国車","ある","タイプD",4,4
1539476,"女性",,"会社員","当社","外国車","ない","タイプD",7,
1541506,"女性",23,"会社員","当社","外国車","ない","タイプA",7,3
1541556,"男性",31,"公務員","当社","外国車","ない","タイプD",1,9
1558637,"女性",29,"会社員","当社","外国車","ある","タイプD",6,4
1562106,"男性",45,"公務員","当社","外国車","ない","タイプB",2,6
1563701,"男性",28,"公務員","当社","外国車","ない","タイプA",12,5
1564569,"女性",,"会社員","当社","外国車","ない","タイプD",6,
1568812,"男性",45,"公務員","当社","外国車","ない","タイプB",1,7
1569183,"男性",63,"公務員","当社","外国車","ある","タイプB",10,17
1573606,"男性",23,"公務員","当社","外国車","ある","タイプD",5,5
1574027,"男性",21,"自営業","他社","外国車","ない","タイプA",12,0
1576778,"男性",36,"公務員","当社","外国車","ない","タイプD",6,14
1581840,"男性",25,"公務員","当社","外国車","ない","タイプD",3,4
1581977,"女性",28,"会社員","当社","外国車","ない","タイプA",6,4
1583662,"男性",36,"公務員","当社","外国車","ある","タイプD",11,8
1586448,"男性",27,"公務員","当社","外国車","ある","タイプD",2,4
1593922,"男性",20,"自営業","他社",,,"タイプD",5,0
1601599,"男性",29,"自営業","他社",,,"タイプD",18,5
1603161,"男性",23,"公務員","当社","外国車","ある","タイプD",5,5
1622792,"男性",24,"公務員","当社","国産車","ない","タイプA",14,2
1624180,"男性",27,"自営業","他社","外国車","ない","タイプA",3,6
1630311,"男性",31,"公務員","当社","外国車","ある","タイプD",10,6
1647992,"男性",53,"公務員","当社","外国車","ない","タイプD",13,9
1652674,"男性",25,"公務員","当社","外国車","ない","タイプD",4,5
1658324,"男性",29,"公務員","当社","外国車","ない","タイプD",4,4
1662255,"男性",22,"自営業","他社","外国車","ある","タイプA",9,0
1672614,"男性",37,"公務員","当社","外国車","ない","タイプB",10,11
1673538,"男性",24,"公務員","当社","国産車","ない","タイプA",14,2
1675593,"男性",40,"自営業","他社",,,"タイプD",13,16
1681829,"男性",45,"公務員","当社","外国車","ない","タイプB",4,7
1688508,"男性",50,"公務員","当社","外国車","ない","タイプD",7,11
1691271,"男性",19,"自営業","他社","国産車","ない","タイプA",4,0
1698104,"男性",21,"自営業","他社",,,"タイプD",10,0
1699156,"女性",23,"会社員","当社","外国車","ない","タイプA",7,4
1711057,"男性",25,"自営業","他社",,,"タイプD",4,3
1712764,"男性",32,"公務員","当社","外国車","ない","タイプD",4,5
1722325,"男性",34,"公務員","当社","国産車","ない","タイプD",7,9
1725232,"女性",,"会社員","当社","外国車","ない","タイプD",7,
1725508,"男性",18,"公務員","当社","外国車","ある","タイプD",1,0
1742225,"男性",23,"公務員","当社","外国車","ない","タイプD",11,3
1745005,"男性",36,"公務員","当社","外国車","ない","タイプD",11,4
1758951,"男性",54,"公務員","当社","外国車","ない","タイプB",11,10
1765634,"男性",36,"公務員","当社","外国車","ない","タイプD",3,4
1784152,"男性",28,"自営業","他社",,,"タイプD",5,6
1795006,"男性",20,"自営業","他社",,,"タイプD",3,1
1806699,"男性",46,"公務員","当社","外国車","ない","タイプD",4,4
1812574,"男性",55,"公務員","当社","外国車","ない","タイプB",4,9
1812636,"男性",30,"公務員","当社","外国車","ある","タイプD",26,10
1813106,"男性",36,"公務員","当社","外国車","ない","タイプB",8,3
1815278,"男性",21,"自営業","他社",,,"タイプD",10,0
1823079,"女性",51,"会社員","当社","外国車","ない","タイプB",7,8
1824672,"男性",30,"自営業","他社",,,"タイプD",6,7
1829229,"男性",55,"公務員","当社","外国車","ない","タイプB",4,9
1838097,"男性",34,"公務員","当社","外国車","ない","タイプD",13,7
1885725,"男性",26,"公務員","当社","国産車","ある","タイプD",6,2
1889492,"男性",26,"公務員","当社","国産車","ある","タイプD",6,2
1894459,"女性",35,"会社員","当社","外国車","ある","タイプD",4,4
1902589,"男性",23,"公務員","当社","外国車","ない","タイプA",9,0
1903229,"男性",37,"公務員","当社","外国車","ある","タイプB",22,7
1904135,"男性",33,"公務員","当社","国産車","ある","タイプD",7,8
1906563,"男性",33,"公務員","当社","外国車","ない","タイプD",3,11
1914326,"男性",25,"公務員","当社","外国車","ない","タイプD",3,4
1916174,"男性",18,"公務員","当社","外国車","ある","タイプD",1,0
1931072,"男性",28,"公務員","当社","外国車","ない","タイプD",3,6
1946018,"男性",28,"自営業","他社","国産車","ある","タイプD",10,4
1946041,"女性",29,"会社員","当社","外国車","ない","タイプA",1,2
1956699,"女性",,"会社員","当社","外国車","ない","タイプD",10,
1958892,"男性",35,"公務員","当社","外国車","ある","タイプB",6,10
1960534,"男性",47,"公務員","当社","外国車","ない","タイプD",12,9
1967409,"男性",32,"公務員","当社","外国車","ない","タイプD",4,5
1979672,"男性",27,"公務員","当社","外国車","ある","タイプB",8,4
1989543,"女性",,"会社員","当社","外国車","ない","タイプD",4,
1991616,"男性",37,"公務員","当社","外国車","ない","タイプB",5,4
2003127,"男性",34,"公務員","当社","外国車","ない","タイプD",4,11
2003217,"男性",42,"公務員","当社","外国車","ある","タイプD",5,5
2003880,"男性",27,"公務員","当社","外国車","ある","タイプB",8,4
2007560,"男性",41,"公務員","当社","外国車","ない","タイプB",3,7
2012710,"男性",26,"公務員","当社","外国車","ある","タイプB",7,0
2013478,"男性",22,"自営業","他社","外国車","ある","タイプD",4,2
2025040,"男性",29,"公務員","当社","外国車","ない","タイプD",12,3
2025604,"男性",43,"公務員","当社","外国車","ある","タイプD",3,6
2031383,"男性",45,"自営業","他社",,,"タイプD",5,7
2032567,"男性",20,"自営業","他社",,,"タイプD",3,1
2050757,"男性",58,"公務員","当社","外国車","ある","タイプC",7,9
2060303,"男性",24,"公務員","当社","外国車","ない","タイプA",14,0
2061517,"男性",46,"公務員","当社","外国車","ない","タイプB",1,16
2082871,"男性",31,"公務員","当社","外国車","ない","タイプD",18,6
2095791,"女性",,"会社員","当社","外国車","ない","タイプD",9,
2109428,"男性",28,"自営業","他社",,,"タイプD",5,6
2113637,"男性",50,"公務員","当社","国産車","ある","タイプD",8,9
2117115,"男性",35,"公務員","当社","外国車","ない","タイプD",2,3
2136970,"女性",38,"会社員","当社","外国車","ない","タイプA",4,5
2148998,"女性",34,"会社員","当社","外国車","ある","タイプD",1,5
2153318,"男性",22,"公務員","当社","外国車","ある","タイプD",9,3
2153723,"男性",35,"公務員","当社","外国車","ない","タイプD",3,3
2156070,"女性",27,"会社員","当社","外国車","ある","タイプD",6,4
2160164,"男性",26,"自営業","他社","外国車","ある","タイプD",7,4
2160611,"男性",50,"公務員","当社","外国車","ない","タイプB",5,6
2161398,"男性",28,"公務員","当社","外国車","ない","タイプD",2,5
2170711,"女性",,"会社員","当社","外国車","ない","タイプD",12,
2172328,"男性",30,"公務員","当社","外国車","ある","タイプD",2,8
2183185,"女性",38,"会社員","当社","外国車","ある","タイプB",7,6
2198428,"女性",,"会社員","当社","外国車","ない","タイプD",7,
2212263,"男性",42,"公務員","当社","外国車","ある","タイプD",7,4
2218898,"男性",39,"公務員","当社","外国車","ない","タイプD",17,5
2220905,"男性",35,"公務員","当社","国産車","ある","タイプD",2,6
2236943,"女性",37,"会社員","当社","外国車","ある","タイプD",3,6
2238480,"男性",55,"公務員","当社","外国車","ない","タイプB",15,6
2246263,"男性",31,"公務員","当社","外国車","ない","タイプD",8,6
2249596,"男性",33,"公務員","当社","外国車","ある","タイプD",2,4
2252569,"男性",39,"公務員","当社","外国車","ない","タイプD",17,5
2253000,"男性",20,"自営業","他社","外国車","ある","タイプD",13,1
2255475,"男性",29,"公務員","当社","外国車","ない","タイプD",10,7
2279936,"男性",33,"公務員","当社","外国車","ない","タイプD",7,4
2288515,"男性",44,"公務員","当社","外国車","ある","タイプB",3,6
2294690,"男性",27,"公務員","当社","外国車","ない","タイプD",2,0
2310030,"女性",18,"会社員","当社","外国車","ある","タイプD",11,0
2313186,"男性",36,"公務員","当社","外国車","ない","タイプB",13,5
2325821,"男性",45,"公務員","当社","外国車","ない","タイプB",1,7
2326884,"男性",23,"公務員","当社","外国車","ない","タイプD",6,3
2330466,"男性",27,"公務員","当社","外国車","ない","タイプD",8,4
2347959,"男性",55,"公務員","当社","外国車","ない","タイプB",4,7
2351744,"男性",22,"自営業","他社",,,"タイプD",5,3
2375211,"男性",27,"公務員","当社","外国車","ある","タイプD",3,3
2376546,"男性",37,"公務員","当社","外国車","ある","タイプB",3,8
2379799,"男性",28,"公務員","当社","外国車","ない","タイプD",2,5
2388231,"男性",46,"公務員","当社","外国車","ない","タイプB",1,16
2391858,"男性",30,"公務員","当社","外国車","ある","タイプD",2,8
2391872,"男性",30,"公務員","当社","外国車","ある","タイプD",26,10
2392952,"男性",21,"自営業","他社",,,"タイプD",1,0
2412494,"男性",20,"自営業","他社","外国車","ある","タイプA",3,2
2420982,"男性",29,"公務員","当社","外国車","ない","タイプA",9,6
2422355,"男性",44,"公務員","当社","外国車","ない","タイプB",5,5
2433325,"男性",44,"公務員","当社","外国車","ない","タイプB",5,6
2444593,"男性",55,"公務員","当社","外国車","ない","タイプB",4,7
2466890,"男性",41,"公務員","当社","外国車","ある","タイプC",10,10
2468004,"男性",25,"自営業","他社","外国車","ない","タイプA",16,5
2472884,"男性",58,"公務員","当社","外国車","ある","タイプC",7,9
2475826,"男性",25,"公務員","当社","外国車","ない","タイプD",3,4
2478841,"男性",42,"公務員","当社","外国車","ない","タイプD",1,12
2479377,"男性",29,"公務員","当社","外国車","ない","タイプD",4,4
2480110,"女性",28,"会社員","当社","外国車","ない","タイプB",11,4
2501578,"男性",35,"公務員","当社","外国車","ない","タイプD",12,8
2510872,"男性",22,"自営業","他社","外国車","ある","タイプA",9,0
2528682,"男性",42,"公務員","当社","外国車","ある","タイプD",5,5
2536946,"男性",30,"公務員","当社","国産車","ない","タイプD",0,3
2575691,"女性",25,"会社員","当社","外国車","ある","タイプD",3,1
2581715,"男性",23,"公務員","当社","外国車","ない","タイプD",6,3
2587225,"男性",44,"公務員","当社","外国車","ない","タイプB",0,13
2593109,"男性",22,"自営業","他社","外国車","ない","タイプA",1,2
2593388,"女性",47,"会社員","当社","外国車","ある","タイプD",3,8
2607432,"女性",25,"会社員","当社","外国車","ある","タイプD",3,1
2609319,"男性",19,"自営業","他社","国産車","ない","タイプA",7,0
2611993,"男性",48,"公務員","当社","外国車","ない","タイプC",5,12
2611998,"男性",23,"公務員","当社","外国車","ない","タイプD",3,2
2620982,"男性",44,"公務員","当社","外国車","ない","タイプB",4,8
2637009,"男性",26,"公務員","当社","外国車","ない","タイプD",10,7
2638085,"男性",20,"自営業","他社",,,"タイプD",24,0
2641075,"女性",,"会社員","当社","外国車","ない","タイプD",5,
2655686,"男性",29,"自営業","他社",,,"タイプD",12,3
2662338,"男性",33,"公務員","当社","外国車","ない","タイプD",7,4
2664193,"男性",38,"自営業","他社","外国車","ない","タイプB",5,6
2666526,"男性",53,"公務員","当社","外国車","ない","タイプD",13,9
2673334,"男性",18,"公務員","当社","外国車","ない","タイプA",11,2
2681521,"男性",36,"公務員","当社","外国車","ない","タイプB",8,3
2682508,"男性",50,"公務員","当社","外国車","ない","タイプD",8,9
2692483,"男性",29,"自営業","他社",,,"タイプD",18,5
2696635,"男性",21,"自営業","他社","外国車","ない","タイプB",1,0
2698894,"女性",33,"会社員","当社","外国車","ある","タイプD",3,10
2707094,"女性",,"会社員","当社","外国車","ない","タイプD",9,
2735033,"男性",33,"公務員","当社","外国車","ない","タイプD",8,7
2740597,"男性",38,"自営業","他社","外国車","ない","タイプB",5,6
2754861,"男性",22,"自営業","他社","外国車","ない","タイプA",3,0
2757679,"男性",22,"自営業","他社","外国車","ない","タイプA",3,0
2767876,"女性",18,"会社員","当社","外国車","ない","タイプA",1,0
2781036,"男性",23,"公務員","当社","外国車","ない","タイプD",0,3
2787503,"男性",30,"公務員","当社","外国車","ない","タイプD",9,2
2789338,"男性",28,"自営業","他社","外国車","ある","タイプA",3,2
2795361,"男性",35,"公務員","当社","外国車","ない","タイプB",2,8
2803182,"男性",37,"公務員","当社","外国車","ある","タイプB",22,7
2804646,"男性",28,"自営業","他社",,,"タイプD",5,6
2806547,"男性",35,"公務員","当社","国産車","ある","タイプD",2,6
2820304,"男性",44,"公務員","当社","外国車","ない","タイプB",5,6
2830234,"男性",22,"自営業","他社","外国車","ない","タイプA",3,0
2830246,"男性",35,"公務員","当社","外国車","ある","タイプD",11,9
2834305,"男性",20,"自営業","他社",,,"タイプD",2,0
2844745,"男性",41,"公務員","当社","外国車","ない","タイプD",4,5
2857788,"男性",44,"公務員","当社","外国車","ない","タイプB",5,5
2858749,"男性",84,"公務員","当社","外国車","ない","タイプB",2,9
2873282,"男性",33,"公務員","当社","外国車","ある","タイプD",9,4
2873824,"男性",29,"自営業","他社",,,"タイプD",18,5
2903419,"男性",20,"自営業","他社","外国車","ある","タイプA",8,2
2903897,"男性",24,"公務員","当社","外国車","ない","タイプD",1,4
2918263,"男性",50,"公務員","当社","外国車","ない","タイプB",5,6
2918863,"男性",47,"公務員","当社","外国車","ない","タイプB",6,8
2928450,"男性",50,"公務員","当社","外国車","ない","タイプD",5,9
2935743,"男性",40,"公務員","当社","外国車","ない","タイプB",10,7
2939087,"男性",36,"公務員","当社","外国車","ある","タイプD",11,8
2942285,"男性",20,"自営業","他社",,,"タイプD",4,0
2948702,"男性",21,"自営業","他社",,,"タイプD",1,0
2948889,"男性",29,"公務員","当社","外国車","ない","タイプA",9,6
2949381,"男性",53,"公務員","当社","外国車","ない","タイプD",13,9
2955152,"男性",33,"公務員","当社","外国車","ある","タイプD",2,4
2965581,"男性",23,"公務員","当社","外国車","ない","タイプD",3,2
2971903,"男性",34,"公務員","当社","国産車","ある","タイプD",4,7
2975059,"男性",24,"公務員","当社","外国車","ある","タイプD",5,2
2986705,"男性",32,"公務員","当社","国産車","ない","タイプD",6,12
2989807,"男性",29,"公務員","当社","外国車","ない","タイプD",4,4
2989980,"男性",25,"公務員","当社","国産車","ない","タイプD",4,5
2996681,"男性",22,"自営業","他社","外国車","ある","タイプD",4,2
2999195,"男性",44,"公務員","当社","外国車","ない","タイプB",12,16
3013503,"男性",38,"公務員","当社","国産車","ない","タイプD",2,5
3015510,"男性",44,"公務員","当社","外国車","ある","タイプB",3,7
3019045,"女性",38,"会社員","当社","外国車","ある","タイプB",7,6
3022615,"男性",33,"公務員","当社","外国車","ない","タイプD",3,11
3024499,"男性",35,"公務員","当社","外国車","ある","タイプD",10,10
3026865,"男性",23,"公務員","当社","外国車","ない","タイプD",10,0
3030185,"男性",30,"公務員","当社","外国車","ある","タイプD",26,10
3064483,"男性",46,"自営業","他社","外国車","ある","タイプD",5,6
3065195,"男性",25,"公務員","当社","外国車","ない","タイプD",3,4
3071991,"女性",,"会社員","当社","外国車","ない","タイプD",0,
3073815,"男性",41,"公務員","当社","外国車","ない","タイプD",7,5
3085779,"女性",47,"会社員","当社","外国車","ある","タイプD",3,8
3100094,"男性",44,"公務員","当社","外国車","ある","タイプB",3,7
3100118,"男性",24,"自営業","他社","外国車","ない","タイプA",3,0
3101347,"男性",20,"公務員","当社","外国車","ある","タイプD",7,0
3107708,"男性",36,"公務員","当社","外国車","ある","タイプD",7,4
3110348,"男性",43,"公務員","当社","外国車","ない","タイプD",12,9
3120685,"男性",20,"公務員","当社","外国車","ある","タイプD",7,0
3129747,"男性",22,"自営業","他社","外国車","ない","タイプA",3,0
3133201,"男性",21,"自営業","他社","外国車","ない","タイプA",12,0
3133819,"男性",40,"公務員","当社","外国車","ない","タイプA",2,11
3135968,"男性",20,"自営業","他社","外国車","ある","タイプD",3,2
3140004,"男性",30,"公務員","当社","国産車","ない","タイプA",10,5
3142496,"女性",,"会社員","当社","外国車","ない","タイプD",1,
3143870,"男性",26,"公務員","当社","外国車","ない","タイプD",2,0
3150303,"男性",24,"公務員","当社","外国車","ない","タイプD",4,3
3160156,"男性",63,"公務員","当社","外国車","ない","タイプD",4,14
3168831,"男性",28,"公務員","当社","外国車","ない","タイプA",12,5
3169304,"男性",35,"公務員","当社","外国車","ない","タイプD",3,3
3171019,"女性",,"会社員","当社","外国車","ない","タイプD",5,
3178245,"男性",20,"自営業","他社","外国車","ない","タイプC",19,0
3178864,"男性",50,"公務員","当社","外国車","ない","タイプD",5,9
3179891,"男性",20,"自営業","他社",,,"タイプD",24,0
3185405,"男性",35,"公務員","当社","外国車","ある","タイプD",10,10
3187904,"女性",34,"会社員","当社","外国車","ある","タイプD",1,5
3188249,"男性",26,"自営業","他社",,,"タイプD",2,6
3196271,"男性",31,"公務員","当社","外国車","ない","タイプD",1,7
3199482,"男性",21,"自営業","他社","外国車","ある","タイプD",4,0
3207261,"男性",32,"公務員","当社","外国車","ない","タイプD",6,8
3213762,"男性",37,"公務員","当社","外国車","ない","タイプB",10,11
3229393,"男性",21,"自営業","他社",,,"タイプD",6,3
3232651,"男性",25,"自営業","他社","外国車","ない","タイプA",16,5
3243371,"男性",34,"公務員","当社","国産車","ある","タイプD",4,7
3259151,"男性",29,"公務員","当社","外国車","ない","タイプA",9,6
3261933,"男性",48,"公務員","当社","外国車","ない","タイプC",5,12
3287861,"男性",50,"公務員","当社","外国車","ない","タイプD",8,9
3296743,"男性",63,"公務員","当社","外国車","ない","タイプD",4,14
3303637,"男性",33,"公務員","当社","外国車","ない","タイプD",4,4
3310676,"男性",42,"自営業","他社","外国車","ある","タイプD",8,4
3311721,"男性",23,"公務員","当社","外国車","ない","タイプD",3,2
3316603,"男性",20,"自営業","他社","外国車","ない","タイプC",19,0
3316845,"男性",45,"公務員","当社","外国車","ない","タイプB",6,5
3320118,"女性",29,"会社員","当社","外国車","ない","タイプA",1,2
3337683,"男性",34,"公務員","当社","外国車","ない","タイプD",4,11
3340407,"男性",29,"公務員","当社","外国車","ない","タイプB",6,11
3350255,"男性",25,"自営業","他社","外国車","ない","タイプA",16,5
3350534,"男性",20,"自営業","他社","外国車","ない","タイプA",4,0
3355796,"女性",19,"会社員","当社","外国車","ある","タイプD",12,0
3369245,"男性",31,"公務員","当社","外国車","ある","タイプD",10,6
3371629,"男性",22,"自営業","他社","外国車","ない","タイプA",3,0
3380430,"男性",42,"公務員","当社","国産車","ない","タイプD",1,5
3383828,"男性",32,"公務員","当社","外国車","ない","タイプB",9,6
3391778,"男性",38,"自営業","他社","外国車","ない","タイプB",5,6
3410600,"男性",35,"公務員","当社","外国車","ある","タイプD",10,10
3410661,"男性",42,"公務員","当社","外国車","ない","タイプD",1,12
3422069,"女性",,"会社員","当社","外国車","ない","タイプD",10,
3422719,"男性",50,"公務員","当社","外国車","ない","タイプD",8,9
3431580,"男性",32,"公務員","当社","国産車","ない","タイプD",6,12
3438130,"男性",32,"公務員","当社","外国車","ある","タイプD",7,5
3448877,"男性",43,"自営業","他社","国産車","ある","タイプD",4,10
3455416,"男性",36,"公務員","当社","外国車","ない","タイプB",12,11
3458812,"男性",28,"公務員","当社","外国車","ない","タイプD",3,6
3462279,"男性",34,"公務員","当社","外国車","ない","タイプD",14,9
3468278,"男性",45,"自営業","他社",,,"タイプD",5,7
3470407,"男性",31,"公務員","当社","外国車","ない","タイプD",4,7
3482706,"男性",51,"公務員","当社","外国車","ない","タイプD",14,13
3483567,"女性",37,"会社員","当社","外国車","ある","タイプD",3,6
3485047,"男性",19,"自営業","他社","国産車","ない","タイプA",4,0
3487929,"男性",36,"公務員","当社","外国車","ない","タイプB",12,11
3488780,"女性",38,"会社員","当社","外国車","ない","タイプA",4,5
3489163,"男性",22,"自営業","他社","外国車","ある","タイプA",7,3
3491815,"男性",25,"公務員","当社","外国車","ない","タイプA",14,4
3492947,"男性",27,"公務員","当社","外国車","ある","タイプD",4,3
3541601,"男性",28,"自営業","他社","国産車","ある","タイプD",10,4
3543640,"女性",32,"会社員","当社","外国車","ない","タイプA",11,13
3546606,"男性",50,"公務員","当社","外国車","ない","タイプD",5,9
3548985,"男性",45,"公務員","当社","外国車","ない","タイプD",9,12
3553737,"男性",50,"公務員","当社","外国車","ない","タイプD",7,11
3566239,"男性",32,"公務員","当社","外国車","ない","タイプD",6,8
3566617,"女性",29,"会社員","当社","外国車","ある","タイプD",6,4
3572326,"男性",28,"公務員","当社","外国車","ある","タイプD",5,5
3576142,"男性",28,"公務員","当社","外国車","ある","タイプD",3,9
3583367,"男性",28,"公務員","当社","外国車","ない","タイプA",2,3
3587845,"男性",45,"公務員","当社","外国車","ない","タイプB",6,5
3588605,"男性",35,"公務員","当社","外国車","ない","タイプD",3,4
3589316,"男性",31,"公務員","当社","外国車","ない","タイプD",18,6
3593184,"女性",38,"会社員","当社","外国車","ない","タイプA",4,5
3595907,"男性",39,"公務員","当社","外国車","ない","タイプB",6,4
3596827,"女性",,"会社員","当社","外国車","ない","タイプD",24,
3597492,"男性",20,"自営業","他社","外国車","ある","タイプA",3,2
3601116,"男性",35,"公務員","当社","外国車","ある","タイプD",11,9
3601998,"男性",29,"公務員","当社","外国車","ない","タイプD",4,4
3603231,"男性",24,"公務員","当社","国産車","ある","タイプD",1,1
3609410,"男性",19,"自営業","他社",,,"タイプD",5,1
3611197,"女性",,"会社員","当社","外国車","ない","タイプD",9,
3618940,"男性",25,"公務員","当社","外国車","ある","タイプD",2,7
3631586,"男性",23,"公務員","当社","外国車","ない","タイプD",0,3
3634047,"男性",27,"自営業","他社","外国車","ない","タイプA",6,3
3635506,"男性",50,"公務員","当社","国産車","ある","タイプD",8,9
3637979,"女性",,"会社員","当社","外国車","ない","タイプD",7,
3639930,"男性",31,"公務員","当社","外国車","ない","タイプD",1,7
3643436,"男性",20,"自営業","他社","外国車","ある","タイプA",8,2
3643812,"男性",25,"公務員","当社","国産車","ない","タイプD",4,5
3644208,"女性",19,"会社員","当社","外国車","ない","タイプA",12,0
3644687,"男性",21,"自営業","他社","外国車","ある","タイプB",8,2
3645172,"男性",21,"自営業","他社","外国車","ない","タイプA",12,0
3648827,"男性",50,"公務員","当社","外国車","ない","タイプB",5,6
3658780,"男性",24,"公務員","当社","外国車","ない","タイプD",4,3
3676726,"男性",41,"公務員","当社","外国車","ない","タイプB",3,7
3694744,"男性",34,"公務員","当社","外国車","ない","タイプD",14,9
3700983,"男性",18,"自営業","他社","外国車","ない","タイプA",12,2
3713600,"男性",32,"公務員","当社","外国車","ある","タイプD",7,5
3718171,"男性",43,"公務員","当社","外国車","ある","タイプD",3,6
3722569,"男性",36,"公務員","当社","外国車","ない","タイプD",6,14
3747768,"男性",55,"公務員","当社","外国車","ない","タイプB",0,8
3750709,"男性",35,"公務員","当社","外国車","ある","タイプB",10,7
3758548,"男性",45,"自営業","他社",,,"タイプD",5,7
3776226,"男性",28,"公務員","当社","外国車","ない","タイプA",7,3
3779452,"男性",27,"公務員","当社","外国車","ない","タイプD",9,6
3785301,"女性",24,"会社員","当社","外国車","ある","タイプA",7,6
3787479,"男性",53,"公務員","当社","外国車","ない","タイプD",13,9
3794611,"男性",68,"公務員","当社","外国車","ある","タイプB",10,11
3798158,"男性",65,"公務員","当社","外国車","ない","タイプC",1,11
3799718,"男性",32,"公務員","当社","外国車","ない","タイプD",6,8
3805190,"女性",29,"会社員","当社","外国車","ある","タイプD",6,4
3809895,"男性",41,"公務員","当社","外国車","ない","タイプB",3,7
3820732,"男性",27,"公務員","当社","外国車","ある","タイプD",3,3
3830065,"男性",23,"公務員","当社","国産車","ない","タイプD",10,4
3835863,"男性",29,"公務員","当社","外国車","ない","タイプA",9,6
3836772,"男性",50,"公務員","当社","外国車","ない","タイプB",6,10
3847521,"男性",68,"公務員","当社","外国車","ある","タイプB",10,11
3851468,"男性",24,"公務員","当社","外国車","ない","タイプA",14,0
3852546,"男性",34,"公務員","当社","外国車","ない","タイプD",14,9
3853079,"男性",48,"公務員","当社","外国車","ない","タイプC",5,12
3866959,"男性",44,"公務員","当社","外国車","ある","タイプB",3,7
3872221,"女性",18,"会社員","当社","外国車","ない","タイプA",5,2
3886581,"男性",27,"公務員","当社","国産車","ある","タイプD",5,3
3894333,"男性",29,"公務員","当社","外国車","ない","タイプD",4,9
3894823,"男性",22,"公務員","当社","外国車","ある","タイプD",12,0
3939409,"男性",35,"公務員","当社","外国車","ある","タイプD",11,9
3946574,"男性",39,"公務員","当社","外国車","ない","タイプD",7,9
3949017,"男性",24,"公務員","当社","外国車","ない","タイプD",2,3
3956964,"女性",,"会社員","当社","外国車","ない","タイプD",10,
3985457,"男性",37,"公務員","当社","外国車","ない","タイプB",10,11
3986565,"女性",51,"会社員","当社","外国車","ない","タイプB",7,8
3990737,"女性",,"会社員","当社","外国車","ない","タイプD",7,
4018022,"男性",59,"公務員","当社","外国車","ない","タイプB",3,14
4027406,"男性",36,"公務員","当社","外国車","ない","タイプB",8,3
4033838,"男性",44,"公務員","当社","外国車","ある","タイプB",3,6
4042060,"女性",23,"会社員","当社","外国車","ない","タイプA",7,3
4046070,"男性",45,"公務員","当社","外国車","ない","タイプB",1,7
4050327,"男性",25,"公務員","当社","国産車","ない","タイプD",4,5
4051817,"男性",25,"公務員","当社","国産車","ない","タイプD",11,7
4055869,"男性",21,"自営業","他社",,,"タイプD",5,1
4056212,"女性",,"会社員","当社","外国車","ない","タイプD",7,
4062383,"男性",46,"自営業","他社","外国車","ある","タイプD",5,6
4063095,"男性",31,"公務員","当社","外国車","ない","タイプD",10,1
4080909,"男性",27,"公務員","当社","国産車","ある","タイプD",5,3
4083316,"女性",44,"会社員","当社","外国車","ある","タイプB",3,9
4099231,"男性",27,"自営業","他社",,,"タイプD",9,9
4099390,"女性",44,"会社員","当社","外国車","ある","タイプB",3,9
4120246,"女性",,"会社員","当社","外国車","ない","タイプD",16,
4121872,"男性",26,"自営業","他社",,,"タイプD",7,5
4126904,"男性",43,"公務員","当社","外国車","ある","タイプD",3,6
4133383,"男性",36,"自営業","他社",,,"タイプD",6,7
4148768,"女性",,"会社員","当社","外国車","ない","タイプD",6,
4150899,"男性",36,"公務員","当社","外国車","ない","タイプD",11,4
4176131,"男性",53,"公務員","当社","外国車","ある","タイプB",2,10
4176826,"男性",44,"公務員","当社","外国車","ない","タイプB",0,13
4178646,"男性",27,"公務員","当社","外国車","ある","タイプB",8,4
4182366,"男性",28,"公務員","当社","外国車","ない","タイプD",3,2
4188628,"男性",41,"公務員","当社","外国車","ない","タイプD",4,5
4195860,"男性",18,"自営業","他社",,,"タイプD",6,2
4196418,"男性",21,"自営業","他社","外国車","ない","タイプA",12,0
4200992,"男性",59,"公務員","当社","国産車","ない","タイプC",7,6
4202480,"男性",20,"自営業","他社",,,"タイプD",5,0
4230500,"男性",37,"公務員","当社","外国車","ない","タイプD",15,3
4232724,"男性",41,"公務員","当社","外国車","ない","タイプD",3,11
4235037,"男性",28,"公務員","当社","外国車","ある","タイプD",3,9
4236322,"男性",32,"公務員","当社","外国車","ある","タイプD",7,5
4237957,"男性",22,"自営業","他社",,,"タイプD",15,1
4241926,"男性",36,"公務員","当社","国産車","ない","タイプD",6,3
4260806,"男性",24,"公務員","当社","外国車","ない","タイプD",2,3
4273006,"男性",20,"自営業","他社",,,"タイプD",6,0
4283436,"男性",53,"公務員","当社","外国車","ある","タイプB",2,10
4287099,"男性",23,"公務員","当社","国産車","ない","タイプD",10,4
4291953,"男性",50,"公務員","当社","外国車","ない","タイプD",5,9
4300877,"男性",29,"公務員","当社","外国車","ない","タイプD",10,7
4302048,"男性",25,"自営業","他社","外国車","ある","タイプA",0,4
4311542,"男性",20,"自営業","他社","外国車","ない","タイプA",4,0
4314080,"男性",26,"公務員","当社","外国車","ない","タイプD",5,0
4333909,"女性",19,"会社員","当社","外国車","ある","タイプD",12,0
4339461,"男性",42,"公務員","当社","外国車","ある","タイプD",7,4
4348650,"男性",26,"公務員","当社","外国車","ある","タイプA",4,0
4357046,"男性",27,"公務員","当社","外国車","ある","タイプD",3,6
4370832,"男性",29,"公務員","当社","外国車","ない","タイプB",6,11
4373130,"男性",24,"公務員","当社","外国車","ない","タイプA",3,1
4379806,"男性",36,"公務員","当社","国産車","ある","タイプD",5,6
4390330,"女性",28,"会社員","当社","外国車","ない","タイプA",6,4
4390797,"男性",40,"自営業","他社",,,"タイプD",13,16
4399326,"男性",32,"公務員","当社","外国車","ある","タイプD",4,6
4408621,"男性",58,"公務員","当社","外国車","ある","タイプC",7,9
4420422,"男性",25,"公務員","当社","外国車","ない","タイプD",2,4
4425921,"女性",,"会社員","当社","外国車","ない","タイプD",10,
4443798,"男性",45,"公務員","当社","外国車","ある","タイプD",17,5
4445330,"男性",24,"自営業","他社","外国車","ない","タイプB",2,2
4448413,"男性",27,"自営業","他社","外国車","ない","タイプA",9,8
4453385,"男性",27,"公務員","当社","外国車","ない","タイプD",2,0
4454268,"男性",38,"公務員","当社","国産車","ない","タイプD",2,5
4464148,"男性",46,"公務員","当社","外国車","ない","タイプB",1,16
4478525,"男性",36,"自営業","他社",,,"タイプD",6,7
4480696,"女性",28,"会社員","当社","外国車","ない","タイプB",11,4
4480808,"男性",34,"公務員","当社","外国車","ない","タイプD",4,11
4483050,"男性",39,"公務員","当社","外国車","ない","タイプD",17,5
4490808,"男性",45,"公務員","当社","外国車","ない","タイプB",6,5
4499810,"男性",34,"公務員","当社","外国車","ない","タイプD",7,11
4508447,"女性",37,"会社員","当社","外国車","ある","タイプD",3,6
4533439,"男性",35,"公務員","当社","外国車","ない","タイプD",12,8
4552557,"男性",42,"公務員","当社","外国車","ある","タイプD",5,5
4553250,"男性",43,"自営業","他社","国産車","ある","タイプD",4,10
4561909,"女性",25,"会社員","当社","外国車","ある","タイプD",3,1
4565265,"男性",47,"公務員","当社","外国車","ない","タイプD",12,9
4566167,"男性",21,"自営業","他社",,,"タイプD",15,1
4570416,"男性",55,"公務員","当社","外国車","ない","タイプB",0,8
4571774,"女性",18,"会社員","当社","外国車","ない","タイプA",1,0
4580502,"男性",45,"公務員","当社","外国車","ある","タイプB",0,13
4589966,"男性",45,"公務員","当社","外国車","ある","タイプB",0,13
4595570,"男性",32,"公務員","当社","外国車","ある","タイプD",4,5
4610704,"女性",,"会社員","当社","外国車","ない","タイプD",7,
4610877,"男性",35,"公務員","当社","外国車","ない","タイプB",2,8
4622113,"男性",28,"公務員","当社","外国車","ある","タイプD",3,9
4625639,"男性",23,"公務員","当社","外国車","ない","タイプD",10,0
4630062,"男性",28,"公務員","当社","外国車","ない","タイプD",5,5
4630235,"男性",20,"自営業","他社","外国車","ある","タイプD",3,1
4630970,"男性",32,"公務員","当社","外国車","ある","タイプD",8,7
4637413,"男性",20,"自営業","他社","外国車","ない","タイプC",19,0
4643249,"男性",20,"自営業","他社",,,"タイプD",4,0
4648890,"男性",21,"自営業","他社",,,"タイプD",15,1
4651015,"男性",55,"公務員","当社","外国車","ない","タイプC",1,7
4664887,"男性",38,"自営業","他社","外国車","ない","タイプB",5,6
4696764,"男性",36,"公務員","当社","外国車","ない","タイプB",12,11
4697927,"男性",42,"公務員","当社","外国車","ない","タイプB",6,5
4701858,"男性",42,"公務員","当社","外国車","ある","タイプD",7,4
4704509,"男性",28,"公務員","当社","外国車","ない","タイプD",3,2
4713307,"女性",28,"会社員","当社","外国車","ない","タイプB",11,4
4714617,"男性",33,"公務員","当社","外国車","ない","タイプD",10,6
4717251,"男性",23,"公務員","当社","外国車","ない","タイプA",12,1
4718019,"男性",59,"公務員","当社","外国車","ない","タイプB",3,14
4719268,"女性",,"会社員","当社","外国車","ない","タイプD",7,
4721189,"男性",36,"公務員","当社","外国車","ない","タイプB",8,3
4723003,"男性",46,"公務員","当社","外国車","ない","タイプD",4,4
4729838,"女性",29,"会社員","当社","外国車","ある","タイプD",6,4
4736162,"男性",24,"公務員","当社","外国車","ある","タイプD",5,2
4738104,"男性",24,"公務員","当社","外国車","ない","タイプA",14,0
4747023,"男性",29,"公務員","当社","外国車","ない","タイプD",8,3
4747569,"女性",,"会社員","当社","外国車","ない","タイプD",12,
4752611,"女性",38,"会社員","当社","外国車","ある","タイプB",7,6
4759978,"男性",55,"公務員","当社","外国車","ない","タイプB",0,8
4777731,"男性",26,"公務員","当社","外国車","ある","タイプA",4,0
4788180,"男性",37,"公務員","当社","外国車","ない","タイプB",10,11
4788566,"男性",21,"自営業","他社","外国車","ない","タイプB",1,0
4792973,"男性",41,"公務員","当社","外国車","ある","タイプC",10,10
4805953,"男性",32,"公務員","当社","国産車","ない","タイプD",6,12
4806383,"男性",50,"公務員","当社","外国車","ない","タイプB",6,10
4808447,"男性",63,"公務員","当社","外国車","ある","タイプB",10,17
4810468,"男性",30,"公務員","当社","国産車","ない","タイプD",4,6
4810663,"女性",18,"会社員","当社","外国車","ある","タイプD",11,0
4813138,"女性",19,"会社員","当社","外国車","ない","タイプA",6,0
4813553,"男性",34,"公務員","当社","外国車","ない","タイプD",4,11
4826929,"男性",26,"公務員","当社","外国車","ない","タイプD",10,7
4832026,"男性",28,"公務員","当社","外国車","ある","タイプD",10,4
4839478,"男性",39,"公務員","当社","外国車","ない","タイプD",7,9
4842573,"男性",25,"公務員","当社","国産車","ない","タイプD",4,5
4842711,"男性",44,"公務員","当社","外国車","ない","タイプB",2,5
4843576,"男性",36,"公務員","当社","外国車","ない","タイプB",12,11
4843849,"男性",21,"自営業","他社","外国車","ない","タイプB",1,0
4850046,"男性",36,"公務員","当社","外国車","ある","タイプD",7,4
4850763,"男性",29,"公務員","当社","外国車","ない","タイプD",8,3
4854207,"男性",26,"公務員","当社","外国車","ない","タイプD",10,7
4865174,"男性",19,"自営業","他社","国産車","ない","タイプA",6,1
4876777,"女性",,"会社員","当社","外国車","ない","タイプD",5,
4877526,"男性",27,"公務員","当社","外国車","ない","タイプD",9,6
4878201,"男性",20,"自営業","他社","外国車","ある","タイプA",8,2
4878586,"女性",,"会社員","当社","外国車","ない","タイプD",0,
4884772,"女性",34,"会社員","当社","外国車","ある","タイプD",1,5
4902002,"男性",24,"公務員","当社","外国車","ない","タイプD",8,4
4909979,"男性",31,"公務員","当社","外国車","ない","タイプD",1,7
4922778,"男性",20,"自営業","他社",,,"タイプD",2,0
4928030,"男性",31,"公務員","当社","外国車","ある","タイプD",10,6
4928054,"男性",24,"公務員","当社","外国車","ない","タイプD",2,3
4944576,"男性",33,"公務員","当社","外国車","ない","タイプD",7,4
4956080,"男性",33,"公務員","当社","外国車","ない","タイプD",10,6
4968296,"男性",23,"公務員","当社","外国車","ない","タイプD",11,3
4970690,"男性",34,"公務員","当社","外国車","ある","タイプD",15,10
4976183,"男性",22,"公務員","当社","外国車","ある","タイプD",12,0
4982129,"女性",,"会社員","当社","外国車","ない","タイプD",2,
4984212,"男性",20,"自営業","他社","外国車","ある","タイプD",13,1
4984571,"男性",42,"自営業","他社","外国車","ある","タイプD",8,4
4988010,"男性",23,"公務員","当社","外国車","ない","タイプB",4,4
4989676,"女性",19,"会社員","当社","外国車","ある","タイプD",12,0
4991983,"男性",68,"公務員","当社","外国車","ある","タイプB",10,11
5000522,"男性",44,"公務員","当社","国産車","ない","タイプC",8,10
5001633,"男性",19,"自営業","他社","国産車","ない","タイプA",6,1
5003173,"男性",42,"公務員","当社","国産車","ない","タイプD",1,5
5004923,"男性",23,"公務員","当社","外国車","ない","タイプA",12,1
5010960,"男性",32,"公務員","当社","外国車","ない","タイプD",0,5
5020301,"男性",18,"公務員","当社","外国車","ない","タイプD",2,2
5022584,"男性",30,"公務員","当社","国産車","ない","タイプA",10,5
5034650,"男性",35,"公務員","当社","外国車","ない","タイプB",2,8
5035719,"女性",,"会社員","当社","外国車","ない","タイプD",10,
5047980,"男性",21,"自営業","他社","外国車","ない","タイプB",1,0
5063002,"女性",28,"会社員","当社","外国車","ない","タイプA",2,7
5079252,"男性",43,"公務員","当社","外国車","ある","タイプD",3,6
5087680,"女性",,"会社員","当社","外国車","ない","タイプD",5,
5091093,"男性",28,"公務員","当社","外国車","ある","タイプD",10,4
5100167,"男性",21,"自営業","他社",,,"タイプD",10,0
5104377,"男性",59,"公務員","当社","外国車","ない","タイプB",3,14
5110058,"男性",18,"自営業","他社","外国車","ない","タイプB",6,2
5113701,"女性",,"会社員","当社","外国車","ない","タイプD",5,
5119129,"男性",27,"公務員","当社","外国車","ある","タイプD",2,4
5121950,"女性",19,"会社員","当社","外国車","ない","タイプA",12,0
5122832,"女性",18,"会社員","当社","外国車","ある","タイプD",11,0
5124945,"男性",24,"公務員","当社","外国車","ない","タイプA",6,2
5127005,"男性",19,"自営業","他社","国産車","ない","タイプA",7,0
5132969,"男性",21,"自営業","他社","外国車","ある","タイプB",8,2
5133121,"女性",38,"会社員","当社","外国車","ない","タイプA",4,5
5157061,"男性",26,"公務員","当社","外国車","ある","タイプB",7,0
5159555,"男性",27,"公務員","当社","外国車","ある","タイプD",3,6
5163811,"男性",19,"自営業","他社","国産車","ない","タイプA",6,1
5172505,"男性",28,"自営業","他社","外国車","ある","タイプA",3,2
5173328,"男性",29,"公務員","当社","外国車","ない","タイプB",6,11
5177670,"男性",18,"自営業","他社","外国車","ない","タイプA",11,2
5186294,"男性",28,"公務員","当社","外国車","ない","タイプA",2,3
5188421,"女性",28,"会社員","当社","外国車","ない","タイプA",6,4
5192532,"男性",38,"公務員","当社","国産車","ない","タイプD",2,5
5206045,"女性",23,"会社員","当社","外国車","ない","タイプA",7,4
5223693,"男性",22,"公務員","当社","外国車","ある","タイプD",9,3
5224134,"女性",37,"会社員","当社","外国車","ある","タイプD",3,6
5225949,"男性",35,"公務員","当社","外国車","ある","タイプD",10,10
5227324,"男性",24,"自営業","他社","外国車","ない","タイプA",3,0
5232200,"男性",65,"公務員","当社","外国車","ない","タイプC",1,11
5248305,"男性",24,"公務員","当社","外国車","ない","タイプA",5,0
5249031,"女性",18,"会社員","当社","外国車","ない","タイプA",1,0
5250390,"男性",36,"公務員","当社","外国車","ない","タイプD",6,14
5251010,"男性",19,"自営業","他社",,,"タイプD",14,0
5253339,"男性",42,"公務員","当社","外国車","ない","タイプD",1,12
5267468,"男性",35,"公務員","当社","外国車","ない","タイプD",12,8
5287215,"女性",,"会社員","当社","外国車","ない","タイプD",4,
5298531,"男性",22,"自営業","他社",,,"タイプD",5,3
5315563,"男性",24,"公務員","当社","外国車","ない","タイプD",8,4
5315580,"男性",27,"公務員","当社","外国車","ない","タイプB",5,5
5326028,"男性",44,"公務員","当社","外国車","ある","タイプB",3,6
5327601,"男性",31,"公務員","当社","外国車","ある","タイプD",10,6
5331605,"男性",26,"公務員","当社","外国車","ある","タイプA",4,0
5335124,"男性",21,"自営業","他社","外国車","ない","タイプB",7,2
5335522,"女性",,"会社員","当社","外国車","ない","タイプD",6,
5344884,"女性",32,"会社員","当社","外国車","ない","タイプA",11,13
5346865,"男性",29,"公務員","当社","外国車","ない","タイプD",1,4
5353917,"男性",26,"自営業","他社","外国車","ある","タイプD",7,4
5360356,"男性",28,"公務員","当社","外国車","ない","タイプA",2,3
5371705,"男性",29,"公務員","当社","外国車","ない","タイプD",4,3
5373350,"男性",45,"公務員","当社","外国車","ない","タイプB",1,7
5377218,"男性",44,"自営業","他社","外国車","ない","タイプB",2,7
5415960,"男性",38,"自営業","他社","外国車","ない","タイプB",3,4
5416966,"男性",50,"公務員","当社","国産車","ある","タイプD",8,9
5421000,"男性",30,"自営業","他社",,,"タイプD",6,7
5428273,"男性",33,"公務員","当社","国産車","ない","タイプD",13,1
5441254,"男性",35,"公務員","当社","外国車","ない","タイプD",3,3
5444601,"男性",43,"公務員","当社","外国車","ない","タイプD",12,9
5444976,"男性",48,"公務員","当社","外国車","ない","タイプC",5,12
5445469,"女性",,"会社員","当社","外国車","ない","タイプD",10,
5449952,"女性",,"会社員","当社","外国車","ない","タイプD",24,
5451315,"男性",34,"公務員","当社","外国車","ない","タイプB",4,6
5466466,"男性",31,"公務員","当社","外国車","ない","タイプD",1,9
5467281,"女性",,"会社員","当社","外国車","ない","タイプD",7,
5485867,"男性",21,"自営業","他社","外国車","ある","タイプB",8,2
5491795,"男性",20,"自営業","他社","外国車","ある","タイプD",13,1
5505886,"男性",30,"公務員","当社","外国車","ある","タイプD",4,9
5511872,"男性",26,"自営業","他社",,,"タイプD",7,5
5514047,"男性",28,"公務員","当社","外国車","ない","タイプD",3,2
5516930,"男性",20,"自営業","他社",,,"タイプD",5,0
5525391,"男性",47,"公務員","当社","外国車","ない","タイプB",5,5
5525825,"男性",27,"公務員","当社","外国車","ない","タイプD",2,0
5530619,"男性",41,"公務員","当社","外国車","ない","タイプD",7,5
5539245,"男性",19,"自営業","他社",,,"タイプD",14,0
5540551,"男性",27,"公務員","当社","外国車","ある","タイプD",3,7
5540879,"男性",24,"公務員","当社","外国車","ない","タイプA",14,0
5541734,"男性",41,"公務員","当社","外国車","ない","タイプB",0,11
5555204,"女性",,"会社員","当社","外国車","ない","タイプD",12,
5556082,"男性",35,"公務員","当社","外国車","ない","タイプD",2,3
5565569,"男性",30,"公務員","当社","外国車","ある","タイプD",4,9
5570066,"男性",28,"公務員","当社","外国車","ない","タイプD",2,5
5578813,"男性",33,"公務員","当社","外国車","ない","タイプD",7,4
5583465,"男性",27,"公務員","当社","国産車","ある","タイプD",5,3
5591211,"男性",44,"公務員","当社","国産車","ない","タイプC",8,10
5593445,"男性",49,"公務員","当社","外国車","ない","タイプD",6,4
5594649,"男性",46,"公務員","当社","外国車","ない","タイプD",4,4
5595322,"男性",24,"公務員","当社","外国車","ない","タイプA",5,0
5598892,"男性",30,"公務員","当社","国産車","ない","タイプA",10,5
5602755,"男性",24,"公務員","当社","外国車","ない","タイプD",1,4
5605767,"男性",39,"公務員","当社","外国車","ない","タイプD",11,4
5607417,"男性",44,"公務員","当社","外国車","ない","タイプB",0,13
5607807,"男性",26,"公務員","当社","外国車","ない","タイプD",5,0
5609484,"男性",36,"公務員","当社","国産車","ある","タイプD",10,4
5615222,"男性",31,"公務員","当社","外国車","ない","タイプD",18,6
5616038,"男性",42,"公務員","当社","外国車","ない","タイプB",4,5
5617487,"男性",23,"公務員","当社","外国車","ない","タイプD",0,3
5619230,"男性",26,"自営業","他社",,,"タイプD",7,5
5630760,"男性",33,"公務員","当社","外国車","ある","タイプD",9,4
5635677,"女性",,"会社員","当社","外国車","ない","タイプD",3,
5638571,"男性",35,"公務員","当社","外国車","ある","タイプB",10,7
5648983,"男性",30,"公務員","当社","外国車","ある","タイプD",4,9
5658748,"男性",55,"公務員","当社","外国車","ない","タイプB",0,8
5663200,"男性",22,"自営業","他社",,,"タイプD",15,1
5682490,"男性",42,"公務員","当社","外国車","ある","タイプD",16,13
5683068,"男性",22,"自営業","他社","外国車","ない","タイプA",1,2
5686888,"男性",46,"公務員","当社","外国車","ない","タイプB",1,16
5694812,"男性",23,"公務員","当社","外国車","ない","タイプB",4,4
5695009,"男性",21,"自営業","他社","外国車","ない","タイプB",7,2
5696696,"男性",27,"公務員","当社","外国車","ある","タイプB",8,4
5699796,"男性",18,"公務員","当社","外国車","ない","タイプA",11,2
5703318,"男性",24,"自営業","他社","外国車","ない","タイプA",3,0
5710219,"男性",29,"自営業","他社",,,"タイプD",12,3
5714420,"男性",32,"公務員","当社","外国車","ある","タイプD",4,6
5733915,"男性",45,"公務員","当社","外国車","ある","タイプD",17,5
5734040,"女性",34,"会社員","当社","外国車","ある","タイプD",1,5
5734716,"女性",32,"会社員","当社","外国車","ない","タイプA",11,13
5735744,"男性",43,"公務員","当社","国産車","ない","タイプD",1,13
5742692,"男性",32,"公務員","当社","外国車","ない","タイプD",0,5
5749171,"女性",29,"会社員","当社","外国車","ない","タイプA",1,2
5763834,"女性",,"会社員","当社","外国車","ない","タイプD",4,
5765407,"男性",18,"公務員","当社","外国車","ない","タイプD",2,2
5773160,"男性",42,"公務員","当社","外国車","ない","タイプB",4,17
5777871,"女性",38,"会社員","当社","外国車","ある","タイプB",7,6
5788108,"男性",34,"公務員","当社","国産車","ない","タイプD",7,9
5793973,"女性",,"会社員","当社","外国車","ない","タイプD",5,
5799457,"女性",27,"会社員","当社","外国車","ある","タイプA",8,5
5803075,"男性",18,"自営業","他社","外国車","ない","タイプB",6,2
5806590,"男性",37,"公務員","当社","外国車","ある","タイプB",3,8
5807042,"男性",46,"自営業","他社","外国車","ある","タイプD",5,6
5807556,"男性",51,"公務員","当社","外国車","ない","タイプD",14,13
5827888,"男性",51,"公務員","当社","外国車","ない","タイプD",14,13
5832301,"男性",27,"自営業","他社","外国車","ない","タイプA",6,3
5840302,"女性",18,"会社員","当社","外国車","ある","タイプD",11,0
5843242,"男性",33,"公務員","当社","国産車","ある","タイプD",7,8
5849711,"男性",21,"自営業","他社","外国車","ある","タイプD",4,0
5851787,"男性",28,"公務員","当社","外国車","ない","タイプA",5,3
5854040,"男性",37,"公務員","当社","外国車","ある","タイプB",22,7
5856894,"男性",40,"自営業","他社",,,"タイプD",13,16
5870034,"女性",27,"会社員","当社","外国車","ある","タイプA",8,5
5878957,"女性",33,"会社員","当社","外国車","ある","タイプD",2,4
5883918,"女性",,"会社員","当社","外国車","ない","タイプD",18,
5896570,"男性",35,"公務員","当社","外国車","ない","タイプB",6,5
5897597,"女性",24,"会社員","当社","外国車","ある","タイプA",7,6
5905631,"男性",28,"自営業","他社","外国車","ある","タイプA",3,2
5909378,"女性",33,"会社員","当社","外国車","ある","タイプD",3,10
5910424,"男性",33,"公務員","当社","国産車","ある","タイプD",7,8
5923598,"男性",30,"公務員","当社","外国車","ある","タイプD",4,9
5927717,"男性",50,"公務員","当社","外国車","ない","タイプB",6,9
5934343,"男性",30,"自営業","他社",,,"タイプD",6,7
5937655,"女性",,"会社員","当社","外国車","ない","タイプD",1,
5955326,"男性",21,"自営業","他社",,,"タイプD",15,1
5955376,"男性",33,"公務員","当社","外国車","ない","タイプD",10,6
5957783,"男性",20,"自営業","他社","外国車","ある","タイプD",13,1
5966091,"男性",19,"自営業","他社","国産車","ない","タイプA",7,0
5968769,"女性",,"会社員","当社","外国車","ない","タイプD",16,
5968982,"男性",18,"自営業","他社","外国車","ない","タイプB",6,2
5969585,"男性",48,"公務員","当社","外国車","ない","タイプC",5,12
5970109,"男性",46,"公務員","当社","外国車","ない","タイプB",1,16
5970422,"男性",45,"公務員","当社","外国車","ない","タイプD",9,12
5987646,"男性",42,"公務員","当社","外国車","ある","タイプD",16,13
5992346,"男性",33,"公務員","当社","外国車","ない","タイプD",3,11
6004326,"男性",24,"自営業","他社","外国車","ない","タイプB",2,2
6017327,"男性",50,"公務員","当社","外国車","ない","タイプD",5,9
6021452,"男性",20,"公務員","当社","外国車","ある","タイプD",7,0
6029924,"男性",29,"自営業","他社",,,"タイプD",18,5
6042324,"男性",30,"公務員","当社","外国車","ある","タイプD",4,9
6051170,"男性",20,"自営業","他社",,,"タイプD",24,0
6054964,"男性",22,"自営業","他社","外国車","ある","タイプA",7,3
6062760,"男性",20,"自営業","他社",,,"タイプD",4,0
6063484,"男性",24,"公務員","当社","外国車","ない","タイプD",1,4
6073528,"男性",18,"公務員","当社","外国車","ある","タイプD",1,0
6076861,"男性",27,"公務員","当社","外国車","ある","タイプD",2,4
6077693,"男性",35,"公務員","当社","外国車","ある","タイプB",10,7
6081244,"男性",33,"公務員","当社","外国車","ある","タイプD",9,4
6082565,"女性",28,"会社員","当社","外国車","ない","タイプB",11,4
6089164,"女性",,"会社員","当社","外国車","ない","タイプD",24,
6095909,"男性",46,"公務員","当社","外国車","ない","タイプB",1,16
6097012,"男性",34,"公務員","当社","国産車","ある","タイプD",4,7
6106059,"男性",29,"公務員","当社","外国車","ない","タイプD",1,4
6114147,"男性",26,"公務員","当社","国産車","ある","タイプD",6,2
6128319,"男性",44,"公務員","当社","外国車","ある","タイプB",3,7
6131803,"男性",25,"公務員","当社","国産車","ない","タイプD",11,7
6133565,"男性",30,"公務員","当社","外国車","ない","タイプD",12,3
6136274,"男性",35,"公務員","当社","外国車","ない","タイプD",3,4
6141347,"女性",,"会社員","当社","外国車","ない","タイプD",4,
6142378,"男性",26,"自営業","他社",,,"タイプD",2,6
6145104,"男性",34,"公務員","当社","国産車","ない","タイプD",7,9
6150471,"男性",24,"公務員","当社","外国車","ない","タイプA",3,1
6155130,"男性",25,"自営業","他社",,,"タイプD",9,0
6156911,"男性",22,"自営業","他社","外国車","ない","タイプA",1,2
6163679,"男性",41,"公務員","当社","外国車","ない","タイプD",7,5
6167017,"男性",43,"公務員","当社","国産車","ない","タイプD",1,13
6199505,"男性",36,"公務員","当社","国産車","ある","タイプD",5,6
6214983,"男性",41,"公務員","当社","外国車","ない","タイプB",3,7
6220870,"女性",,"会社員","当社","外国車","ない","タイプD",16,
6229730,"男性",29,"公務員","当社","外国車","ない","タイプD",4,9
6230010,"男性",27,"自営業","他社","外国車","ない","タイプA",3,6
6230560,"男性",45,"公務員","当社","外国車","ない","タイプB",2,6
6236089,"男性",23,"公務員","当社","外国車","ない","タイプD",3,2
6240912,"男性",20,"自営業","他社",,,"タイプD",6,0
6241558,"男性",44,"公務員","当社","外国車","ない","タイプB",2,5
6245779,"男性",41,"公務員","当社","外国車","ある","タイプC",10,10
6262952,"女性",,"会社員","当社","外国車","ない","タイプD",5,
6270777,"男性",43,"公務員","当社","外国車","ある","タイプD",13,9
6278500,"男性",28,"公務員","当社","外国車","ある","タイプD",10,4
6284106,"男性",35,"公務員","当社","外国車","ない","タイプB",6,5
6290233,"男性",26,"公務員","当社","外国車","ない","タイプD",10,7
6290298,"男性",36,"公務員","当社","外国車","ない","タイプB",12,11
6294525,"男性",38,"公務員","当社","国産車","ない","タイプD",2,5
6300218,"男性",26,"自営業","他社",,,"タイプD",9,6
6306217,"男性",21,"自営業","他社","外国車","ない","タイプB",7,2
6308093,"男性",24,"公務員","当社","国産車","ない","タイプA",14,2
6311636,"女性",,"会社員","当社","外国車","ない","タイプD",18,
6316095,"男性",28,"自営業","他社","国産車","ある","タイプD",10,4
6320108,"男性",19,"自営業","他社","国産車","ない","タイプA",4,0
6333570,"男性",22,"自営業","他社","外国車","ある","タイプA",7,3
6340667,"男性",20,"自営業","他社",,,"タイプD",3,1
6352155,"男性",42,"公務員","当社","外国車","ない","タイプB",4,5
6353506,"男性",25,"自営業","他社",,,"タイプD",9,0
6354563,"男性",42,"公務員","当社","外国車","ある","タイプD",7,4
6356230,"男性",23,"公務員","当社","外国車","ある","タイプD",5,5
6358701,"男性",27,"公務員","当社","外国車","ない","タイプB",5,5
6364807,"男性",29,"公務員","当社","外国車","ない","タイプD",12,3
6365670,"男性",28,"自営業","他社","外国車","ある","タイプA",3,2
6385406,"男性",28,"公務員","当社","外国車","ない","タイプD",2,5
6388974,"男性",35,"公務員","当社","外国車","ない","タイプD",2,3
6395333,"男性",35,"公務員","当社","国産車","ある","タイプD",2,6
6399727,"男性",34,"公務員","当社","外国車","ない","タイプD",10,10
6413265,"男性",26,"公務員","当社","外国車","ない","タイプD",1,7
6418570,"男性",28,"公務員","当社","外国車","ない","タイプA",12,5
6432161,"男性",42,"公務員","当社","外国車","ない","タイプB",4,17
6439407,"男性",41,"公務員","当社","外国車","ない","タイプD",7,5
6445844,"男性",45,"公務員","当社","外国車","ない","タイプD",9,12
6448515,"男性",24,"公務員","当社","国産車","ない","タイプA",14,2
6450573,"男性",50,"公務員","当社","外国車","ない","タイプB",6,10
6470109,"男性",38,"自営業","他社","外国車","ない","タイプB",3,4
6475525,"女性",44,"会社員","当社","外国車","ある","タイプB",3,9
6485324,"女性",44,"会社員","当社","外国車","ある","タイプB",3,9
6500569,"男性",31,"公務員","当社","外国車","ない","タイプD",10,1
6503009,"男性",41,"公務員","当社","外国車","ない","タイプD",7,5
6523963,"女性",,"会社員","当社","外国車","ない","タイプD",16,
6529420,"男性",44,"公務員","当社","外国車","ない","タイプB",5,5
6541532,"男性",44,"公務員","当社","外国車","ある","タイプB",3,6
6555055,"女性",24,"会社員","当社","外国車","ある","タイプA",7,6
6561569,"男性",32,"公務員","当社","外国車","ない","タイプD",14,5
6570447,"男性",20,"自営業","他社","外国車","ない","タイプA",4,0
6575287,"男性",26,"公務員","当社","外国車","ない","タイプD",2,0
6577367,"男性",38,"公務員","当社","外国車","ない","タイプD",6,3
6587883,"男性",44,"公務員","当社","外国車","ない","タイプB",5,6
6597112,"男性",20,"自営業","他社","外国車","ある","タイプD",3,1
6597570,"男性",36,"公務員","当社","外国車","ない","タイプD",11,4
6603261,"男性",36,"公務員","当社","外国車","ある","タイプD",11,8
6611957,"男性",53,"公務員","当社","外国車","ない","タイプD",13,9
6613610,"男性",34,"公務員","当社","国産車","ない","タイプD",7,9
6615644,"男性",32,"公務員","当社","国産車","ない","タイプD",6,12
6616145,"女性",,"会社員","当社","外国車","ない","タイプD",4,
6627993,"女性",51,"会社員","当社","外国車","ない","タイプB",7,8
6630059,"男性",28,"自営業","他社","外国車","ある","タイプA",3,2
6630742,"女性",,"会社員","当社","外国車","ない","タイプD",4,
6637438,"男性",28,"公務員","当社","外国車","ない","タイプD",3,6
6647531,"男性",33,"公務員","当社","国産車","ない","タイプD",13,1
6655079,"男性",18,"自営業","他社","外国車","ない","タイプA",7,2
6655409,"男性",19,"自営業","他社",,,"タイプD",5,1
6655666,"男性",45,"公務員","当社","外国車","ない","タイプB",2,6
6675515,"男性",55,"公務員","当社","外国車","ない","タイプC",1,7
6680339,"男性",24,"公務員","当社","外国車","ある","タイプD",5,2
6702364,"男性",23,"公務員","当社","外国車","ない","タイプD",11,3
6707412,"男性",27,"自営業","他社","外国車","ない","タイプA",9,8
6730152,"男性",20,"自営業","他社",,,"タイプD",4,0
6732594,"男性",32,"公務員","当社","外国車","ない","タイプD",4,5
6742176,"男性",26,"公務員","当社","外国車","ない","タイプD",2,0
6747450,"男性",41,"公務員","当社","外国車","ない","タイプD",3,11
6752282,"男性",30,"公務員","当社","外国車","ある","タイプD",2,8
6770103,"男性",20,"自営業","他社","外国車","ない","タイプC",19,0
6774740,"男性",41,"公務員","当社","外国車","ない","タイプB",1,6
6781708,"男性",54,"公務員","当社","外国車","ない","タイプB",11,10
6786244,"女性",19,"会社員","当社","外国車","ない","タイプA",12,0
6804492,"女性",33,"会社員","当社","外国車","ある","タイプD",3,10
6805116,"男性",44,"自営業","他社","外国車","ない","タイプB",2,7
6807171,"男性",35,"公務員","当社","外国車","ある","タイプD",11,9
6808049,"男性",23,"公務員","当社","外国車","ない","タイプD",11,3
6812215,"男性",42,"公務員","当社","外国車","ない","タイプB",4,5
6819407,"女性",35,"会社員","当社","外国車","ある","タイプD",4,4
6819784,"男性",20,"公務員","当社","外国車","ある","タイプD",7,0
6825001,"男性",32,"公務員","当社","外国車","ある","タイプD",4,6
6825896,"男性",49,"公務員","当社","外国車","ない","タイプD",6,4
6828748,"女性",,"会社員","当社","外国車","ない","タイプD",1,
6836158,"男性",30,"公務員","当社","外国車","ない","タイプD",9,2
6841281,"女性",29,"会社員","当社","外国車","ない","タイプA",1,2
6846722,"男性",51,"公務員","当社","外国車","ある","タイプB",5,10
6848689,"男性",23,"公務員","当社","外国車","ない","タイプA",12,1
6849052,"女性",47,"会社員","当社","外国車","ある","タイプD",3,8
6869008,"男性",38,"公務員","当社","外国車","ない","タイプD",6,13
6870804,"男性",44,"公務員","当社","外国車","ない","タイプB",5,5
6889955,"男性",35,"公務員","当社","外国車","ある","タイプB",6,10
6892221,"男性",45,"公務員","当社","外国車","ある","タイプD",17,5
6895672,"男性",46,"自営業","他社","外国車","ある","タイプD",5,6
6905981,"男性",41,"公務員","当社","外国車","ない","タイプB",0,11
6907860,"男性",26,"公務員","当社","外国車","ない","タイプD",5,0
6918379,"男性",34,"公務員","当社","外国車","ない","タイプD",7,7
6922881,"男性",36,"公務員","当社","国産車","ある","タイプD",5,6
6926045,"男性",31,"公務員","当社","外国車","ない","タイプD",10,1
6945907,"女性",33,"会社員","当社","外国車","ある","タイプD",2,4
6951035,"男性",41,"公務員","当社","外国車","ない","タイプD",7,5
6963069,"女性",28,"会社員","当社","外国車","ない","タイプA",6,4
6968661,"男性",30,"公務員","当社","外国車","ある","タイプD",2,8
6968785,"男性",34,"公務員","当社","外国車","ない","タイプD",13,7
6973410,"男性",30,"公務員","当社","国産車","ない","タイプD",4,6
6979923,"男性",29,"公務員","当社","外国車","ない","タイプB",6,11
6994676,"男性",21,"自営業","他社","外国車","ある","タイプD",4,0
6995923,"女性",,"会社員","当社","外国車","ない","タイプD",24,
6996872,"女性",,"会社員","当社","外国車","ない","タイプD",3,
7012553,"女性",,"会社員","当社","外国車","ない","タイプD",3,
7018036,"男性",24,"公務員","当社","外国車","ない","タイプD",1,4
7024765,"男性",26,"公務員","当社","外国車","ない","タイプD",1,6
7031689,"男性",23,"公務員","当社","外国車","ない","タイプD",10,0
7035653,"男性",42,"公務員","当社","外国車","ない","タイプD",1,12
7044396,"男性",45,"公務員","当社","外国車","ある","タイプB",0,13
7050135,"男性",24,"公務員","当社","外国車","ない","タイプA",6,2
7050240,"男性",41,"公務員","当社","外国車","ない","タイプD",4,5
7073257,"男性",22,"公務員","当社","外国車","ある","タイプD",12,0
7076626,"女性",37,"会社員","当社","外国車","ある","タイプD",3,6
7080809,"男性",34,"公務員","当社","国産車","ある","タイプD",4,7
7083487,"男性",45,"公務員","当社","外国車","ある","タイプD",17,5
7086123,"男性",24,"公務員","当社","外国車","ない","タイプD",8,4
7095807,"男性",35,"公務員","当社","外国車","ある","タイプD",10,10
7103973,"男性",42,"自営業","他社","外国車","ある","タイプD",8,4
7110023,"男性",28,"自営業","他社",,,"タイプD",5,6
7143433,"男性",26,"公務員","当社","外国車","ない","タイプD",1,6
7143557,"男性",44,"公務員","当社","外国車","ある","タイプB",3,7
7144103,"男性",23,"公務員","当社","外国車","ない","タイプA",9,0
7148024,"男性",24,"公務員","当社","外国車","ない","タイプA",6,2
7155254,"男性",28,"公務員","当社","外国車","ない","タイプA",5,3
7158506,"男性",50,"公務員","当社","国産車","ある","タイプD",8,9
7159675,"男性",45,"公務員","当社","外国車","ない","タイプB",6,5
7161248,"男性",31,"公務員","当社","外国車","ない","タイプD",8,6
7171065,"男性",26,"公務員","当社","外国車","ない","タイプD",1,7
7178658,"男性",55,"公務員","当社","外国車","ない","タイプB",4,9
7187240,"男性",33,"公務員","当社","国産車","ない","タイプD",13,1
7194592,"女性",27,"会社員","当社","外国車","ある","タイプA",8,5
7200245,"男性",24,"公務員","当社","外国車","ない","タイプA",5,0
7204087,"女性",,"会社員","当社","外国車","ない","タイプD",10,
7206207,"男性",44,"公務員","当社","外国車","ない","タイプB",12,16
7213259,"男性",29,"公務員","当社","外国車","ない","タイプD",1,4
7215558,"男性",45,"公務員","当社","外国車","ない","タイプB",4,7
7223776,"男性",23,"公務員","当社","国産車","ない","タイプD",10,4
7232951,"男性",53,"公務員","当社","外国車","ある","タイプB",2,10
7240905,"男性",31,"公務員","当社","外国車","ない","タイプD",4,7
7241734,"男性",46,"自営業","他社","外国車","ある","タイプD",5,6
7243548,"男性",38,"公務員","当社","外国車","ない","タイプD",6,3
7244570,"男性",23,"公務員","当社","外国車","ない","タイプD",3,2
7250220,"女性",,"会社員","当社","外国車","ない","タイプD",16,
7257943,"男性",41,"公務員","当社","外国車","ない","タイプD",8,5
7262538,"男性",45,"公務員","当社","外国車","ない","タイプB",4,7
7272028,"男性",22,"自営業","他社","外国車","ある","タイプA",7,3
7283357,"男性",23,"公務員","当社","外国車","ない","タイプA",12,1
7291046,"男性",32,"公務員","当社","外国車","ある","タイプD",7,5
7291625,"男性",59,"公務員","当社","外国車","ない","タイプB",3,14
7306362,"男性",29,"公務員","当社","外国車","ない","タイプD",10,7
7315827,"男性",30,"公務員","当社","外国車","ある","タイプD",2,8
7317178,"男性",28,"公務員","当社","外国車","ない","タイプA",7,3
7319742,"男性",36,"公務員","当社","外国車","ない","タイプB",4,8
7323224,"男性",20,"自営業","他社",,,"タイプD",5,0
7331057,"男性",23,"公務員","当社","外国車","ない","タイプD",3,2
7332806,"男性",18,"公務員","当社","外国車","ない","タイプA",11,2
7333609,"男性",37,"公務員","当社","外国車","ない","タイプB",5,4
7338037,"男性",22,"自営業","他社","外国車","ある","タイプA",9,0
7341468,"男性",38,"自営業","他社","外国車","ない","タイプB",3,4
7356321,"男性",26,"公務員","当社","外国車","ない","タイプD",1,6
7357301,"男性",42,"公務員","当社","外国車","ない","タイプB",4,17
7357567,"男性",27,"公務員","当社","外国車","ある","タイプB",8,4
7362312,"男性",18,"公務員","当社","外国車","ない","タイプD",2,2
7366234,"男性",30,"公務員","当社","外国車","ない","タイプD",12,3
7367235,"男性",27,"自営業","他社","外国車","ない","タイプA",3,6
7378818,"男性",22,"自営業","他社",,,"タイプD",15,1
7379325,"男性",24,"公務員","当社","外国車","ない","タイプA",3,1
7383978,"女性",27,"会社員","当社","外国車","ある","タイプA",8,5
7386886,"男性",23,"公務員","当社","外国車","ある","タイプD",5,5
7392070,"女性",33,"会社員","当社","外国車","ある","タイプD",3,10
7404183,"男性",27,"公務員","当社","外国車","ない","タイプD",8,4
7404239,"男性",30,"自営業","他社",,,"タイプD",6,7
7411046,"女性",,"会社員","当社","外国車","ない","タイプD",5,
7416360,"男性",27,"公務員","当社","外国車","ある","タイプD",4,3
7421138,"男性",32,"公務員","当社","国産車","ない","タイプD",6,12
7427752,"女性",,"会社員","当社","外国車","ない","タイプD",16,
7428539,"男性",43,"自営業","他社","国産車","ある","タイプD",4,10
7430685,"男性",19,"自営業","他社","国産車","ない","タイプA",4,0
7441734,"女性",,"会社員","当社","外国車","ない","タイプD",10,
7461554,"男性",36,"公務員","当社","外国車","ある","タイプD",7,4
7465901,"男性",25,"自営業","他社","外国車","ある","タイプA",0,4
7480262,"男性",41,"公務員","当社","外国車","ない","タイプD",3,11
7488087,"男性",55,"公務員","当社","外国車","ない","タイプB",15,6
7493140,"女性",23,"会社員","当社","外国車","ない","タイプA",7,3
7494995,"男性",32,"公務員","当社","外国車","ない","タイプD",4,5
7502509,"男性",33,"公務員","当社","外国車","ない","タイプD",8,7
7509232,"女性",27,"会社員","当社","外国車","ある","タイプD",6,4
7510024,"男性",40,"公務員","当社","外国車","ない","タイプA",2,11
7522334,"男性",32,"公務員","当社","外国車","ない","タイプD",0,5
7522481,"男性",45,"公務員","当社","外国車","ない","タイプB",1,7
7538792,"男性",30,"公務員","当社","国産車","ない","タイプA",10,5
7554002,"女性",,"会社員","当社","外国車","ない","タイプD",6,
7566872,"男性",36,"公務員","当社","国産車","ない","タイプD",6,3
7569396,"男性",19,"自営業","他社","国産車","ない","タイプA",4,0
7573747,"男性",29,"公務員","当社","外国車","ない","タイプD",8,3
7573942,"男性",50,"公務員","当社","外国車","ない","タイプB",5,6
7576464,"男性",32,"公務員","当社","外国車","ある","タイプD",8,7
7580113,"男性",42,"公務員","当社","国産車","ない","タイプD",1,5
7581668,"男性",25,"公務員","当社","外国車","ない","タイプA",14,4
7587974,"男性",41,"公務員","当社","外国車","ない","タイプB",1,6
7591512,"女性",,"会社員","当社","外国車","ない","タイプD",3,
7594982,"男性",20,"自営業","他社",,,"タイプD",4,0
7608263,"男性",35,"公務員","当社","外国車","ない","タイプD",3,4
7613679,"男性",37,"公務員","当社","外国車","ない","タイプB",10,11
7614935,"男性",44,"公務員","当社","外国車","ない","タイプB",4,8
7635868,"男性",36,"公務員","当社","外国車","ある","タイプD",11,8
7650643,"男性",24,"自営業","他社","外国車","ない","タイプA",3,0
7657465,"女性",,"会社員","当社","外国車","ない","タイプD",24,
7662144,"男性",38,"公務員","当社","外国車","ない","タイプD",6,13
7664050,"男性",21,"自営業","他社","外国車","ない","タイプB",7,2
7669907,"女性",27,"会社員","当社","外国車","ある","タイプD",6,4
7672779,"男性",55,"公務員","当社","外国車","ない","タイプB",4,7
7678830,"男性",27,"公務員","当社","外国車","ある","タイプD",2,4
7688069,"男性",41,"公務員","当社","外国車","ない","タイプD",4,5
7694536,"男性",45,"公務員","当社","外国車","ある","タイプD",17,5
7700552,"男性",18,"自営業","他社","国産車","ない","タイプA",7,2
7715893,"男性",18,"自営業","他社","外国車","ない","タイプA",12,2
7728761,"男性",63,"公務員","当社","外国車","ない","タイプD",4,14
7733279,"男性",38,"公務員","当社","国産車","ない","タイプD",2,5
7734771,"男性",24,"公務員","当社","外国車","ない","タイプA",3,1
7739932,"男性",26,"自営業","他社",,,"タイプD",2,6
7741665,"男性",31,"公務員","当社","外国車","ない","タイプD",4,7
7745261,"男性",22,"自営業","他社","外国車","ある","タイプD",4,2
7751629,"男性",27,"公務員","当社","外国車","ない","タイプD",9,6
7751730,"男性",50,"公務員","当社","外国車","ない","タイプB",5,6
7804638,"男性",24,"公務員","当社","外国車","ない","タイプA",14,0
7815031,"男性",55,"公務員","当社","外国車","ない","タイプB",4,7
7815043,"男性",23,"公務員","当社","外国車","ない","タイプA",9,0
7819958,"男性",41,"公務員","当社","外国車","ない","タイプD",3,11
7821377,"男性",34,"公務員","当社","外国車","ない","タイプD",14,9
7831572,"男性",34,"公務員","当社","外国車","ない","タイプD",14,9
7832457,"女性",33,"会社員","当社","外国車","ある","タイプD",2,4
7835415,"女性",,"会社員","当社","外国車","ない","タイプD",6,
7836483,"男性",35,"公務員","当社","外国車","ない","タイプB",6,5
7846505,"男性",28,"自営業","他社","国産車","ある","タイプD",10,4
7860716,"男性",32,"公務員","当社","外国車","ない","タイプB",9,6
7865400,"男性",31,"公務員","当社","外国車","ない","タイプD",1,9
7872189,"女性",,"会社員","当社","外国車","ない","タイプD",3,
7873792,"男性",25,"自営業","他社",,,"タイプD",4,3
7879356,"男性",43,"公務員","当社","外国車","ある","タイプD",13,9
7879738,"男性",37,"公務員","当社","外国車","ある","タイプB",3,8
7896236,"女性",,"会社員","当社","外国車","ない","タイプD",9,
7902674,"男性",35,"公務員","当社","外国車","ない","タイプD",12,8
7908313,"男性",37,"公務員","当社","外国車","ない","タイプD",9,6
7931755,"女性",38,"会社員","当社","外国車","ある","タイプB",7,6
7936191,"男性",41,"公務員","当社","外国車","ない","タイプB",0,11
7936350,"男性",22,"自営業","他社","外国車","ない","タイプA",5,0
7942082,"女性",,"会社員","当社","外国車","ない","タイプD",3,
7942601,"男性",33,"公務員","当社","外国車","ない","タイプD",3,11
7945271,"男性",60,"公務員","当社","外国車","ない","タイプC",4,7
7959293,"男性",27,"公務員","当社","外国車","ある","タイプD",3,3
7961561,"男性",24,"公務員","当社","外国車","ない","タイプD",2,3
7964421,"男性",18,"自営業","他社","外国車","ない","タイプB",6,2
7972183,"男性",20,"自営業","他社",,,"タイプD",2,0
7979739,"男性",44,"公務員","当社","国産車","ない","タイプC",8,10
7980500,"男性",32,"公務員","当社","外国車","ある","タイプD",4,5
7983336,"女性",25,"会社員","当社","外国車","ある","タイプD",3,1
7985287,"女性",18,"会社員","当社","外国車","ない","タイプA",1,0
8008267,"男性",27,"自営業","他社",,,"タイプD",9,9
8012601,"男性",41,"公務員","当社","外国車","ない","タイプB",1,6
8017092,"男性",22,"自営業","他社","外国車","ある","タイプD",4,2
8018622,"男性",20,"自営業","他社","外国車","ない","タイプA",4,0
8019004,"男性",24,"公務員","当社","外国車","ある","タイプD",5,2
8023189,"男性",59,"公務員","当社","国産車","ない","タイプC",7,6
8031656,"男性",43,"公務員","当社","国産車","ない","タイプD",1,13
8045868,"男性",26,"公務員","当社","外国車","ない","タイプD",2,0
8049726,"男性",27,"公務員","当社","外国車","ある","タイプD",3,7
8071515,"男性",46,"公務員","当社","外国車","ない","タイプD",4,4
8075342,"男性",43,"公務員","当社","外国車","ない","タイプD",12,9
8077726,"男性",59,"公務員","当社","外国車","ない","タイプB",3,14
8082295,"男性",31,"公務員","当社","外国車","ない","タイプD",1,9
8082895,"男性",22,"公務員","当社","外国車","ある","タイプD",12,0
8090911,"男性",26,"自営業","他社","外国車","ある","タイプD",7,4
8099201,"男性",42,"公務員","当社","外国車","ない","タイプD",1,12
8101014,"男性",44,"公務員","当社","外国車","ない","タイプB",12,16
8109125,"女性",,"会社員","当社","外国車","ない","タイプD",4,
8120464,"男性",38,"自営業","他社","外国車","ない","タイプB",3,4
8126568,"男性",24,"公務員","当社","外国車","ない","タイプA",5,0
8126923,"男性",51,"公務員","当社","外国車","ある","タイプB",5,10
8129309,"男性",24,"自営業","他社","外国車","ない","タイプA",7,1
8131121,"男性",41,"公務員","当社","外国車","ない","タイプB",1,6
8138107,"女性",,"会社員","当社","外国車","ない","タイプD",4,
8142434,"男性",39,"公務員","当社","外国車","ない","タイプD",17,5
8154990,"女性",28,"会社員","当社","外国車","ない","タイプA",2,7
8155721,"男性",33,"公務員","当社","国産車","ない","タイプD",13,1
8158211,"男性",34,"公務員","当社","外国車","ない","タイプD",7,11
8172786,"男性",35,"公務員","当社","外国車","ある","タイプB",10,7
8183852,"男性",20,"自営業","他社","外国車","ある","タイプD",3,2
8186614,"男性",25,"公務員","当社","外国車","ある","タイプD",2,7
8197374,"男性",60,"公務員","当社","外国車","ない","タイプC",4,7
8198767,"女性",28,"会社員","当社","外国車","ない","タイプA",6,4
8208111,"男性",30,"公務員","当社","外国車","ある","タイプD",26,10
8209914,"男性",23,"公務員","当社","外国車","ない","タイプB",4,4
8221712,"男性",29,"公務員","当社","外国車","ない","タイプD",4,4
8233268,"男性",41,"公務員","当社","外国車","ない","タイプD",3,11
8235671,"男性",33,"公務員","当社","外国車","ない","タイプD",4,4
8238870,"男性",43,"公務員","当社","外国車","ある","タイプD",13,9
8245581,"男性",34,"公務員","当社","外国車","ない","タイプD",7,11
8255297,"男性",29,"公務員","当社","外国車","ない","タイプD",4,3
8259137,"男性",41,"公務員","当社","外国車","ない","タイプD",4,5
8266721,"男性",18,"自営業","他社","外国車","ない","タイプA",11,2
8268811,"男性",27,"公務員","当社","外国車","ない","タイプB",5,5
8278768,"女性",,"会社員","当社","外国車","ない","タイプD",16,
8294359,"男性",34,"公務員","当社","外国車","ない","タイプD",14,9
8299039,"男性",28,"公務員","当社","外国車","ない","タイプA",7,3
8309032,"男性",40,"公務員","当社","外国車","ない","タイプB",10,7
8328353,"男性",37,"公務員","当社","外国車","ない","タイプB",5,4
8331194,"男性",34,"公務員","当社","外国車","ある","タイプD",5,7
8334734,"男性",40,"公務員","当社","外国車","ない","タイプA",2,11
8336885,"女性",,"会社員","当社","外国車","ない","タイプD",16,
8356697,"男性",36,"公務員","当社","外国車","ない","タイプB",8,3
8366820,"女性",28,"会社員","当社","外国車","ない","タイプA",6,4
8376285,"男性",19,"自営業","他社","国産車","ない","タイプA",6,1
8377766,"男性",34,"公務員","当社","外国車","ある","タイプD",5,7
8395779,"男性",28,"自営業","他社","国産車","ある","タイプD",10,4
8399107,"男性",35,"公務員","当社","外国車","ある","タイプB",10,7
8402740,"男性",20,"自営業","他社","外国車","ある","タイプA",3,2
8435456,"男性",55,"公務員","当社","外国車","ない","タイプC",1,7
8439129,"男性",24,"公務員","当社","外国車","ない","タイプA",3,1
8446207,"男性",31,"公務員","当社","外国車","ある","タイプD",10,6
8458258,"男性",20,"自営業","他社","外国車","ある","タイプA",3,2
8465305,"男性",37,"公務員","当社","外国車","ある","タイプB",3,8
8465730,"男性",20,"自営業","他社","外国車","ない","タイプC",19,0
8483302,"男性",44,"公務員","当社","外国車","ない","タイプB",0,13
8485637,"男性",29,"公務員","当社","外国車","ない","タイプD",12,3
8492645,"男性",24,"自営業","他社","外国車","ない","タイプA",7,1
8495080,"男性",29,"公務員","当社","外国車","ない","タイプD",8,3
8497905,"男性",35,"公務員","当社","外国車","ない","タイプD",3,4
8504626,"男性",42,"公務員","当社","外国車","ある","タイプD",16,13
8509870,"男性",51,"公務員","当社","外国車","ない","タイプD",14,13
8521765,"男性",36,"公務員","当社","外国車","ない","タイプD",6,14
8523529,"男性",24,"公務員","当社","外国車","ない","タイプA",14,0
8530427,"男性",37,"公務員","当社","外国車","ない","タイプB",5,4
8536885,"男性",32,"公務員","当社","国産車","ない","タイプD",6,12
8538416,"男性",37,"公務員","当社","外国車","ない","タイプD",15,3
8541598,"男性",19,"自営業","他社",,,"タイプD",5,1
8550787,"男性",26,"公務員","当社","外国車","ある","タイプB",7,0
8552596,"男性",32,"公務員","当社","外国車","ない","タイプB",9,6
8577575,"男性",33,"公務員","当社","国産車","ない","タイプD",13,1
8582214,"男性",44,"公務員","当社","外国車","ない","タイプB",0,13
8595002,"男性",36,"公務員","当社","外国車","ない","タイプD",11,4
8603065,"男性",41,"公務員","当社","外国車","ない","タイプD",8,5
8604076,"男性",44,"公務員","当社","外国車","ない","タイプB",4,8
8609032,"男性",24,"公務員","当社","国産車","ある","タイプD",1,1
8612106,"男性",21,"自営業","他社","外国車","ある","タイプD",4,0
8617960,"男性",27,"公務員","当社","外国車","ない","タイプD",2,0
8625564,"男性",23,"公務員","当社","外国車","ない","タイプB",4,4
8626481,"男性",28,"公務員","当社","外国車","ない","タイプD",3,6
8626576,"男性",23,"公務員","当社","外国車","ある","タイプD",5,5
8638342,"男性",33,"公務員","当社","外国車","ない","タイプD",8,7
8645432,"男性",42,"公務員","当社","外国車","ある","タイプD",5,5
8662136,"男性",23,"公務員","当社","外国車","ない","タイプD",11,3
8665094,"男性",19,"自営業","他社",,,"タイプD",14,0
8674091,"男性",26,"公務員","当社","外国車","ない","タイプD",1,6
8675087,"男性",45,"公務員","当社","外国車","ある","タイプB",0,13
8682761,"男性",47,"公務員","当社","外国車","ない","タイプD",12,9
8692905,"男性",21,"自営業","他社",,,"タイプD",6,3
8704505,"男性",33,"公務員","当社","国産車","ある","タイプD",7,8
8705744,"女性",,"会社員","当社","外国車","ない","タイプD",4,
8708608,"男性",22,"自営業","他社",,,"タイプD",15,1
8723221,"男性",44,"公務員","当社","外国車","ない","タイプB",12,16
8723968,"男性",20,"自営業","他社",,,"タイプD",0,0
8732204,"男性",34,"公務員","当社","外国車","ない","タイプD",10,10
8734497,"男性",63,"公務員","当社","外国車","ない","タイプD",4,14
8737885,"男性",28,"公務員","当社","外国車","ある","タイプD",5,5
8744821,"男性",30,"公務員","当社","国産車","ない","タイプD",0,3
8750444,"男性",20,"自営業","他社","外国車","ある","タイプA",8,2
8751671,"男性",31,"公務員","当社","外国車","ない","タイプD",18,6
8752613,"男性",33,"公務員","当社","外国車","ない","タイプD",3,11
8762419,"男性",19,"自営業","他社","国産車","ない","タイプA",6,1
8796636,"男性",33,"公務員","当社","国産車","ある","タイプD",7,8
8798814,"男性",36,"公務員","当社","国産車","ある","タイプD",10,4
8802648,"男性",26,"自営業","他社",,,"タイプD",9,6
8822052,"男性",20,"自営業","他社",,,"タイプD",24,0
8840223,"女性",47,"会社員","当社","外国車","ある","タイプD",3,8
8843000,"女性",32,"会社員","当社","外国車","ない","タイプA",11,13
8859264,"男性",36,"公務員","当社","外国車","ない","タイプB",13,5
8861233,"男性",40,"公務員","当社","外国車","ない","タイプB",1,5
8866864,"男性",39,"公務員","当社","外国車","ない","タイプD",11,4
8868453,"男性",40,"公務員","当社","外国車","ない","タイプB",1,5
8869109,"男性",33,"公務員","当社","外国車","ない","タイプD",10,6
8870301,"男性",21,"自営業","他社",,,"タイプD",6,3
8870531,"男性",26,"公務員","当社","外国車","ない","タイプD",5,0
8878972,"男性",26,"公務員","当社","外国車","ない","タイプD",5,0
8913146,"男性",63,"公務員","当社","外国車","ある","タイプB",10,17
8927400,"男性",39,"公務員","当社","外国車","ない","タイプD",11,4
8930842,"女性",35,"会社員","当社","外国車","ある","タイプD",4,4
8941045,"男性",28,"公務員","当社","外国車","ない","タイプD",5,5
8951068,"男性",24,"公務員","当社","国産車","ある","タイプD",1,1
8956447,"男性",31,"公務員","当社","外国車","ない","タイプD",10,1
8958567,"男性",40,"自営業","他社",,,"タイプD",13,16
8961901,"男性",68,"公務員","当社","外国車","ある","タイプB",10,11
8979297,"男性",24,"公務員","当社","外国車","ない","タイプA",6,2
8989987,"男性",25,"公務員","当社","外国車","ない","タイプD",2,4
9001487,"男性",51,"公務員","当社","外国車","ない","タイプD",14,13
9004488,"男性",29,"公務員","当社","外国車","ない","タイプA",9,6
9014386,"男性",27,"自営業","他社","外国車","ない","タイプA",6,3
9021661,"男性",27,"自営業","他社","外国車","ない","タイプA",9,8
9023134,"男性",26,"自営業","他社",,,"タイプD",2,6
9025314,"男性",27,"公務員","当社","外国車","ある","タイプD",4,3
9028210,"女性",27,"会社員","当社","外国車","ある","タイプA",8,5
9046799,"男性",31,"公務員","当社","外国車","ない","タイプD",8,6
9055995,"男性",22,"公務員","当社","外国車","ある","タイプD",12,0
9057162,"女性",23,"会社員","当社","外国車","ない","タイプA",7,3
9060292,"男性",25,"公務員","当社","外国車","ある","タイプD",2,7
9064945,"女性",,"会社員","当社","外国車","ない","タイプD",4,
9066010,"男性",36,"公務員","当社","外国車","ない","タイプD",3,4
9073982,"男性",35,"公務員","当社","国産車","ある","タイプD",2,6
9077066,"男性",20,"自営業","他社","外国車","ある","タイプD",3,1
9082960,"男性",35,"公務員","当社","外国車","ない","タイプD",2,3
9085791,"男性",20,"自営業","他社",,,"タイプD",0,0
9089952,"男性",38,"公務員","当社","外国車","ない","タイプD",6,13
9111090,"男性",31,"公務員","当社","外国車","ない","タイプD",4,7
9111960,"男性",25,"公務員","当社","外国車","ない","タイプA",14,4
9115797,"女性",29,"会社員","当社","外国車","ない","タイプA",1,2
9132502,"女性",24,"会社員","当社","外国車","ある","タイプA",7,6
9139184,"男性",19,"自営業","他社",,,"タイプD",5,1
9148342,"男性",40,"公務員","当社","外国車","ない","タイプB",10,7
9159555,"男性",28,"公務員","当社","外国車","ある","タイプD",10,4
9165189,"男性",41,"公務員","当社","外国車","ない","タイプB",3,7
9173075,"男性",20,"自営業","他社",,,"タイプD",0,0
9195049,"男性",32,"公務員","当社","外国車","ある","タイプD",4,6
9196411,"男性",19,"自営業","他社","国産車","ない","タイプA",7,0
9199089,"男性",47,"公務員","当社","外国車","ない","タイプD",12,9
9201886,"男性",37,"公務員","当社","外国車","ない","タイプD",15,3
9203938,"男性",20,"自営業","他社",,,"タイプD",2,0
9205653,"男性",55,"公務員","当社","外国車","ない","タイプB",0,8
9207562,"男性",42,"公務員","当社","外国車","ない","タイプD",1,12
9216715,"男性",24,"公務員","当社","外国車","ない","タイプD",13,1
9221522,"男性",50,"公務員","当社","外国車","ない","タイプD",5,9
9221734,"女性",38,"会社員","当社","外国車","ない","タイプA",4,5
9224603,"男性",34,"公務員","当社","外国車","ない","タイプD",13,7
9226484,"男性",19,"自営業","他社",,,"タイプD",14,0
9230081,"女性",,"会社員","当社","外国車","ない","タイプD",9,
9247684,"女性",,"会社員","当社","外国車","ない","タイプD",3,
9250527,"男性",18,"自営業","他社","国産車","ない","タイプA",7,2
9268523,"男性",21,"自営業","他社",,,"タイプD",15,1
9274301,"男性",42,"公務員","当社","国産車","ない","タイプD",1,5
9277503,"男性",30,"公務員","当社","国産車","ない","タイプD",0,3
9278034,"男性",28,"公務員","当社","外国車","ない","タイプD",5,5
9303871,"男性",29,"公務員","当社","外国車","ない","タイプD",4,4
9309783,"男性",27,"公務員","当社","外国車","ない","タイプD",9,6
9312439,"男性",50,"公務員","当社","外国車","ない","タイプB",6,10
9329194,"男性",33,"公務員","当社","外国車","ない","タイプD",8,7
9330577,"男性",23,"公務員","当社","外国車","ない","タイプD",11,3
9344461,"女性",,"会社員","当社","外国車","ない","タイプD",5,
9348742,"男性",27,"公務員","当社","外国車","ある","タイプD",4,3
9349780,"男性",25,"公務員","当社","外国車","ない","タイプD",3,4
9352516,"女性",,"会社員","当社","外国車","ない","タイプD",5,
9353034,"男性",41,"公務員","当社","外国車","ない","タイプB",1,6
9353810,"男性",21,"自営業","他社","外国車","ない","タイプB",7,2
9358256,"女性",51,"会社員","当社","外国車","ない","タイプB",7,8
9365540,"男性",36,"公務員","当社","外国車","ない","タイプD",6,14
9372159,"男性",43,"自営業","他社","国産車","ある","タイプD",4,10
9372171,"男性",38,"自営業","他社","外国車","ない","タイプB",3,4
9390280,"男性",45,"公務員","当社","外国車","ある","タイプB",0,13
9392005,"男性",24,"公務員","当社","外国車","ある","タイプD",5,2
9396361,"女性",,"会社員","当社","外国車","ない","タイプD",16,
9404960,"男性",28,"公務員","当社","外国車","ある","タイプD",10,4
9412649,"男性",38,"自営業","他社","外国車","ない","タイプB",3,4
9443721,"男性",27,"自営業","他社","外国車","ない","タイプA",3,6
9450355,"男性",24,"公務員","当社","外国車","ない","タイプD",8,4
9453004,"男性",26,"公務員","当社","外国車","ない","タイプD",1,6
9458884,"男性",28,"公務員","当社","外国車","ない","タイプD",2,5
9461407,"男性",51,"公務員","当社","外国車","ある","タイプB",5,10
9465134,"男性",23,"公務員","当社","外国車","ない","タイプD",0,3
9472625,"男性",42,"公務員","当社","外国車","ある","タイプD",16,13
9472789,"男性",58,"公務員","当社","外国車","ある","タイプC",7,9
9489885,"男性",28,"自営業","他社",,,"タイプD",5,6
9501605,"男性",28,"公務員","当社","外国車","ある","タイプD",3,9
9513014,"男性",18,"自営業","他社","外国車","ない","タイプA",7,2
9513978,"女性",,"会社員","当社","外国車","ない","タイプD",16,
9515681,"男性",38,"公務員","当社","外国車","ない","タイプD",6,3
9518680,"男性",55,"公務員","当社","外国車","ない","タイプB",4,9
9521944,"男性",59,"公務員","当社","外国車","ない","タイプB",3,14
9530296,"男性",29,"公務員","当社","外国車","ない","タイプD",4,9
9533032,"男性",33,"公務員","当社","外国車","ある","タイプD",9,4
9534191,"男性",22,"自営業","他社",,,"タイプD",5,3
9550167,"男性",25,"自営業","他社","外国車","ない","タイプA",16,5
9554622,"男性",26,"自営業","他社",,,"タイプD",9,6
9557257,"男性",55,"公務員","当社","外国車","ない","タイプB",15,6
9562211,"女性",28,"会社員","当社","外国車","ない","タイプA",2,7
9564043,"男性",24,"公務員","当社","外国車","ない","タイプD",2,3
9565439,"男性",28,"公務員","当社","外国車","ある","タイプD",3,9
9565777,"男性",22,"自営業","他社","外国車","ある","タイプD",4,2
9567677,"男性",65,"公務員","当社","外国車","ない","タイプC",1,11
9589474,"男性",28,"公務員","当社","外国車","ない","タイプD",2,5
9590364,"男性",51,"公務員","当社","外国車","ある","タイプB",5,10
9600223,"女性",32,"会社員","当社","外国車","ない","タイプA",11,13
9603269,"男性",34,"公務員","当社","外国車","ない","タイプD",7,11
9611624,"男性",36,"公務員","当社","外国車","ない","タイプB",4,8
9612255,"男性",36,"公務員","当社","外国車","ない","タイプB",12,11
9614067,"男性",27,"自営業","他社","外国車","ない","タイプA",3,6
9616094,"男性",45,"公務員","当社","国産車","ない","タイプC",10,8
9619010,"男性",31,"公務員","当社","外国車","ない","タイプD",1,7
9624346,"女性",,"会社員","当社","外国車","ない","タイプD",7,
9629087,"男性",37,"公務員","当社","外国車","ない","タイプB",5,4
9630029,"男性",37,"公務員","当社","外国車","ない","タイプD",9,6
9632951,"男性",23,"公務員","当社","外国車","ある","タイプD",5,5
9633650,"女性",,"会社員","当社","外国車","ない","タイプD",9,
9635311,"男性",18,"自営業","他社","外国車","ない","タイプA",12,2
9640472,"男性",55,"公務員","当社","外国車","ない","タイプB",15,6
9644193,"女性",34,"会社員","当社","外国車","ある","タイプD",1,5
9646227,"男性",20,"自営業","他社","外国車","ない","タイプA",4,0
9655627,"男性",22,"自営業","他社","外国車","ある","タイプD",4,2
9658046,"女性",19,"会社員","当社","外国車","ない","タイプA",6,0
9669985,"女性",,"会社員","当社","外国車","ない","タイプD",16,
9680234,"男性",35,"公務員","当社","外国車","ない","タイプD",3,3
9684425,"男性",39,"公務員","当社","外国車","ない","タイプD",17,5
9692079,"女性",,"会社員","当社","外国車","ない","タイプD",16,
9698984,"女性",51,"会社員","当社","外国車","ない","タイプB",7,8
9712379,"男性",45,"公務員","当社","外国車","ない","タイプB",4,7
9719375,"男性",26,"自営業","他社",,,"タイプD",9,6
9725017,"男性",26,"公務員","当社","外国車","ない","タイプD",10,7
9728181,"男性",30,"公務員","当社","外国車","ない","タイプD",9,2
9746005,"男性",33,"公務員","当社","外国車","ある","タイプD",2,4
9749914,"男性",33,"公務員","当社","外国車","ない","タイプD",3,11
9764597,"男性",18,"自営業","他社",,,"タイプD",6,2
9780625,"男性",27,"公務員","当社","国産車","ある","タイプD",5,3
9781104,"男性",25,"公務員","当社","外国車","ある","タイプD",2,7
9786688,"男性",29,"公務員","当社","外国車","ない","タイプB",6,11
9789633,"男性",22,"自営業","他社","外国車","ない","タイプA",1,2
9799549,"男性",43,"公務員","当社","外国車","ある","タイプD",13,9
9799592,"男性",25,"公務員","当社","国産車","ない","タイプD",11,7
