顧客番号,年齢,プラン区分,通信区分,入会チャネル,インターネット,総通話時間,通信量変化,入会後年数,解約フラグ
1022741,47,"プランB","タイプ01","AA","ない",473,"down",5,0
1028601,63,"プランB","タイプ01","AA","ない",602,"stable",4,0
1030518,19,"プランA","タイプ01","AA","ない",264,"up",6,0
1032066,26,"プランB","タイプ01","AA","ない",370,"stable",1,0
1033704,43,"プランC","タイプ02","BB","ある",444,"stable",4,0
1035617,47,"プランB","タイプ01","AA","ない",521,"down",6,0
1036530,24,"プランC","タイプ02","AA","ない",220,"up",7,1
1046982,45,"プランB","タイプ01","AA","ない",674,"down",4,0
1069745,27,"プランA","タイプ01","AA","ある",287,"up",8,0
1075474,42,"プランB","タイプ01","AA","ある",665,"stable",5,0
1078012,28,"プランB","タイプ01","AA","ない",158,"up",12,1
1082240,27,"プランB","タイプ01","AA","ある",400,"stable",3,0
1082296,50,"プランB","タイプ01","AA","ない",643,"down",5,0
1087407,23,"プランB","タイプ01","AA","ない",329,"stable",0,0
1093545,50,"プランB","タイプ01","AA","ない",668,"down",6,0
1093872,24,"プランC","タイプ02","AA","ない",269,"up",3,0
1094805,34,"プランB","タイプ01","BB","ある",476,"stable",4,1
1101270,34,"プランB","タイプ01","AA","ない",397,"stable",4,0
1106384,41,"プランB","タイプ01","AA","ない",467,"stable",4,0
1106686,29,"プランB","タイプ01","AA","ない",388,"stable",8,0
1119846,35,"プランB","タイプ01","AA","ない",588,"down",6,0
1121521,30,"プランB","タイプ01","AA","ない",462,"stable",12,0
1123257,19,"プランA","タイプ01","AA","ない",397,"stable",4,0
1125933,30,"プランB","タイプ01","AA","ない",462,"stable",12,0
1132734,25,"プランB","タイプ01","AA","ない",256,"up",14,1
1138765,24,"プランB","タイプ01","AA","ない",383,"stable",4,0
1155114,33,"プランA","タイプ01","AA","ある",447,"stable",3,0
1174195,32,"プランB","タイプ01","AA","ない",276,"stable",4,0
1178072,38,"プランB","タイプ01","AA","ない",498,"stable",6,0
1181692,33,"プランB","タイプ01","AA","ある",367,"stable",2,0
1185858,36,"プランB","タイプ01","AA","ない",644,"down",13,0
1187754,29,"プランB","タイプ01","AA","ない",554,"stable",4,0
1188874,32,"プランB","タイプ01","AA","ある",473,"stable",4,0
1200925,25,"プランA","タイプ01","AA","ない",425,"stable",10,0
1206503,32,"プランB","タイプ01","AA","ある",473,"stable",4,0
1207222,33,"プランB","タイプ01","AA","ある",546,"stable",9,0
1213036,22,"プランC","タイプ02","AA","ない",237,"up",1,0
1218077,36,"プランB","タイプ01","AA","ない",443,"down",4,0
1230223,24,"プランB","タイプ01","AA","ない",355,"stable",8,0
1240720,26,"プランC","タイプ02","AA","ある",321,"stable",7,0
1258270,36,"プランB","タイプ01","AA","ない",443,"down",4,0
1273557,19,"プランC","タイプ02","BB","ない",375,"stable",14,1
1278770,20,"プランC","タイプ02","AA","ない",327,"stable",6,0
1284210,42,"プランC","タイプ02","AA","ある",409,"stable",8,1
1289025,27,"プランA","タイプ01","AA","ある",423,"stable",6,0
1303430,28,"プランB","タイプ01","AA","ない",211,"up",7,1
1306446,25,"プランB","タイプ01","AA","ない",383,"stable",2,0
1309739,43,"プランB","タイプ01","AA","ない",429,"stable",12,1
1327962,36,"プランB","タイプ01","AA","ない",401,"stable",3,0
1331642,29,"プランA","タイプ01","AA","ない",408,"up",1,0
1334719,24,"プランB","タイプ01","AA","ある",442,"stable",5,0
1353272,54,"プランB","タイプ01","AA","ない",601,"down",11,0
1360080,21,"プランC","タイプ02","AA","ある",528,"down",8,0
1371227,29,"プランB","タイプ01","AA","ない",554,"stable",4,0
1371489,33,"プランB","タイプ01","AA","ある",367,"stable",2,0
1377745,45,"プランB","タイプ01","AA","ある",697,"down",0,0
1379391,55,"プランB","タイプ01","AA","ない",923,"instable",1,0
1392901,23,"プランA","タイプ01","AA","ない",147,"up",7,1
1397011,32,"プランA","タイプ01","AA","ない",313,"stable",2,0
1408167,39,"プランB","タイプ01","AA","ない",485,"down",6,0
1410544,30,"プランA","タイプ01","AA","ない",271,"stable",18,0
1414986,18,"プランC","タイプ02","AA","ない",506,"down",6,0
1418774,65,"プランB","タイプ01","AA","ない",912,"instable",1,0
1424429,44,"プランC","タイプ02","AA","ない",670,"down",2,0
1427040,30,"プランA","タイプ01","AA","ない",271,"stable",18,0
1435376,24,"プランB","タイプ01","BB","ある",475,"stable",1,1
1441303,40,"プランB","タイプ01","AA","ない",448,"down",1,0
1441657,32,"プランB","タイプ01","AA","ある",481,"stable",4,0
1447551,34,"プランB","タイプ01","AA","ない",211,"stable",13,1
1448661,22,"プランB","タイプ01","AA","ある",323,"stable",9,0
1453300,28,"プランB","タイプ01","AA","ない",471,"stable",2,0
1455544,47,"プランB","タイプ01","AA","ない",405,"stable",12,0
1459542,42,"プランB","タイプ01","AA","ある",665,"stable",5,0
1460141,30,"プランB","タイプ01","BB","ない",412,"stable",0,1
1463256,27,"プランB","タイプ01","AA","ある",399,"stable",3,0
1474113,38,"プランB","タイプ01","AA","ない",498,"stable",6,0
1475451,24,"プランC","タイプ02","AA","ない",220,"up",7,1
1476542,23,"プランB","タイプ01","AA","ない",425,"down",4,0
1478755,47,"プランA","タイプ01","AA","ある",479,"stable",3,0
1481382,25,"プランB","タイプ01","AA","ない",383,"stable",2,0
1483639,34,"プランB","タイプ01","BB","ある",476,"stable",4,1
1483667,55,"プランB","タイプ01","AA","ない",923,"instable",1,0
1486406,25,"プランB","タイプ01","AA","ない",368,"stable",4,0
1500871,30,"プランB","タイプ01","BB","ない",365,"stable",4,0
1508340,36,"プランA","タイプ01","AA","ない",371,"stable",9,0
1511910,25,"プランC","タイプ02","AA","ない",271,"up",16,1
1523389,35,"プランA","タイプ01","AA","ある",375,"stable",4,0
1539476,20,"プランA","タイプ01","AA","ない",466,"stable",7,0
1541506,23,"プランA","タイプ01","AA","ない",208,"up",7,0
1541556,31,"プランB","タイプ01","AA","ない",425,"stable",1,0
1558637,29,"プランA","タイプ01","AA","ある",343,"stable",6,0
1562106,45,"プランB","タイプ01","AA","ない",582,"down",2,0
1563701,28,"プランB","タイプ01","AA","ない",158,"up",12,1
1564569,27,"プランA","タイプ01","AA","ない",569,"stable",6,0
1568812,45,"プランB","タイプ01","AA","ない",789,"down",1,0
1569183,63,"プランB","タイプ01","AA","ある",769,"down",10,0
1573606,23,"プランB","タイプ01","AA","ある",391,"stable",5,0
1574027,21,"プランC","タイプ02","AA","ない",269,"up",12,1
1576778,36,"プランB","タイプ01","AA","ない",397,"stable",6,0
1581840,25,"プランB","タイプ01","AA","ない",452,"stable",3,0
1581977,28,"プランA","タイプ01","AA","ない",164,"up",6,1
1583662,36,"プランB","タイプ01","AA","ある",490,"stable",11,0
1586448,27,"プランB","タイプ01","AA","ある",349,"stable",2,0
1593922,20,"プランC","タイプ02","AA","ない",447,"stable",5,0
1595090,40,"プランB","タイプ01","AA","ない",287,"up",2,0
1599070,20,"プランC","タイプ02","AA","ある",424,"stable",3,0
1601599,29,"プランC","タイプ02","AA","ない",292,"stable",18,0
1603161,23,"プランB","タイプ01","AA","ある",391,"stable",5,0
1622792,24,"プランB","タイプ01","BB","ない",194,"up",14,1
1624180,27,"プランC","タイプ02","AA","ない",277,"up",3,0
1630311,31,"プランB","タイプ01","AA","ある",402,"stable",10,0
1647992,53,"プランB","タイプ01","AA","ない",384,"stable",13,0
1652674,25,"プランB","タイプ01","AA","ない",368,"stable",4,0
1658324,29,"プランB","タイプ01","AA","ない",378,"stable",4,0
1662255,22,"プランC","タイプ02","AA","ある",178,"up",9,1
1672614,37,"プランB","タイプ01","AA","ない",375,"down",10,0
1673538,24,"プランB","タイプ01","BB","ない",194,"up",14,1
1675593,40,"プランC","タイプ02","AA","ない",471,"stable",13,0
1681829,45,"プランB","タイプ01","AA","ない",674,"down",4,0
1688508,50,"プランB","タイプ01","AA","ない",418,"stable",7,0
1691271,19,"プランC","タイプ02","BB","ない",184,"up",4,1
1698104,21,"プランC","タイプ02","AA","ない",390,"stable",10,0
1699156,23,"プランA","タイプ01","AA","ない",147,"up",7,1
1711057,25,"プランC","タイプ02","AA","ない",353,"stable",4,0
1712764,32,"プランB","タイプ01","AA","ない",276,"stable",4,0
1722325,34,"プランB","タイプ01","BB","ない",660,"stable",7,1
1725232,32,"プランA","タイプ01","AA","ない",409,"stable",7,0
1725508,18,"プランB","タイプ01","AA","ある",372,"stable",1,0
1737450,41,"プランB","タイプ01","AA","ある",479,"stable",6,0
1742225,23,"プランB","タイプ01","AA","ない",358,"stable",11,0
1745005,36,"プランB","タイプ01","AA","ない",451,"stable",11,0
1758951,54,"プランB","タイプ01","AA","ない",601,"down",11,0
1765634,36,"プランB","タイプ01","AA","ない",401,"stable",3,0
1784152,28,"プランC","タイプ02","AA","ない",296,"stable",5,0
1795006,20,"プランC","タイプ02","BB","ない",264,"stable",3,1
1806699,46,"プランB","タイプ01","AA","ない",436,"stable",4,0
1812574,55,"プランB","タイプ01","AA","ない",814,"down",4,0
1812636,30,"プランB","タイプ01","AA","ある",459,"stable",26,0
1813106,36,"プランB","タイプ01","AA","ない",633,"down",8,0
1815278,21,"プランC","タイプ02","AA","ない",390,"stable",10,0
1823079,51,"プランA","タイプ01","AA","ない",691,"down",7,0
1824672,30,"プランC","タイプ02","AA","ない",392,"stable",6,0
1829229,55,"プランB","タイプ01","AA","ない",814,"down",4,0
1838097,34,"プランB","タイプ01","AA","ない",211,"stable",13,1
1858040,22,"プランB","タイプ01","AA","ある",399,"stable",12,0
1885725,26,"プランB","タイプ01","BB","ある",426,"stable",6,1
1889492,26,"プランB","タイプ01","BB","ある",426,"stable",6,1
1892750,18,"プランC","タイプ02","AA","ない",161,"up",11,1
1894459,35,"プランA","タイプ01","AA","ある",375,"stable",4,0
1902589,23,"プランB","タイプ01","AA","ない",279,"up",9,0
1903229,37,"プランB","タイプ01","AA","ある",679,"down",22,0
1904135,33,"プランB","タイプ01","BB","ある",423,"stable",7,1
1906563,33,"プランB","タイプ01","AA","ない",337,"stable",3,0
1914326,25,"プランB","タイプ01","AA","ない",452,"stable",3,0
1916174,18,"プランB","タイプ01","AA","ある",372,"stable",1,0
1931072,28,"プランB","タイプ01","AA","ない",413,"stable",3,0
1945630,36,"プランB","タイプ01","AA","ない",401,"stable",3,0
1946018,28,"プランC","タイプ02","BB","ある",492,"stable",10,1
1946041,29,"プランA","タイプ01","AA","ない",408,"up",1,0
1956699,25,"プランA","タイプ01","AA","ない",425,"stable",10,0
1958892,35,"プランB","タイプ01","AA","ある",549,"down",6,0
1960534,47,"プランB","タイプ01","AA","ない",405,"stable",12,0
1967409,32,"プランB","タイプ01","AA","ない",276,"stable",4,0
1979672,27,"プランB","タイプ01","AA","ある",488,"down",8,0
1989543,31,"プランA","タイプ01","AA","ない",417,"stable",4,0
1991616,37,"プランB","タイプ01","AA","ない",489,"down",5,0
2003127,34,"プランB","タイプ01","AA","ない",397,"stable",4,0
2003217,42,"プランB","タイプ01","AA","ある",665,"stable",5,0
2003880,27,"プランB","タイプ01","AA","ある",488,"down",8,0
2007560,41,"プランB","タイプ01","AA","ない",610,"down",3,0
2012710,26,"プランB","タイプ01","AA","ある",626,"down",7,0
2013170,38,"プランB","タイプ01","AA","ない",464,"stable",6,0
2013478,22,"プランC","タイプ02","AA","ある",351,"stable",4,0
2023400,21,"プランC","タイプ02","AA","ない",421,"down",1,0
2025040,29,"プランB","タイプ01","AA","ない",454,"stable",12,0
2025604,43,"プランB","タイプ01","AA","ある",518,"stable",3,0
2031383,45,"プランC","タイプ02","AA","ない",317,"stable",5,0
2032567,20,"プランC","タイプ02","BB","ない",264,"stable",3,1
2050757,58,"プランB","タイプ01","AA","ある",887,"instable",7,0
2060303,24,"プランB","タイプ01","AA","ない",337,"up",14,0
2061517,46,"プランB","タイプ01","AA","ない",599,"down",1,0
2082871,31,"プランB","タイプ01","AA","ない",466,"stable",18,0
2094850,44,"プランB","タイプ01","AA","ある",651,"down",3,0
2095791,36,"プランA","タイプ01","AA","ない",371,"stable",9,0
2101780,34,"プランB","タイプ01","AA","ない",513,"stable",10,0
2101781,31,"プランB","タイプ01","AA","ない",466,"stable",18,0
2109428,28,"プランC","タイプ02","AA","ない",296,"stable",5,0
2113637,50,"プランB","タイプ01","BB","ある",491,"stable",8,1
2117115,35,"プランB","タイプ01","AA","ない",372,"stable",2,0
2136970,38,"プランA","タイプ01","AA","ない",430,"up",4,0
2146490,19,"プランA","タイプ01","AA","ない",215,"up",12,1
2148998,34,"プランA","タイプ01","AA","ある",437,"stable",1,0
2153318,22,"プランB","タイプ01","AA","ある",323,"stable",9,0
2153723,35,"プランB","タイプ01","AA","ない",456,"stable",3,0
2156070,27,"プランA","タイプ01","AA","ある",423,"stable",6,0
2160164,26,"プランC","タイプ02","AA","ある",321,"stable",7,0
2160611,50,"プランB","タイプ01","AA","ない",643,"down",5,0
2161398,28,"プランB","タイプ01","AA","ない",343,"stable",2,0
2170711,49,"プランA","タイプ01","AA","ない",651,"stable",12,0
2172328,30,"プランB","タイプ01","AA","ある",426,"stable",2,0
2183185,38,"プランA","タイプ01","AA","ある",650,"down",7,0
2198428,32,"プランA","タイプ01","AA","ない",409,"stable",7,0
2212263,42,"プランB","タイプ01","AA","ある",447,"stable",7,0
2218898,39,"プランB","タイプ01","AA","ない",437,"stable",17,0
2220905,35,"プランB","タイプ01","BB","ある",553,"stable",2,1
2236943,37,"プランA","タイプ01","AA","ある",618,"stable",3,0
2238480,55,"プランB","タイプ01","AA","ない",643,"down",15,0
2246263,31,"プランB","タイプ01","AA","ない",400,"stable",8,0
2249596,33,"プランB","タイプ01","AA","ある",367,"stable",2,0
2252569,39,"プランB","タイプ01","AA","ない",437,"stable",17,0
2253000,20,"プランC","タイプ02","AA","ある",414,"stable",13,0
2255475,29,"プランB","タイプ01","AA","ない",336,"stable",10,0
2279936,33,"プランB","タイプ01","AA","ない",405,"stable",7,0
2288515,44,"プランB","タイプ01","AA","ある",651,"down",3,0
2294690,27,"プランB","タイプ01","AA","ない",435,"stable",2,0
2310030,18,"プランA","タイプ01","AA","ある",409,"stable",11,0
2313186,36,"プランB","タイプ01","AA","ない",644,"down",13,0
2325821,45,"プランB","タイプ01","AA","ない",789,"down",1,0
2326884,23,"プランB","タイプ01","AA","ない",409,"stable",6,0
2330466,27,"プランB","タイプ01","AA","ない",367,"stable",8,0
2347959,55,"プランB","タイプ01","AA","ない",660,"down",4,0
2351744,22,"プランC","タイプ02","AA","ない",451,"stable",5,0
2375211,27,"プランB","タイプ01","AA","ある",349,"stable",3,0
2376546,37,"プランB","タイプ01","AA","ある",441,"down",3,0
2379799,28,"プランB","タイプ01","AA","ない",343,"stable",2,0
2381890,27,"プランC","タイプ02","AA","ない",198,"up",9,1
2388231,46,"プランB","タイプ01","AA","ない",599,"down",1,0
2391858,30,"プランB","タイプ01","AA","ある",426,"stable",2,0
2391872,30,"プランB","タイプ01","AA","ある",459,"stable",26,0
2392952,21,"プランC","タイプ02","BB","ない",407,"stable",1,1
2412494,20,"プランC","タイプ02","AA","ある",294,"up",3,0
2420982,29,"プランB","タイプ01","AA","ない",194,"up",9,1
2422355,44,"プランB","タイプ01","AA","ない",523,"down",5,0
2428060,26,"プランB","タイプ01","AA","ある",626,"down",7,0
2433325,44,"プランB","タイプ01","AA","ない",456,"down",5,0
2444593,55,"プランB","タイプ01","AA","ない",660,"down",4,0
2455930,42,"プランC","タイプ02","AA","ある",409,"stable",8,1
2466580,28,"プランB","タイプ01","AA","ない",158,"up",12,1
2466890,41,"プランB","タイプ01","AA","ある",807,"instable",10,0
2468004,25,"プランC","タイプ02","AA","ない",271,"up",16,1
2472884,58,"プランB","タイプ01","AA","ある",887,"instable",7,0
2475826,25,"プランB","タイプ01","AA","ない",452,"stable",3,0
2478841,42,"プランB","タイプ01","AA","ない",427,"stable",1,0
2479377,29,"プランB","タイプ01","AA","ない",378,"stable",4,0
2480110,28,"プランA","タイプ01","AA","ない",679,"down",11,0
2501578,35,"プランB","タイプ01","AA","ない",402,"stable",12,0
2510872,22,"プランC","タイプ02","AA","ある",178,"up",9,1
2528682,42,"プランB","タイプ01","AA","ある",665,"stable",5,0
2536946,30,"プランB","タイプ01","BB","ない",412,"stable",0,1
2550390,40,"プランB","タイプ01","AA","ない",448,"down",1,0
2575691,25,"プランA","タイプ01","AA","ある",413,"stable",3,0
2581715,23,"プランB","タイプ01","AA","ない",409,"stable",6,0
2587225,44,"プランB","タイプ01","AA","ない",396,"down",0,0
2593109,22,"プランC","タイプ02","AA","ない",237,"up",1,0
2593388,47,"プランA","タイプ01","AA","ある",479,"stable",3,0
2607432,25,"プランA","タイプ01","AA","ある",413,"stable",3,0
2609319,19,"プランC","タイプ02","BB","ない",166,"up",7,1
2611993,48,"プランB","タイプ01","AA","ない",888,"instable",5,0
2611998,23,"プランB","タイプ01","AA","ない",341,"stable",3,0
2620982,44,"プランB","タイプ01","AA","ない",593,"down",4,0
2637009,26,"プランB","タイプ01","AA","ない",360,"stable",10,0
2638085,20,"プランC","タイプ02","BB","ない",538,"stable",24,1
2641075,20,"プランA","タイプ01","AA","ない",461,"stable",5,0
2650340,21,"プランC","タイプ02","AA","ない",390,"stable",10,0
2655686,29,"プランC","タイプ02","AA","ない",443,"stable",12,0
2662338,33,"プランB","タイプ01","AA","ない",405,"stable",7,0
2664193,38,"プランC","タイプ02","AA","ない",650,"down",5,0
2666526,53,"プランB","タイプ01","AA","ない",384,"stable",13,0
2673334,18,"プランB","タイプ01","AA","ない",222,"up",11,0
2675780,37,"プランB","タイプ01","AA","ない",344,"stable",15,0
2680470,24,"プランB","タイプ01","AA","ない",274,"up",5,0
2681521,36,"プランB","タイプ01","AA","ない",633,"down",8,0
2682508,50,"プランB","タイプ01","AA","ない",600,"stable",8,0
2692483,29,"プランC","タイプ02","AA","ない",292,"stable",18,0
2696635,21,"プランC","タイプ02","AA","ない",421,"down",1,0
2698894,33,"プランA","タイプ01","AA","ある",447,"stable",3,0
2707094,36,"プランA","タイプ01","AA","ない",371,"stable",9,0
2735033,33,"プランB","タイプ01","AA","ない",296,"stable",8,0
2740597,38,"プランC","タイプ02","AA","ない",650,"down",5,0
2754861,22,"プランC","タイプ02","AA","ない",195,"up",3,1
2757679,22,"プランC","タイプ02","AA","ない",195,"up",3,1
2767876,18,"プランA","タイプ01","AA","ない",284,"up",1,0
2781036,23,"プランB","タイプ01","AA","ない",329,"stable",0,0
2787503,30,"プランB","タイプ01","AA","ない",401,"stable",9,0
2789338,28,"プランC","タイプ02","AA","ある",211,"up",3,1
2795361,35,"プランB","タイプ01","AA","ない",455,"down",2,0
2803182,37,"プランB","タイプ01","AA","ある",679,"down",22,0
2804646,28,"プランC","タイプ02","AA","ない",296,"stable",5,0
2806547,35,"プランB","タイプ01","BB","ある",553,"stable",2,1
2820304,44,"プランB","タイプ01","AA","ない",456,"down",5,0
2830234,22,"プランC","タイプ02","AA","ない",195,"up",3,1
2830246,35,"プランB","タイプ01","AA","ある",359,"stable",11,0
2834305,20,"プランC","タイプ02","AA","ない",393,"stable",2,0
2840220,30,"プランB","タイプ01","BB","ない",412,"stable",0,1
2844745,41,"プランB","タイプ01","AA","ない",467,"stable",4,0
2857788,44,"プランB","タイプ01","AA","ない",523,"down",5,0
2858749,84,"プランB","タイプ01","AA","ない",838,"down",2,0
2873282,33,"プランB","タイプ01","AA","ある",546,"stable",9,0
2873824,29,"プランC","タイプ02","AA","ない",292,"stable",18,0
2889840,50,"プランB","タイプ01","AA","ない",418,"stable",7,0
2903419,20,"プランC","タイプ02","AA","ある",245,"up",8,0
2903897,24,"プランB","タイプ01","AA","ない",312,"stable",1,0
2918263,50,"プランB","タイプ01","AA","ない",643,"down",5,0
2918863,47,"プランB","タイプ01","AA","ない",521,"down",6,0
2928450,50,"プランB","タイプ01","AA","ない",524,"stable",5,0
2935743,40,"プランB","タイプ01","AA","ない",489,"down",10,0
2939087,36,"プランB","タイプ01","AA","ある",490,"stable",11,0
2942285,20,"プランC","タイプ02","AA","ない",340,"stable",4,0
2948430,38,"プランA","タイプ01","AA","ない",430,"up",4,0
2948702,21,"プランC","タイプ02","BB","ない",407,"stable",1,1
2948889,29,"プランB","タイプ01","AA","ない",194,"up",9,1
2949381,53,"プランB","タイプ01","AA","ない",384,"stable",13,0
2955152,33,"プランB","タイプ01","AA","ある",367,"stable",2,0
2956730,28,"プランB","タイプ01","AA","ない",471,"stable",2,0
2965581,23,"プランB","タイプ01","AA","ない",341,"stable",3,0
2971903,34,"プランB","タイプ01","BB","ある",476,"stable",4,1
2975059,24,"プランB","タイプ01","AA","ある",442,"stable",5,0
2986705,32,"プランB","タイプ01","BB","ない",401,"stable",6,1
2989807,29,"プランB","タイプ01","AA","ない",378,"stable",4,0
2989980,25,"プランB","タイプ01","BB","ない",465,"stable",4,1
2996681,22,"プランC","タイプ02","AA","ある",351,"stable",4,0
2996910,18,"プランA","タイプ01","AA","ない",307,"up",5,0
2999195,44,"プランB","タイプ01","AA","ない",518,"down",12,0
3013503,38,"プランB","タイプ01","BB","ない",362,"stable",2,0
3015510,44,"プランB","タイプ01","AA","ある",651,"down",3,0
3019045,38,"プランA","タイプ01","AA","ある",650,"down",7,0
3022615,33,"プランB","タイプ01","AA","ない",337,"stable",3,0
3024499,35,"プランB","タイプ01","AA","ある",485,"stable",10,0
3026865,23,"プランB","タイプ01","AA","ない",404,"stable",10,0
3030185,30,"プランB","タイプ01","AA","ある",459,"stable",26,0
3050100,20,"プランC","タイプ02","AA","ある",245,"up",8,0
3064483,46,"プランC","タイプ02","AA","ある",513,"stable",5,0
3065195,25,"プランB","タイプ01","AA","ない",452,"stable",3,0
3071991,20,"プランA","タイプ01","AA","ない",411,"stable",0,0
3073815,41,"プランB","タイプ01","AA","ない",454,"stable",7,0
3085779,47,"プランA","タイプ01","AA","ある",479,"stable",3,0
3100094,44,"プランB","タイプ01","AA","ある",651,"down",3,0
3100118,24,"プランC","タイプ02","AA","ない",269,"up",3,0
3101347,20,"プランB","タイプ01","AA","ある",568,"stable",7,0
3107708,36,"プランB","タイプ01","AA","ある",397,"stable",7,0
3110348,43,"プランB","タイプ01","AA","ない",429,"stable",12,1
3120685,20,"プランB","タイプ01","AA","ある",568,"stable",7,0
3129747,22,"プランC","タイプ02","AA","ない",195,"up",3,1
3133201,21,"プランC","タイプ02","AA","ない",269,"up",12,1
3133819,40,"プランB","タイプ01","AA","ない",287,"up",2,0
3135968,20,"プランC","タイプ02","AA","ある",346,"stable",3,0
3140004,30,"プランB","タイプ01","BB","ない",230,"up",10,1
3142496,19,"プランA","タイプ01","AA","ない",387,"stable",1,0
3143870,26,"プランB","タイプ01","AA","ない",292,"stable",2,0
3150303,24,"プランB","タイプ01","AA","ない",383,"stable",4,0
3160156,63,"プランB","タイプ01","AA","ない",602,"stable",4,0
3168831,28,"プランB","タイプ01","AA","ない",158,"up",12,1
3169304,35,"プランB","タイプ01","AA","ない",456,"stable",3,0
3171019,19,"プランA","タイプ01","AA","ない",380,"stable",5,0
3178245,20,"プランC","タイプ02","AA","ない",423,"instable",19,0
3178864,50,"プランB","タイプ01","AA","ない",524,"stable",5,0
3179891,20,"プランC","タイプ02","BB","ない",538,"stable",24,1
3185405,35,"プランB","タイプ01","AA","ある",485,"stable",10,0
3187904,34,"プランA","タイプ01","AA","ある",437,"stable",1,0
3188249,26,"プランC","タイプ02","AA","ない",541,"stable",2,0
3196271,31,"プランB","タイプ01","AA","ない",412,"stable",1,0
3199482,21,"プランC","タイプ02","AA","ある",338,"stable",4,0
3207261,32,"プランB","タイプ01","AA","ない",521,"stable",6,0
3213762,37,"プランB","タイプ01","AA","ない",375,"down",10,0
3229393,21,"プランC","タイプ02","AA","ない",277,"stable",6,0
3232651,25,"プランC","タイプ02","AA","ない",271,"up",16,1
3243371,34,"プランB","タイプ01","BB","ある",476,"stable",4,1
3259151,29,"プランB","タイプ01","AA","ない",194,"up",9,1
3261933,48,"プランB","タイプ01","AA","ない",888,"instable",5,0
3272110,24,"プランA","タイプ01","AA","ある",264,"up",7,0
3287861,50,"プランB","タイプ01","AA","ない",600,"stable",8,0
3296743,63,"プランB","タイプ01","AA","ない",602,"stable",4,0
3303637,33,"プランB","タイプ01","AA","ない",385,"stable",4,0
3310676,42,"プランC","タイプ02","AA","ある",409,"stable",8,1
3311721,23,"プランB","タイプ01","AA","ない",341,"stable",3,0
3316603,20,"プランC","タイプ02","AA","ない",423,"instable",19,0
3316845,45,"プランB","タイプ01","AA","ない",697,"down",6,0
3320118,29,"プランA","タイプ01","AA","ない",408,"up",1,0
3337683,34,"プランB","タイプ01","AA","ない",397,"stable",4,0
3340407,29,"プランB","タイプ01","AA","ない",549,"down",6,0
3350255,25,"プランC","タイプ02","AA","ない",271,"up",16,1
3350534,20,"プランC","タイプ02","AA","ない",222,"up",4,1
3355796,19,"プランA","タイプ01","AA","ある",399,"stable",12,0
3369245,31,"プランB","タイプ01","AA","ある",402,"stable",10,0
3371629,22,"プランC","タイプ02","AA","ない",195,"up",3,1
3378220,36,"プランA","タイプ01","AA","ない",371,"stable",9,0
3380430,42,"プランB","タイプ01","BB","ない",510,"stable",1,1
3383828,32,"プランB","タイプ01","AA","ない",810,"down",9,0
3391778,38,"プランC","タイプ02","AA","ない",650,"down",5,0
3409440,59,"プランB","タイプ01","BB","ない",877,"instable",7,0
3410600,35,"プランB","タイプ01","AA","ある",485,"stable",10,0
3410661,42,"プランB","タイプ01","AA","ない",427,"stable",1,0
3422069,22,"プランA","タイプ01","AA","ない",483,"stable",10,0
3422719,50,"プランB","タイプ01","AA","ない",600,"stable",8,0
3431580,32,"プランB","タイプ01","BB","ない",401,"stable",6,1
3438130,32,"プランB","タイプ01","AA","ある",467,"stable",7,0
3448877,43,"プランC","タイプ02","BB","ある",444,"stable",4,0
3455416,36,"プランB","タイプ01","AA","ない",660,"down",12,0
3458812,28,"プランB","タイプ01","AA","ない",413,"stable",3,0
3462279,34,"プランB","タイプ01","AA","ない",405,"stable",14,0
3468278,45,"プランC","タイプ02","AA","ない",317,"stable",5,0
3470407,31,"プランB","タイプ01","AA","ない",378,"stable",4,0
3482706,51,"プランB","タイプ01","AA","ない",578,"stable",14,0
3483567,37,"プランA","タイプ01","AA","ある",618,"stable",3,0
3485047,19,"プランC","タイプ02","BB","ない",184,"up",4,1
3487929,36,"プランB","タイプ01","AA","ない",660,"down",12,0
3488780,38,"プランA","タイプ01","AA","ない",430,"up",4,0
3489163,22,"プランC","タイプ02","AA","ある",138,"up",7,1
3491815,25,"プランB","タイプ01","AA","ない",256,"up",14,1
3492947,27,"プランB","タイプ01","AA","ある",403,"stable",4,0
3541601,28,"プランC","タイプ02","BB","ある",492,"stable",10,1
3543640,32,"プランA","タイプ01","AA","ない",274,"up",11,0
3546606,50,"プランB","タイプ01","AA","ない",524,"stable",5,0
3548985,45,"プランB","タイプ01","AA","ない",644,"stable",9,0
3553737,50,"プランB","タイプ01","AA","ない",418,"stable",7,0
3559760,47,"プランB","タイプ01","AA","ない",521,"down",6,0
3560780,32,"プランB","タイプ01","AA","ない",276,"stable",4,0
3566239,32,"プランB","タイプ01","AA","ない",521,"stable",6,0
3566617,29,"プランA","タイプ01","AA","ある",343,"stable",6,0
3572326,28,"プランB","タイプ01","AA","ある",269,"stable",5,0
3576142,28,"プランB","タイプ01","AA","ある",443,"stable",3,0
3583367,28,"プランB","タイプ01","AA","ない",302,"up",2,0
3587845,45,"プランB","タイプ01","AA","ない",697,"down",6,0
3588605,35,"プランB","タイプ01","AA","ない",442,"stable",3,0
3589316,31,"プランB","タイプ01","AA","ない",466,"stable",18,0
3593184,38,"プランA","タイプ01","AA","ない",430,"up",4,0
3595907,39,"プランB","タイプ01","AA","ない",485,"down",6,0
3596827,28,"プランA","タイプ01","AA","ない",424,"stable",24,0
3597492,20,"プランC","タイプ02","AA","ある",294,"up",3,0
3601116,35,"プランB","タイプ01","AA","ある",359,"stable",11,0
3601998,29,"プランB","タイプ01","AA","ない",554,"stable",4,0
3603231,24,"プランB","タイプ01","BB","ある",475,"stable",1,1
3609410,19,"プランC","タイプ02","AA","ない",235,"stable",5,0
3611197,33,"プランA","タイプ01","AA","ない",380,"stable",9,0
3618940,25,"プランB","タイプ01","AA","ある",553,"stable",2,0
3631586,23,"プランB","タイプ01","AA","ない",329,"stable",0,0
3634047,27,"プランC","タイプ02","AA","ない",191,"up",6,1
3635506,50,"プランB","タイプ01","BB","ある",491,"stable",8,1
3637979,20,"プランA","タイプ01","AA","ない",466,"stable",7,0
3639930,31,"プランB","タイプ01","AA","ない",412,"stable",1,0
3643436,20,"プランC","タイプ02","AA","ある",245,"up",8,0
3643812,25,"プランB","タイプ01","BB","ない",465,"stable",4,1
3644208,19,"プランA","タイプ01","AA","ない",215,"up",12,1
3644687,21,"プランC","タイプ02","AA","ある",528,"down",8,0
3645172,21,"プランC","タイプ02","AA","ない",269,"up",12,1
3648827,50,"プランB","タイプ01","AA","ない",643,"down",5,0
3658780,24,"プランB","タイプ01","AA","ない",383,"stable",4,0
3676726,41,"プランB","タイプ01","AA","ない",610,"down",3,0
3694744,34,"プランB","タイプ01","AA","ない",405,"stable",14,0
3697020,42,"プランC","タイプ02","AA","ある",409,"stable",8,1
3700240,21,"プランA","タイプ01","AA","ない",339,"stable",4,0
3700983,18,"プランC","タイプ02","AA","ない",180,"up",12,1
3713600,32,"プランB","タイプ01","AA","ある",467,"stable",7,0
3718171,43,"プランB","タイプ01","AA","ある",518,"stable",3,0
3722569,36,"プランB","タイプ01","AA","ない",397,"stable",6,0
3747768,55,"プランB","タイプ01","AA","ない",749,"down",0,0
3750709,35,"プランB","タイプ01","AA","ある",568,"down",10,0
3758548,45,"プランC","タイプ02","AA","ない",317,"stable",5,0
3776226,28,"プランB","タイプ01","AA","ない",211,"up",7,1
3779452,27,"プランB","タイプ01","AA","ない",429,"stable",9,0
3785301,24,"プランA","タイプ01","AA","ある",264,"up",7,0
3787479,53,"プランB","タイプ01","AA","ない",384,"stable",13,0
3794611,68,"プランB","タイプ01","AA","ある",789,"down",10,0
3798158,65,"プランB","タイプ01","AA","ない",912,"instable",1,0
3799718,32,"プランB","タイプ01","AA","ない",521,"stable",6,0
3805190,29,"プランA","タイプ01","AA","ある",343,"stable",6,0
3809895,41,"プランB","タイプ01","AA","ない",610,"down",3,0
3814030,19,"プランA","タイプ01","AA","ない",397,"stable",4,0
3820732,27,"プランB","タイプ01","AA","ある",349,"stable",3,0
3830065,23,"プランB","タイプ01","BB","ない",403,"stable",10,1
3835863,29,"プランB","タイプ01","AA","ない",194,"up",9,1
3836772,50,"プランB","タイプ01","AA","ない",454,"down",6,0
3847521,68,"プランB","タイプ01","AA","ある",789,"down",10,0
3851468,24,"プランB","タイプ01","AA","ない",337,"up",14,0
3852546,34,"プランB","タイプ01","AA","ない",405,"stable",14,0
3853079,48,"プランB","タイプ01","AA","ない",888,"instable",5,0
3866959,44,"プランB","タイプ01","AA","ある",651,"down",3,0
3872221,18,"プランA","タイプ01","AA","ない",307,"up",5,0
3886581,27,"プランB","タイプ01","BB","ある",396,"stable",5,1
3894333,29,"プランB","タイプ01","AA","ない",306,"stable",4,0
3894823,22,"プランB","タイプ01","AA","ある",399,"stable",12,0
3939409,35,"プランB","タイプ01","AA","ある",359,"stable",11,0
3946574,39,"プランB","タイプ01","AA","ない",368,"stable",7,0
3949017,24,"プランB","タイプ01","AA","ない",527,"stable",2,0
3956964,22,"プランA","タイプ01","AA","ない",483,"stable",10,0
3961960,23,"プランB","タイプ01","BB","ない",403,"stable",10,1
3969810,59,"プランB","タイプ01","BB","ない",877,"instable",7,0
3985457,37,"プランB","タイプ01","AA","ない",375,"down",10,0
3986565,51,"プランA","タイプ01","AA","ない",691,"down",7,0
3990737,20,"プランA","タイプ01","AA","ない",466,"stable",7,0
4006200,27,"プランC","タイプ02","AA","ない",191,"up",6,1
4018022,59,"プランB","タイプ01","AA","ない",562,"down",3,0
4027406,36,"プランB","タイプ01","AA","ない",633,"down",8,0
4033838,44,"プランB","タイプ01","AA","ある",651,"down",3,0
4042060,23,"プランA","タイプ01","AA","ない",208,"up",7,0
4043220,35,"プランB","タイプ01","AA","ある",549,"down",6,0
4046070,45,"プランB","タイプ01","AA","ない",789,"down",1,0
4050327,25,"プランB","タイプ01","BB","ない",465,"stable",4,1
4051817,25,"プランB","タイプ01","BB","ない",421,"stable",11,1
4055869,21,"プランC","タイプ02","AA","ない",378,"stable",5,0
4056212,32,"プランA","タイプ01","AA","ない",409,"stable",7,0
4062383,46,"プランC","タイプ02","AA","ある",513,"stable",5,0
4063095,31,"プランB","タイプ01","AA","ない",405,"stable",10,0
4080909,27,"プランB","タイプ01","BB","ある",396,"stable",5,1
4083316,44,"プランA","タイプ01","AA","ある",586,"down",3,0
4099231,27,"プランC","タイプ02","BB","ない",422,"stable",9,1
4099390,44,"プランA","タイプ01","AA","ある",586,"down",3,0
4120246,34,"プランA","タイプ01","AA","ない",492,"stable",16,0
4121872,26,"プランC","タイプ02","AA","ない",450,"stable",7,0
4126904,43,"プランB","タイプ01","AA","ある",518,"stable",3,0
4133383,36,"プランC","タイプ02","AA","ない",374,"stable",6,0
4148768,23,"プランA","タイプ01","AA","ない",550,"stable",6,0
4150899,36,"プランB","タイプ01","AA","ない",451,"stable",11,0
4176131,53,"プランB","タイプ01","AA","ある",684,"down",2,0
4176826,44,"プランB","タイプ01","AA","ない",396,"down",0,0
4178646,27,"プランB","タイプ01","AA","ある",488,"down",8,0
4179820,20,"プランA","タイプ01","AA","ない",411,"stable",0,0
4182366,28,"プランB","タイプ01","AA","ない",294,"stable",3,0
4188628,41,"プランB","タイプ01","AA","ない",467,"stable",4,0
4195860,18,"プランC","タイプ02","AA","ない",523,"stable",6,0
4196418,21,"プランC","タイプ02","AA","ない",269,"up",12,1
4200992,59,"プランB","タイプ01","BB","ない",877,"instable",7,0
4202480,20,"プランC","タイプ02","AA","ない",447,"stable",5,0
4226500,40,"プランB","タイプ01","AA","ない",448,"down",1,0
4230500,37,"プランB","タイプ01","AA","ない",344,"stable",15,0
4232724,41,"プランB","タイプ01","AA","ない",430,"stable",3,0
4235037,28,"プランB","タイプ01","AA","ある",443,"stable",3,0
4236322,32,"プランB","タイプ01","AA","ある",467,"stable",7,0
4237957,22,"プランC","タイプ02","AA","ない",365,"stable",15,0
4241926,36,"プランB","タイプ01","BB","ない",408,"stable",6,1
4259670,45,"プランB","タイプ01","BB","ない",906,"instable",10,0
4260806,24,"プランB","タイプ01","AA","ない",527,"stable",2,0
4273006,20,"プランC","タイプ02","AA","ない",327,"stable",6,0
4283436,53,"プランB","タイプ01","AA","ある",684,"down",2,0
4287099,23,"プランB","タイプ01","BB","ない",403,"stable",10,1
4290960,30,"プランA","タイプ01","AA","ない",271,"stable",18,0
4291953,50,"プランB","タイプ01","AA","ない",524,"stable",5,0
4300877,29,"プランB","タイプ01","AA","ない",336,"stable",10,0
4302048,25,"プランC","タイプ02","AA","ある",199,"up",0,1
4311542,20,"プランC","タイプ02","AA","ない",222,"up",4,1
4314080,26,"プランB","タイプ01","AA","ない",393,"stable",5,0
4333909,19,"プランA","タイプ01","AA","ある",399,"stable",12,0
4339461,42,"プランB","タイプ01","AA","ある",447,"stable",7,0
4344540,26,"プランC","タイプ02","AA","ある",321,"stable",7,0
4348650,26,"プランB","タイプ01","AA","ある",268,"up",4,0
4357046,27,"プランB","タイプ01","AA","ある",400,"stable",3,0
4370832,29,"プランB","タイプ01","AA","ない",549,"down",6,0
4373130,24,"プランB","タイプ01","AA","ない",261,"up",3,0
4379806,36,"プランB","タイプ01","BB","ある",373,"stable",5,1
4390330,28,"プランA","タイプ01","AA","ない",164,"up",6,1
4390797,40,"プランC","タイプ02","AA","ない",471,"stable",13,0
4399326,32,"プランB","タイプ01","AA","ある",481,"stable",4,0
4408621,58,"プランB","タイプ01","AA","ある",887,"instable",7,0
4420422,25,"プランB","タイプ01","AA","ない",383,"stable",2,0
4425921,22,"プランA","タイプ01","AA","ない",483,"stable",10,0
4443798,45,"プランB","タイプ01","AA","ある",505,"stable",17,0
4445330,24,"プランC","タイプ02","AA","ない",576,"down",2,0
4448413,27,"プランC","タイプ02","AA","ない",198,"up",9,1
4453385,27,"プランB","タイプ01","AA","ない",435,"stable",2,0
4454268,38,"プランB","タイプ01","BB","ない",362,"stable",2,0
4457510,18,"プランB","タイプ01","AA","ある",372,"stable",1,0
4464148,46,"プランB","タイプ01","AA","ない",599,"down",1,0
4466440,21,"プランC","タイプ02","BB","ない",407,"stable",1,1
4478525,36,"プランC","タイプ02","AA","ない",374,"stable",6,0
4480696,28,"プランA","タイプ01","AA","ない",679,"down",11,0
4480808,34,"プランB","タイプ01","AA","ない",397,"stable",4,0
4483050,39,"プランB","タイプ01","AA","ない",437,"stable",17,0
4490808,45,"プランB","タイプ01","AA","ない",697,"down",6,0
4499810,34,"プランB","タイプ01","AA","ない",453,"stable",7,0
4508447,37,"プランA","タイプ01","AA","ある",618,"stable",3,0
4533439,35,"プランB","タイプ01","AA","ない",402,"stable",12,0
4552557,42,"プランB","タイプ01","AA","ある",665,"stable",5,0
4553250,43,"プランC","タイプ02","BB","ある",444,"stable",4,0
4561909,25,"プランA","タイプ01","AA","ある",413,"stable",3,0
4563440,29,"プランB","タイプ01","AA","ない",295,"stable",4,0
4565265,47,"プランB","タイプ01","AA","ない",405,"stable",12,0
4566167,21,"プランC","タイプ02","AA","ない",417,"stable",15,0
4570416,55,"プランB","タイプ01","AA","ない",749,"down",0,0
4571774,18,"プランA","タイプ01","AA","ない",284,"up",1,0
4580502,45,"プランB","タイプ01","AA","ある",697,"down",0,0
4589966,45,"プランB","タイプ01","AA","ある",697,"down",0,0
4595570,32,"プランB","タイプ01","AA","ある",473,"stable",4,0
4610704,32,"プランA","タイプ01","AA","ない",409,"stable",7,0
4610877,35,"プランB","タイプ01","AA","ない",455,"down",2,0
4622113,28,"プランB","タイプ01","AA","ある",443,"stable",3,0
4625639,23,"プランB","タイプ01","AA","ない",404,"stable",10,0
4630062,28,"プランB","タイプ01","AA","ない",353,"stable",5,0
4630235,20,"プランC","タイプ02","AA","ある",424,"stable",3,0
4630970,32,"プランB","タイプ01","AA","ある",410,"stable",8,0
4637413,20,"プランC","タイプ02","AA","ない",423,"instable",19,0
4643249,20,"プランC","タイプ02","AA","ない",340,"stable",4,0
4648890,21,"プランC","タイプ02","AA","ない",417,"stable",15,0
4651015,55,"プランB","タイプ01","AA","ない",923,"instable",1,0
4651120,68,"プランB","タイプ01","AA","ある",789,"down",10,0
4664887,38,"プランC","タイプ02","AA","ない",650,"down",5,0
4674890,23,"プランA","タイプ01","AA","ない",550,"stable",6,0
4696764,36,"プランB","タイプ01","AA","ない",660,"down",12,0
4697927,42,"プランB","タイプ01","AA","ない",644,"down",6,0
4701858,42,"プランB","タイプ01","AA","ある",447,"stable",7,0
4703000,28,"プランB","タイプ01","AA","ない",234,"up",5,0
4704509,28,"プランB","タイプ01","AA","ない",294,"stable",3,0
4707810,37,"プランB","タイプ01","AA","ない",473,"stable",9,0
4713307,28,"プランA","タイプ01","AA","ない",679,"down",11,0
4714617,33,"プランB","タイプ01","AA","ない",429,"stable",10,0
4717251,23,"プランB","タイプ01","AA","ない",180,"up",12,1
4718019,59,"プランB","タイプ01","AA","ない",562,"down",3,0
4719268,20,"プランA","タイプ01","AA","ない",466,"stable",7,0
4721189,36,"プランB","タイプ01","AA","ない",633,"down",8,0
4723003,46,"プランB","タイプ01","AA","ない",436,"stable",4,0
4728750,37,"プランB","タイプ01","AA","ない",344,"stable",15,0
4729838,29,"プランA","タイプ01","AA","ある",343,"stable",6,0
4736162,24,"プランB","タイプ01","AA","ある",442,"stable",5,0
4738104,24,"プランB","タイプ01","AA","ない",337,"up",14,0
4745010,21,"プランC","タイプ02","AA","ない",378,"stable",5,0
4747023,29,"プランB","タイプ01","AA","ない",388,"stable",8,0
4747569,49,"プランA","タイプ01","AA","ない",651,"stable",12,0
4752611,38,"プランA","タイプ01","AA","ある",650,"down",7,0
4759978,55,"プランB","タイプ01","AA","ない",749,"down",0,0
4777731,26,"プランB","タイプ01","AA","ある",268,"up",4,0
4782690,34,"プランB","タイプ01","AA","ある",474,"stable",5,0
4788180,37,"プランB","タイプ01","AA","ない",375,"down",10,0
4788566,21,"プランC","タイプ02","AA","ない",421,"down",1,0
4792973,41,"プランB","タイプ01","AA","ある",807,"instable",10,0
4796690,36,"プランB","タイプ01","AA","ない",644,"down",13,0
4799040,20,"プランC","タイプ02","AA","ない",433,"stable",0,0
4805953,32,"プランB","タイプ01","BB","ない",401,"stable",6,1
4806383,50,"プランB","タイプ01","AA","ない",454,"down",6,0
4808447,63,"プランB","タイプ01","AA","ある",769,"down",10,0
4810468,30,"プランB","タイプ01","BB","ない",365,"stable",4,0
4810663,18,"プランA","タイプ01","AA","ある",409,"stable",11,0
4813138,19,"プランA","タイプ01","AA","ない",264,"up",6,0
4813553,34,"プランB","タイプ01","AA","ない",397,"stable",4,0
4821720,35,"プランB","タイプ01","AA","ない",455,"down",2,0
4826929,26,"プランB","タイプ01","AA","ない",360,"stable",10,0
4832026,28,"プランB","タイプ01","AA","ある",498,"stable",10,0
4839478,39,"プランB","タイプ01","AA","ない",368,"stable",7,0
4842573,25,"プランB","タイプ01","BB","ない",465,"stable",4,1
4842711,44,"プランB","タイプ01","AA","ない",658,"down",2,0
4843576,36,"プランB","タイプ01","AA","ない",660,"down",12,0
4843849,21,"プランC","タイプ02","AA","ない",421,"down",1,0
4848050,21,"プランC","タイプ02","AA","ある",338,"stable",4,0
4850046,36,"プランB","タイプ01","AA","ある",397,"stable",7,0
4850763,29,"プランB","タイプ01","AA","ない",388,"stable",8,0
4854207,26,"プランB","タイプ01","AA","ない",360,"stable",10,0
4865174,19,"プランC","タイプ02","BB","ない",169,"up",6,1
4872010,50,"プランB","タイプ01","AA","ない",454,"down",6,0
4876777,20,"プランA","タイプ01","AA","ない",461,"stable",5,0
4877526,27,"プランB","タイプ01","AA","ない",429,"stable",9,0
4878201,20,"プランC","タイプ02","AA","ある",245,"up",8,0
4878586,20,"プランA","タイプ01","AA","ない",411,"stable",0,0
4884772,34,"プランA","タイプ01","AA","ある",437,"stable",1,0
4885810,24,"プランB","タイプ01","AA","ない",527,"stable",2,0
4902002,24,"プランB","タイプ01","AA","ない",355,"stable",8,0
4909979,31,"プランB","タイプ01","AA","ない",412,"stable",1,0
4922778,20,"プランC","タイプ02","AA","ない",393,"stable",2,0
4928030,31,"プランB","タイプ01","AA","ある",402,"stable",10,0
4928054,24,"プランB","タイプ01","AA","ない",527,"stable",2,0
4944576,33,"プランB","タイプ01","AA","ない",405,"stable",7,0
4956080,33,"プランB","タイプ01","AA","ない",429,"stable",10,0
4968296,23,"プランB","タイプ01","AA","ない",358,"stable",11,0
4970690,34,"プランB","タイプ01","AA","ある",474,"stable",15,0
4974210,35,"プランB","タイプ01","AA","ない",588,"down",6,0
4976183,22,"プランB","タイプ01","AA","ある",399,"stable",12,0
4982020,28,"プランB","タイプ01","AA","ない",353,"stable",5,0
4982129,32,"プランA","タイプ01","AA","ない",313,"stable",2,0
4984212,20,"プランC","タイプ02","AA","ある",414,"stable",13,0
4984571,42,"プランC","タイプ02","AA","ある",409,"stable",8,1
4988010,23,"プランB","タイプ01","AA","ない",425,"down",4,0
4989676,19,"プランA","タイプ01","AA","ある",399,"stable",12,0
4991983,68,"プランB","タイプ01","AA","ある",789,"down",10,0
4992410,45,"プランB","タイプ01","AA","ない",582,"down",2,0
5000522,44,"プランB","タイプ01","BB","ない",834,"instable",8,0
5001633,19,"プランC","タイプ02","BB","ない",169,"up",6,1
5003173,42,"プランB","タイプ01","BB","ない",510,"stable",1,1
5004923,23,"プランB","タイプ01","AA","ない",180,"up",12,1
5010960,32,"プランB","タイプ01","AA","ない",500,"stable",0,0
5020301,18,"プランB","タイプ01","AA","ない",358,"stable",2,0
5022584,30,"プランB","タイプ01","BB","ない",230,"up",10,1
5026640,25,"プランC","タイプ02","AA","ない",353,"stable",4,0
5034650,35,"プランB","タイプ01","AA","ない",455,"down",2,0
5035719,25,"プランA","タイプ01","AA","ない",425,"stable",10,0
5047980,21,"プランC","タイプ02","AA","ない",421,"down",1,0
5063002,28,"プランA","タイプ01","AA","ない",254,"up",2,0
5079252,43,"プランB","タイプ01","AA","ある",518,"stable",3,0
5087680,19,"プランA","タイプ01","AA","ない",380,"stable",5,0
5087790,32,"プランB","タイプ01","AA","ある",410,"stable",8,0
5091093,28,"プランB","タイプ01","AA","ある",498,"stable",10,0
5100167,21,"プランC","タイプ02","AA","ない",390,"stable",10,0
5104377,59,"プランB","タイプ01","AA","ない",562,"down",3,0
5110058,18,"プランC","タイプ02","AA","ない",506,"down",6,0
5113701,20,"プランA","タイプ01","AA","ない",461,"stable",5,0
5119129,27,"プランB","タイプ01","AA","ある",349,"stable",2,0
5121950,19,"プランA","タイプ01","AA","ない",215,"up",12,1
5122832,18,"プランA","タイプ01","AA","ある",409,"stable",11,0
5124945,24,"プランB","タイプ01","AA","ない",174,"up",6,1
5127005,19,"プランC","タイプ02","BB","ない",166,"up",7,1
5132969,21,"プランC","タイプ02","AA","ある",528,"down",8,0
5133121,38,"プランA","タイプ01","AA","ない",430,"up",4,0
5157061,26,"プランB","タイプ01","AA","ある",626,"down",7,0
5159555,27,"プランB","タイプ01","AA","ある",400,"stable",3,0
5163811,19,"プランC","タイプ02","BB","ない",169,"up",6,1
5172505,28,"プランC","タイプ02","AA","ある",211,"up",3,1
5173328,29,"プランB","タイプ01","AA","ない",549,"down",6,0
5177670,18,"プランC","タイプ02","AA","ない",161,"up",11,1
5186294,28,"プランB","タイプ01","AA","ない",302,"up",2,0
5188421,28,"プランA","タイプ01","AA","ない",164,"up",6,1
5192532,38,"プランB","タイプ01","BB","ない",362,"stable",2,0
5206045,23,"プランA","タイプ01","AA","ない",147,"up",7,1
5223693,22,"プランB","タイプ01","AA","ある",323,"stable",9,0
5224134,37,"プランA","タイプ01","AA","ある",618,"stable",3,0
5225949,35,"プランB","タイプ01","AA","ある",485,"stable",10,0
5227324,24,"プランC","タイプ02","AA","ない",269,"up",3,0
5232200,65,"プランB","タイプ01","AA","ない",912,"instable",1,0
5236700,54,"プランB","タイプ01","AA","ない",601,"down",11,0
5248305,24,"プランB","タイプ01","AA","ない",274,"up",5,0
5249031,18,"プランA","タイプ01","AA","ない",284,"up",1,0
5250390,36,"プランB","タイプ01","AA","ない",397,"stable",6,0
5251010,19,"プランC","タイプ02","BB","ない",375,"stable",14,1
5253339,42,"プランB","タイプ01","AA","ない",427,"stable",1,0
5267468,35,"プランB","タイプ01","AA","ない",402,"stable",12,0
5287215,31,"プランA","タイプ01","AA","ない",417,"stable",4,0
5298531,22,"プランC","タイプ02","AA","ない",451,"stable",5,0
5315563,24,"プランB","タイプ01","AA","ない",355,"stable",8,0
5315580,27,"プランB","タイプ01","AA","ない",593,"down",5,0
5326028,44,"プランB","タイプ01","AA","ある",651,"down",3,0
5327601,31,"プランB","タイプ01","AA","ある",402,"stable",10,0
5331605,26,"プランB","タイプ01","AA","ある",268,"up",4,0
5335124,21,"プランC","タイプ02","AA","ない",352,"down",7,0
5335522,27,"プランA","タイプ01","AA","ない",569,"stable",6,0
5344884,32,"プランA","タイプ01","AA","ない",274,"up",11,0
5346865,29,"プランB","タイプ01","AA","ない",377,"stable",1,0
5353917,26,"プランC","タイプ02","AA","ある",321,"stable",7,0
5360356,28,"プランB","タイプ01","AA","ない",302,"up",2,0
5371705,29,"プランB","タイプ01","AA","ない",295,"stable",4,0
5373350,45,"プランB","タイプ01","AA","ない",789,"down",1,0
5377218,44,"プランC","タイプ02","AA","ない",670,"down",2,0
5415960,38,"プランC","タイプ02","AA","ない",633,"down",3,0
5416966,50,"プランB","タイプ01","BB","ある",491,"stable",8,1
5417930,60,"プランB","タイプ01","AA","ない",827,"instable",4,0
5421000,30,"プランC","タイプ02","AA","ない",392,"stable",6,0
5428273,33,"プランB","タイプ01","BB","ない",494,"stable",13,1
5441254,35,"プランB","タイプ01","AA","ない",456,"stable",3,0
5444601,43,"プランB","タイプ01","AA","ない",429,"stable",12,1
5444976,48,"プランB","タイプ01","AA","ない",888,"instable",5,0
5445469,22,"プランA","タイプ01","AA","ない",483,"stable",10,0
5449952,28,"プランA","タイプ01","AA","ない",424,"stable",24,0
5451315,34,"プランB","タイプ01","AA","ない",591,"down",4,0
5452640,32,"プランA","タイプ01","AA","ない",313,"stable",2,0
5466466,31,"プランB","タイプ01","AA","ない",425,"stable",1,0
5467281,32,"プランA","タイプ01","AA","ない",409,"stable",7,0
5474400,20,"プランC","タイプ02","AA","ある",346,"stable",3,0
5485867,21,"プランC","タイプ02","AA","ある",528,"down",8,0
5491795,20,"プランC","タイプ02","AA","ある",414,"stable",13,0
5505886,30,"プランB","タイプ01","AA","ある",392,"stable",4,0
5511872,26,"プランC","タイプ02","AA","ない",450,"stable",7,0
5514047,28,"プランB","タイプ01","AA","ない",294,"stable",3,0
5516930,20,"プランC","タイプ02","AA","ない",447,"stable",5,0
5525391,47,"プランB","タイプ01","AA","ない",473,"down",5,0
5525825,27,"プランB","タイプ01","AA","ない",435,"stable",2,0
5530619,41,"プランB","タイプ01","AA","ない",454,"stable",7,0
5539245,19,"プランC","タイプ02","BB","ない",375,"stable",14,1
5540551,27,"プランB","タイプ01","AA","ある",399,"stable",3,0
5540879,24,"プランB","タイプ01","AA","ない",337,"up",14,0
5541734,41,"プランB","タイプ01","AA","ない",506,"down",0,0
5549120,35,"プランB","タイプ01","AA","ない",372,"stable",2,0
5551320,25,"プランB","タイプ01","AA","ない",368,"stable",4,0
5555204,49,"プランA","タイプ01","AA","ない",651,"stable",12,0
5556082,35,"プランB","タイプ01","AA","ない",372,"stable",2,0
5565569,30,"プランB","タイプ01","AA","ある",392,"stable",4,0
5570066,28,"プランB","タイプ01","AA","ない",343,"stable",2,0
5578813,33,"プランB","タイプ01","AA","ない",405,"stable",7,0
5583465,27,"プランB","タイプ01","BB","ある",396,"stable",5,1
5591211,44,"プランB","タイプ01","BB","ない",834,"instable",8,0
5593445,49,"プランB","タイプ01","AA","ない",469,"stable",6,0
5594649,46,"プランB","タイプ01","AA","ない",436,"stable",4,0
5595322,24,"プランB","タイプ01","AA","ない",274,"up",5,0
5598892,30,"プランB","タイプ01","BB","ない",230,"up",10,1
5602755,24,"プランB","タイプ01","AA","ない",312,"stable",1,0
5605767,39,"プランB","タイプ01","AA","ない",481,"stable",11,0
5607417,44,"プランB","タイプ01","AA","ない",396,"down",0,0
5607807,26,"プランB","タイプ01","AA","ない",393,"stable",5,0
5609484,36,"プランB","タイプ01","BB","ある",472,"stable",10,1
5615222,31,"プランB","タイプ01","AA","ない",466,"stable",18,0
5616038,42,"プランB","タイプ01","AA","ない",617,"down",4,0
5617487,23,"プランB","タイプ01","AA","ない",329,"stable",0,0
5619230,26,"プランC","タイプ02","AA","ない",450,"stable",7,0
5630760,33,"プランB","タイプ01","AA","ある",546,"stable",9,0
5635677,27,"プランA","タイプ01","AA","ない",442,"stable",3,0
5638571,35,"プランB","タイプ01","AA","ある",568,"down",10,0
5648983,30,"プランB","タイプ01","AA","ある",392,"stable",4,0
5658748,55,"プランB","タイプ01","AA","ない",749,"down",0,0
5663200,22,"プランC","タイプ02","AA","ない",365,"stable",15,0
5682490,42,"プランB","タイプ01","AA","ある",515,"stable",16,0
5683068,22,"プランC","タイプ02","AA","ない",237,"up",1,0
5686888,46,"プランB","タイプ01","AA","ない",599,"down",1,0
5694812,23,"プランB","タイプ01","AA","ない",425,"down",4,0
5695009,21,"プランC","タイプ02","AA","ない",352,"down",7,0
5696696,27,"プランB","タイプ01","AA","ある",488,"down",8,0
5699796,18,"プランB","タイプ01","AA","ない",222,"up",11,0
5703318,24,"プランC","タイプ02","AA","ない",269,"up",3,0
5710219,29,"プランC","タイプ02","AA","ない",443,"stable",12,0
5714420,32,"プランB","タイプ01","AA","ある",481,"stable",4,0
5716470,26,"プランB","タイプ01","AA","ない",314,"stable",1,0
5730780,48,"プランB","タイプ01","AA","ない",888,"instable",5,0
5733050,23,"プランB","タイプ01","AA","ない",404,"stable",10,0
5733915,45,"プランB","タイプ01","AA","ある",505,"stable",17,0
5734040,34,"プランA","タイプ01","AA","ある",437,"stable",1,0
5734716,32,"プランA","タイプ01","AA","ない",274,"up",11,0
5735744,43,"プランB","タイプ01","BB","ない",643,"stable",1,0
5737800,32,"プランA","タイプ01","AA","ない",313,"stable",2,0
5742692,32,"プランB","タイプ01","AA","ない",500,"stable",0,0
5749171,29,"プランA","タイプ01","AA","ない",408,"up",1,0
5763834,31,"プランA","タイプ01","AA","ない",417,"stable",4,0
5765407,18,"プランB","タイプ01","AA","ない",358,"stable",2,0
5771860,25,"プランC","タイプ02","AA","ある",199,"up",0,1
5773160,42,"プランB","タイプ01","AA","ない",587,"down",4,0
5777871,38,"プランA","タイプ01","AA","ある",650,"down",7,0
5784040,34,"プランB","タイプ01","AA","ある",474,"stable",15,0
5788108,34,"プランB","タイプ01","BB","ない",660,"stable",7,1
5793973,19,"プランA","タイプ01","AA","ない",380,"stable",5,0
5799457,27,"プランA","タイプ01","AA","ある",287,"up",8,0
5803075,18,"プランC","タイプ02","AA","ない",506,"down",6,0
5806590,37,"プランB","タイプ01","AA","ある",441,"down",3,0
5807042,46,"プランC","タイプ02","AA","ある",513,"stable",5,0
5807556,51,"プランB","タイプ01","AA","ない",578,"stable",14,0
5814370,25,"プランC","タイプ02","AA","ない",420,"stable",9,0
5827888,51,"プランB","タイプ01","AA","ない",578,"stable",14,0
5832301,27,"プランC","タイプ02","AA","ない",191,"up",6,1
5840302,18,"プランA","タイプ01","AA","ある",409,"stable",11,0
5843242,33,"プランB","タイプ01","BB","ある",423,"stable",7,1
5847520,41,"プランB","タイプ01","AA","ある",807,"instable",10,0
5849711,21,"プランC","タイプ02","AA","ある",338,"stable",4,0
5851787,28,"プランB","タイプ01","AA","ない",234,"up",5,0
5854040,37,"プランB","タイプ01","AA","ある",679,"down",22,0
5856894,40,"プランC","タイプ02","AA","ない",471,"stable",13,0
5863240,35,"プランB","タイプ01","AA","ない",442,"stable",3,0
5870034,27,"プランA","タイプ01","AA","ある",287,"up",8,0
5878957,33,"プランA","タイプ01","AA","ある",318,"stable",2,0
5883918,30,"プランA","タイプ01","AA","ない",271,"stable",18,0
5896570,35,"プランB","タイプ01","AA","ない",588,"down",6,0
5897597,24,"プランA","タイプ01","AA","ある",264,"up",7,0
5905631,28,"プランC","タイプ02","AA","ある",211,"up",3,1
5909378,33,"プランA","タイプ01","AA","ある",447,"stable",3,0
5910424,33,"プランB","タイプ01","BB","ある",423,"stable",7,1
5923598,30,"プランB","タイプ01","AA","ある",392,"stable",4,0
5927717,50,"プランB","タイプ01","AA","ない",668,"down",6,0
5934343,30,"プランC","タイプ02","AA","ない",392,"stable",6,0
5937655,19,"プランA","タイプ01","AA","ない",387,"stable",1,0
5939150,45,"プランB","タイプ01","AA","ない",644,"stable",9,0
5955326,21,"プランC","タイプ02","AA","ない",417,"stable",15,0
5955376,33,"プランB","タイプ01","AA","ない",429,"stable",10,0
5957783,20,"プランC","タイプ02","AA","ある",414,"stable",13,0
5966091,19,"プランC","タイプ02","BB","ない",166,"up",7,1
5968769,24,"プランA","タイプ01","AA","ない",386,"stable",16,1
5968982,18,"プランC","タイプ02","AA","ない",506,"down",6,0
5969585,48,"プランB","タイプ01","AA","ない",888,"instable",5,0
5970109,46,"プランB","タイプ01","AA","ない",599,"down",1,0
5970422,45,"プランB","タイプ01","AA","ない",644,"stable",9,0
5971080,55,"プランB","タイプ01","AA","ない",749,"down",0,0
5987646,42,"プランB","タイプ01","AA","ある",515,"stable",16,0
5992346,33,"プランB","タイプ01","AA","ない",337,"stable",3,0
6004326,24,"プランC","タイプ02","AA","ない",576,"down",2,0
6017327,50,"プランB","タイプ01","AA","ない",524,"stable",5,0
6021452,20,"プランB","タイプ01","AA","ある",568,"stable",7,0
6029924,29,"プランC","タイプ02","AA","ない",292,"stable",18,0
6042324,30,"プランB","タイプ01","AA","ある",392,"stable",4,0
6051170,20,"プランC","タイプ02","BB","ない",538,"stable",24,1
6054964,22,"プランC","タイプ02","AA","ある",138,"up",7,1
6062760,20,"プランC","タイプ02","AA","ない",340,"stable",4,0
6063484,24,"プランB","タイプ01","AA","ない",312,"stable",1,0
6064590,19,"プランA","タイプ01","AA","ない",387,"stable",1,0
6073528,18,"プランB","タイプ01","AA","ある",372,"stable",1,0
6076861,27,"プランB","タイプ01","AA","ある",349,"stable",2,0
6077693,35,"プランB","タイプ01","AA","ある",568,"down",10,0
6081244,33,"プランB","タイプ01","AA","ある",546,"stable",9,0
6082565,28,"プランA","タイプ01","AA","ない",679,"down",11,0
6089164,28,"プランA","タイプ01","AA","ない",424,"stable",24,0
6095909,46,"プランB","タイプ01","AA","ない",599,"down",1,0
6097012,34,"プランB","タイプ01","BB","ある",476,"stable",4,1
6106059,29,"プランB","タイプ01","AA","ない",377,"stable",1,0
6114147,26,"プランB","タイプ01","BB","ある",426,"stable",6,1
6128319,44,"プランB","タイプ01","AA","ある",651,"down",3,0
6131803,25,"プランB","タイプ01","BB","ない",421,"stable",11,1
6133565,30,"プランB","タイプ01","AA","ない",462,"stable",12,0
6136274,35,"プランB","タイプ01","AA","ない",442,"stable",3,0
6141347,21,"プランA","タイプ01","AA","ない",339,"stable",4,0
6142378,26,"プランC","タイプ02","AA","ない",541,"stable",2,0
6145104,34,"プランB","タイプ01","BB","ない",660,"stable",7,1
6150471,24,"プランB","タイプ01","AA","ない",261,"up",3,0
6151670,19,"プランC","タイプ02","BB","ない",375,"stable",14,1
6155130,25,"プランC","タイプ02","AA","ない",420,"stable",9,0
6156911,22,"プランC","タイプ02","AA","ない",237,"up",1,0
6163679,41,"プランB","タイプ01","AA","ない",454,"stable",7,0
6167017,43,"プランB","タイプ01","BB","ない",643,"stable",1,0
6199505,36,"プランB","タイプ01","BB","ある",373,"stable",5,1
6202980,33,"プランB","タイプ01","BB","ある",423,"stable",7,1
6204750,40,"プランB","タイプ01","AA","ない",489,"down",10,0
6214983,41,"プランB","タイプ01","AA","ない",610,"down",3,0
6220870,40,"プランA","タイプ01","AA","ない",458,"stable",16,0
6229730,29,"プランB","タイプ01","AA","ない",306,"stable",4,0
6230010,27,"プランC","タイプ02","AA","ない",277,"up",3,0
6230560,45,"プランB","タイプ01","AA","ない",582,"down",2,0
6236089,23,"プランB","タイプ01","AA","ない",341,"stable",3,0
6240912,20,"プランC","タイプ02","AA","ない",327,"stable",6,0
6241558,44,"プランB","タイプ01","AA","ない",658,"down",2,0
6245779,41,"プランB","タイプ01","AA","ある",807,"instable",10,0
6256910,42,"プランB","タイプ01","AA","ない",587,"down",4,0
6258460,20,"プランC","タイプ02","AA","ない",393,"stable",2,0
6262952,20,"プランA","タイプ01","AA","ない",461,"stable",5,0
6270777,43,"プランB","タイプ01","AA","ある",498,"stable",13,0
6278500,28,"プランB","タイプ01","AA","ある",498,"stable",10,0
6284106,35,"プランB","タイプ01","AA","ない",588,"down",6,0
6290233,26,"プランB","タイプ01","AA","ない",360,"stable",10,0
6290298,36,"プランB","タイプ01","AA","ない",660,"down",12,0
6294525,38,"プランB","タイプ01","BB","ない",362,"stable",2,0
6300218,26,"プランC","タイプ02","AA","ない",476,"stable",9,0
6306217,21,"プランC","タイプ02","AA","ない",352,"down",7,0
6308093,24,"プランB","タイプ01","BB","ない",194,"up",14,1
6311636,30,"プランA","タイプ01","AA","ない",271,"stable",18,0
6316095,28,"プランC","タイプ02","BB","ある",492,"stable",10,1
6320108,19,"プランC","タイプ02","BB","ない",184,"up",4,1
6333570,22,"プランC","タイプ02","AA","ある",138,"up",7,1
6340667,20,"プランC","タイプ02","BB","ない",264,"stable",3,1
6352155,42,"プランB","タイプ01","AA","ない",617,"down",4,0
6353506,25,"プランC","タイプ02","AA","ない",420,"stable",9,0
6354563,42,"プランB","タイプ01","AA","ある",447,"stable",7,0
6356230,23,"プランB","タイプ01","AA","ある",391,"stable",5,0
6358701,27,"プランB","タイプ01","AA","ない",593,"down",5,0
6364807,29,"プランB","タイプ01","AA","ない",454,"stable",12,0
6365670,28,"プランC","タイプ02","AA","ある",211,"up",3,1
6385406,28,"プランB","タイプ01","AA","ない",471,"stable",2,0
6385830,32,"プランA","タイプ01","AA","ない",313,"stable",2,0
6388974,35,"プランB","タイプ01","AA","ない",372,"stable",2,0
6395333,35,"プランB","タイプ01","BB","ある",553,"stable",2,1
6399727,34,"プランB","タイプ01","AA","ない",513,"stable",10,0
6413265,26,"プランB","タイプ01","AA","ない",314,"stable",1,0
6418570,28,"プランB","タイプ01","AA","ない",158,"up",12,1
6432161,42,"プランB","タイプ01","AA","ない",587,"down",4,0
6438160,34,"プランB","タイプ01","AA","ない",591,"down",4,0
6439407,41,"プランB","タイプ01","AA","ない",454,"stable",7,0
6445844,45,"プランB","タイプ01","AA","ない",644,"stable",9,0
6448515,24,"プランB","タイプ01","BB","ない",194,"up",14,1
6450573,50,"プランB","タイプ01","AA","ない",454,"down",6,0
6458470,84,"プランB","タイプ01","AA","ない",838,"down",2,0
6470109,38,"プランC","タイプ02","AA","ない",633,"down",3,0
6475525,44,"プランA","タイプ01","AA","ある",586,"down",3,0
6485324,44,"プランA","タイプ01","AA","ある",586,"down",3,0
6500569,31,"プランB","タイプ01","AA","ない",405,"stable",10,0
6503009,41,"プランB","タイプ01","AA","ない",454,"stable",7,0
6523963,34,"プランA","タイプ01","AA","ない",492,"stable",16,0
6529420,44,"プランB","タイプ01","AA","ない",523,"down",5,0
6536610,36,"プランB","タイプ01","AA","ない",443,"down",4,0
6541532,44,"プランB","タイプ01","AA","ある",651,"down",3,0
6555055,24,"プランA","タイプ01","AA","ある",264,"up",7,0
6561569,32,"プランB","タイプ01","AA","ない",254,"stable",14,0
6570447,20,"プランC","タイプ02","AA","ない",222,"up",4,1
6575287,26,"プランB","タイプ01","AA","ない",292,"stable",2,0
6577367,38,"プランB","タイプ01","AA","ない",464,"stable",6,0
6587883,44,"プランB","タイプ01","AA","ない",456,"down",5,0
6597112,20,"プランC","タイプ02","AA","ある",424,"stable",3,0
6597570,36,"プランB","タイプ01","AA","ない",451,"stable",11,0
6603261,36,"プランB","タイプ01","AA","ある",490,"stable",11,0
6611957,53,"プランB","タイプ01","AA","ない",384,"stable",13,0
6613610,34,"プランB","タイプ01","BB","ない",660,"stable",7,1
6615644,32,"プランB","タイプ01","BB","ない",401,"stable",6,1
6616145,19,"プランA","タイプ01","AA","ない",397,"stable",4,0
6617770,18,"プランC","タイプ02","AA","ない",523,"stable",6,0
6627993,51,"プランA","タイプ01","AA","ない",691,"down",7,0
6630059,28,"プランC","タイプ02","AA","ある",211,"up",3,1
6630742,31,"プランA","タイプ01","AA","ない",417,"stable",4,0
6637438,28,"プランB","タイプ01","AA","ない",413,"stable",3,0
6647531,33,"プランB","タイプ01","BB","ない",494,"stable",13,1
6655079,18,"プランC","タイプ02","AA","ない",160,"up",7,1
6655409,19,"プランC","タイプ02","AA","ない",235,"stable",5,0
6655666,45,"プランB","タイプ01","AA","ない",582,"down",2,0
6675515,55,"プランB","タイプ01","AA","ない",923,"instable",1,0
6680339,24,"プランB","タイプ01","AA","ある",442,"stable",5,0
6702364,23,"プランB","タイプ01","AA","ない",358,"stable",11,0
6707412,27,"プランC","タイプ02","AA","ない",198,"up",9,1
6713360,18,"プランA","タイプ01","AA","ない",307,"up",5,0
6730152,20,"プランC","タイプ02","AA","ない",340,"stable",4,0
6732594,32,"プランB","タイプ01","AA","ない",276,"stable",4,0
6742176,26,"プランB","タイプ01","AA","ない",292,"stable",2,0
6747450,41,"プランB","タイプ01","AA","ない",430,"stable",3,0
6752282,30,"プランB","タイプ01","AA","ある",426,"stable",2,0
6758460,41,"プランB","タイプ01","AA","ない",506,"down",0,0
6758780,32,"プランB","タイプ01","AA","ない",810,"down",9,0
6770103,20,"プランC","タイプ02","AA","ない",423,"instable",19,0
6774740,41,"プランB","タイプ01","AA","ない",535,"down",1,0
6780570,24,"プランC","タイプ02","AA","ない",220,"up",7,1
6781708,54,"プランB","タイプ01","AA","ない",601,"down",11,0
6786244,19,"プランA","タイプ01","AA","ない",215,"up",12,1
6804492,33,"プランA","タイプ01","AA","ある",447,"stable",3,0
6805116,44,"プランC","タイプ02","AA","ない",670,"down",2,0
6807171,35,"プランB","タイプ01","AA","ある",359,"stable",11,0
6808049,23,"プランB","タイプ01","AA","ない",358,"stable",11,0
6812215,42,"プランB","タイプ01","AA","ない",617,"down",4,0
6819407,35,"プランA","タイプ01","AA","ある",375,"stable",4,0
6819784,20,"プランB","タイプ01","AA","ある",568,"stable",7,0
6825001,32,"プランB","タイプ01","AA","ある",481,"stable",4,0
6825896,49,"プランB","タイプ01","AA","ない",469,"stable",6,0
6828748,19,"プランA","タイプ01","AA","ない",387,"stable",1,0
6836158,30,"プランB","タイプ01","AA","ない",401,"stable",9,0
6839020,45,"プランB","タイプ01","BB","ない",906,"instable",10,0
6841281,29,"プランA","タイプ01","AA","ない",408,"up",1,0
6846722,51,"プランB","タイプ01","AA","ある",672,"down",5,0
6848689,23,"プランB","タイプ01","AA","ない",180,"up",12,1
6849052,47,"プランA","タイプ01","AA","ある",479,"stable",3,0
6869008,38,"プランB","タイプ01","AA","ない",498,"stable",6,0
6870804,44,"プランB","タイプ01","AA","ない",523,"down",5,0
6881590,36,"プランB","タイプ01","AA","ない",451,"stable",11,0
6889955,35,"プランB","タイプ01","AA","ある",549,"down",6,0
6892221,45,"プランB","タイプ01","AA","ある",505,"stable",17,0
6895672,46,"プランC","タイプ02","AA","ある",513,"stable",5,0
6905981,41,"プランB","タイプ01","AA","ない",506,"down",0,0
6907860,26,"プランB","タイプ01","AA","ない",393,"stable",5,0
6911680,20,"プランA","タイプ01","AA","ない",411,"stable",0,0
6918379,34,"プランB","タイプ01","AA","ない",454,"stable",7,0
6922881,36,"プランB","タイプ01","BB","ある",373,"stable",5,1
6926045,31,"プランB","タイプ01","AA","ない",405,"stable",10,0
6945907,33,"プランA","タイプ01","AA","ある",318,"stable",2,0
6951035,41,"プランB","タイプ01","AA","ない",454,"stable",7,0
6963069,28,"プランA","タイプ01","AA","ない",164,"up",6,1
6968661,30,"プランB","タイプ01","AA","ある",426,"stable",2,0
6968785,34,"プランB","タイプ01","AA","ない",211,"stable",13,1
6973410,30,"プランB","タイプ01","BB","ない",365,"stable",4,0
6979923,29,"プランB","タイプ01","AA","ない",549,"down",6,0
6994676,21,"プランC","タイプ02","AA","ある",338,"stable",4,0
6995923,28,"プランA","タイプ01","AA","ない",424,"stable",24,0
6996872,32,"プランA","タイプ01","AA","ない",396,"stable",3,0
7012553,32,"プランA","タイプ01","AA","ない",396,"stable",3,0
7018036,24,"プランB","タイプ01","AA","ない",312,"stable",1,0
7024765,26,"プランB","タイプ01","AA","ない",370,"stable",1,0
7031689,23,"プランB","タイプ01","AA","ない",404,"stable",10,0
7035653,42,"プランB","タイプ01","AA","ない",427,"stable",1,0
7044396,45,"プランB","タイプ01","AA","ある",697,"down",0,0
7050135,24,"プランB","タイプ01","AA","ない",174,"up",6,1
7050240,41,"プランB","タイプ01","AA","ない",467,"stable",4,0
7073257,22,"プランB","タイプ01","AA","ある",399,"stable",12,0
7076626,37,"プランA","タイプ01","AA","ある",618,"stable",3,0
7080809,34,"プランB","タイプ01","BB","ある",476,"stable",4,1
7083487,45,"プランB","タイプ01","AA","ある",505,"stable",17,0
7086123,24,"プランB","タイプ01","AA","ない",355,"stable",8,0
7095807,35,"プランB","タイプ01","AA","ある",485,"stable",10,0
7103973,42,"プランC","タイプ02","AA","ある",409,"stable",8,1
7110023,28,"プランC","タイプ02","AA","ない",296,"stable",5,0
7130930,35,"プランB","タイプ01","AA","ない",455,"down",2,0
7143433,26,"プランB","タイプ01","AA","ない",370,"stable",1,0
7143557,44,"プランB","タイプ01","AA","ある",651,"down",3,0
7144103,23,"プランB","タイプ01","AA","ない",279,"up",9,0
7148024,24,"プランB","タイプ01","AA","ない",174,"up",6,1
7155254,28,"プランB","タイプ01","AA","ない",234,"up",5,0
7158506,50,"プランB","タイプ01","BB","ある",491,"stable",8,1
7159675,45,"プランB","タイプ01","AA","ない",697,"down",6,0
7161248,31,"プランB","タイプ01","AA","ない",400,"stable",8,0
7171065,26,"プランB","タイプ01","AA","ない",314,"stable",1,0
7178658,55,"プランB","タイプ01","AA","ない",814,"down",4,0
7181080,35,"プランB","タイプ01","BB","ある",553,"stable",2,1
7187240,33,"プランB","タイプ01","BB","ない",494,"stable",13,1
7194592,27,"プランA","タイプ01","AA","ある",287,"up",8,0
7200245,24,"プランB","タイプ01","AA","ない",274,"up",5,0
7204087,25,"プランA","タイプ01","AA","ない",425,"stable",10,0
7206207,44,"プランB","タイプ01","AA","ない",518,"down",12,0
7213259,29,"プランB","タイプ01","AA","ない",377,"stable",1,0
7215558,45,"プランB","タイプ01","AA","ない",674,"down",4,0
7223776,23,"プランB","タイプ01","BB","ない",403,"stable",10,1
7232951,53,"プランB","タイプ01","AA","ある",684,"down",2,0
7240905,31,"プランB","タイプ01","AA","ない",378,"stable",4,0
7241734,46,"プランC","タイプ02","AA","ある",513,"stable",5,0
7243548,38,"プランB","タイプ01","AA","ない",464,"stable",6,0
7244570,23,"プランB","タイプ01","AA","ない",341,"stable",3,0
7250220,40,"プランA","タイプ01","AA","ない",458,"stable",16,0
7257943,41,"プランB","タイプ01","AA","ない",408,"stable",8,0
7262538,45,"プランB","タイプ01","AA","ない",674,"down",4,0
7272028,22,"プランC","タイプ02","AA","ある",138,"up",7,1
7275460,20,"プランC","タイプ02","AA","ない",433,"stable",0,0
7283357,23,"プランB","タイプ01","AA","ない",180,"up",12,1
7291046,32,"プランB","タイプ01","AA","ある",467,"stable",7,0
7291625,59,"プランB","タイプ01","AA","ない",562,"down",3,0
7294160,23,"プランA","タイプ01","AA","ない",147,"up",7,1
7306362,29,"プランB","タイプ01","AA","ない",336,"stable",10,0
7315827,30,"プランB","タイプ01","AA","ある",426,"stable",2,0
7317178,28,"プランB","タイプ01","AA","ない",211,"up",7,1
7319742,36,"プランB","タイプ01","AA","ない",443,"down",4,0
7323224,20,"プランC","タイプ02","AA","ない",447,"stable",5,0
7331057,23,"プランB","タイプ01","AA","ない",341,"stable",3,0
7332806,18,"プランB","タイプ01","AA","ない",222,"up",11,0
7333609,37,"プランB","タイプ01","AA","ない",489,"down",5,0
7338037,22,"プランC","タイプ02","AA","ある",178,"up",9,1
7341468,38,"プランC","タイプ02","AA","ない",633,"down",3,0
7345820,47,"プランB","タイプ01","AA","ない",473,"down",5,0
7356321,26,"プランB","タイプ01","AA","ない",370,"stable",1,0
7357301,42,"プランB","タイプ01","AA","ない",587,"down",4,0
7357567,27,"プランB","タイプ01","AA","ある",488,"down",8,0
7358760,27,"プランB","タイプ01","AA","ある",349,"stable",3,0
7362312,18,"プランB","タイプ01","AA","ない",358,"stable",2,0
7366234,30,"プランB","タイプ01","AA","ない",462,"stable",12,0
7367235,27,"プランC","タイプ02","AA","ない",277,"up",3,0
7377150,37,"プランB","タイプ01","AA","ある",679,"down",22,0
7378818,22,"プランC","タイプ02","AA","ない",365,"stable",15,0
7379325,24,"プランB","タイプ01","AA","ない",261,"up",3,0
7383978,27,"プランA","タイプ01","AA","ある",287,"up",8,0
7386886,23,"プランB","タイプ01","AA","ある",391,"stable",5,0
7392070,33,"プランA","タイプ01","AA","ある",447,"stable",3,0
7404183,27,"プランB","タイプ01","AA","ない",367,"stable",8,0
7404239,30,"プランC","タイプ02","AA","ない",392,"stable",6,0
7407730,53,"プランB","タイプ01","AA","ある",684,"down",2,0
7411046,19,"プランA","タイプ01","AA","ない",380,"stable",5,0
7416360,27,"プランB","タイプ01","AA","ある",403,"stable",4,0
7420010,23,"プランB","タイプ01","AA","ない",329,"stable",0,0
7421138,32,"プランB","タイプ01","BB","ない",401,"stable",6,1
7427752,24,"プランA","タイプ01","AA","ない",386,"stable",16,1
7428539,43,"プランC","タイプ02","BB","ある",444,"stable",4,0
7430685,19,"プランC","タイプ02","BB","ない",184,"up",4,1
7439380,20,"プランC","タイプ02","AA","ない",447,"stable",5,0
7441734,22,"プランA","タイプ01","AA","ない",483,"stable",10,0
7461554,36,"プランB","タイプ01","AA","ある",397,"stable",7,0
7465901,25,"プランC","タイプ02","AA","ある",199,"up",0,1
7480262,41,"プランB","タイプ01","AA","ない",430,"stable",3,0
7488087,55,"プランB","タイプ01","AA","ない",643,"down",15,0
7493140,23,"プランA","タイプ01","AA","ない",208,"up",7,0
7494995,32,"プランB","タイプ01","AA","ない",276,"stable",4,0
7502509,33,"プランB","タイプ01","AA","ない",296,"stable",8,0
7509232,27,"プランA","タイプ01","AA","ある",423,"stable",6,0
7509490,35,"プランB","タイプ01","AA","ある",549,"down",6,0
7510024,40,"プランB","タイプ01","AA","ない",287,"up",2,0
7522334,32,"プランB","タイプ01","AA","ない",500,"stable",0,0
7522481,45,"プランB","タイプ01","AA","ない",789,"down",1,0
7538792,30,"プランB","タイプ01","BB","ない",230,"up",10,1
7548030,33,"プランB","タイプ01","AA","ない",429,"stable",10,0
7554002,27,"プランA","タイプ01","AA","ない",569,"stable",6,0
7566872,36,"プランB","タイプ01","BB","ない",408,"stable",6,1
7569396,19,"プランC","タイプ02","BB","ない",184,"up",4,1
7573747,29,"プランB","タイプ01","AA","ない",388,"stable",8,0
7573942,50,"プランB","タイプ01","AA","ない",643,"down",5,0
7576464,32,"プランB","タイプ01","AA","ある",410,"stable",8,0
7580113,42,"プランB","タイプ01","BB","ない",510,"stable",1,1
7581668,25,"プランB","タイプ01","AA","ない",256,"up",14,1
7585400,32,"プランB","タイプ01","AA","ない",521,"stable",6,0
7587974,41,"プランB","タイプ01","AA","ない",535,"down",1,0
7591512,27,"プランA","タイプ01","AA","ない",442,"stable",3,0
7594982,20,"プランC","タイプ02","AA","ない",340,"stable",4,0
7608263,35,"プランB","タイプ01","AA","ない",442,"stable",3,0
7613679,37,"プランB","タイプ01","AA","ない",375,"down",10,0
7614935,44,"プランB","タイプ01","AA","ない",593,"down",4,0
7631450,31,"プランB","タイプ01","AA","ない",378,"stable",4,0
7635868,36,"プランB","タイプ01","AA","ある",490,"stable",11,0
7650643,24,"プランC","タイプ02","AA","ない",269,"up",3,0
7657465,28,"プランA","タイプ01","AA","ない",424,"stable",24,0
7662144,38,"プランB","タイプ01","AA","ない",498,"stable",6,0
7664050,21,"プランC","タイプ02","AA","ない",352,"down",7,0
7669907,27,"プランA","タイプ01","AA","ある",423,"stable",6,0
7672779,55,"プランB","タイプ01","AA","ない",660,"down",4,0
7678830,27,"プランB","タイプ01","AA","ある",349,"stable",2,0
7688069,41,"プランB","タイプ01","AA","ない",467,"stable",4,0
7694536,45,"プランB","タイプ01","AA","ある",505,"stable",17,0
7700552,18,"プランC","タイプ02","BB","ない",195,"up",7,1
7715893,18,"プランC","タイプ02","AA","ない",180,"up",12,1
7728761,63,"プランB","タイプ01","AA","ない",602,"stable",4,0
7733279,38,"プランB","タイプ01","BB","ない",362,"stable",2,0
7734771,24,"プランB","タイプ01","AA","ない",261,"up",3,0
7739932,26,"プランC","タイプ02","AA","ない",541,"stable",2,0
7741665,31,"プランB","タイプ01","AA","ない",378,"stable",4,0
7745261,22,"プランC","タイプ02","AA","ある",351,"stable",4,0
7751629,27,"プランB","タイプ01","AA","ない",429,"stable",9,0
7751730,50,"プランB","タイプ01","AA","ない",643,"down",5,0
7804638,24,"プランB","タイプ01","AA","ない",337,"up",14,0
7815031,55,"プランB","タイプ01","AA","ない",660,"down",4,0
7815043,23,"プランB","タイプ01","AA","ない",279,"up",9,0
7819958,41,"プランB","タイプ01","AA","ない",430,"stable",3,0
7821377,34,"プランB","タイプ01","AA","ない",405,"stable",14,0
7831572,34,"プランB","タイプ01","AA","ない",405,"stable",14,0
7832457,33,"プランA","タイプ01","AA","ある",318,"stable",2,0
7835415,23,"プランA","タイプ01","AA","ない",550,"stable",6,0
7836483,35,"プランB","タイプ01","AA","ない",588,"down",6,0
7846505,28,"プランC","タイプ02","BB","ある",492,"stable",10,1
7860716,32,"プランB","タイプ01","AA","ない",810,"down",9,0
7865400,31,"プランB","タイプ01","AA","ない",425,"stable",1,0
7872189,27,"プランA","タイプ01","AA","ない",442,"stable",3,0
7873792,25,"プランC","タイプ02","AA","ない",353,"stable",4,0
7879356,43,"プランB","タイプ01","AA","ある",498,"stable",13,0
7879738,37,"プランB","タイプ01","AA","ある",441,"down",3,0
7892050,28,"プランB","タイプ01","AA","ある",269,"stable",5,0
7896236,33,"プランA","タイプ01","AA","ない",380,"stable",9,0
7899900,38,"プランC","タイプ02","AA","ない",650,"down",5,0
7902674,35,"プランB","タイプ01","AA","ない",402,"stable",12,0
7908313,37,"プランB","タイプ01","AA","ない",473,"stable",9,0
7931755,38,"プランA","タイプ01","AA","ある",650,"down",7,0
7936191,41,"プランB","タイプ01","AA","ない",506,"down",0,0
7936350,22,"プランC","タイプ02","AA","ない",152,"up",5,1
7942082,32,"プランA","タイプ01","AA","ない",396,"stable",3,0
7942601,33,"プランB","タイプ01","AA","ない",337,"stable",3,0
7945271,60,"プランB","タイプ01","AA","ない",827,"instable",4,0
7959293,27,"プランB","タイプ01","AA","ある",349,"stable",3,0
7961561,24,"プランB","タイプ01","AA","ない",527,"stable",2,0
7964421,18,"プランC","タイプ02","AA","ない",506,"down",6,0
7972183,20,"プランC","タイプ02","AA","ない",393,"stable",2,0
7979739,44,"プランB","タイプ01","BB","ない",834,"instable",8,0
7980500,32,"プランB","タイプ01","AA","ある",473,"stable",4,0
7983336,25,"プランA","タイプ01","AA","ある",413,"stable",3,0
7985287,18,"プランA","タイプ01","AA","ない",284,"up",1,0
7999430,20,"プランC","タイプ02","AA","ない",447,"stable",5,0
8008267,27,"プランC","タイプ02","BB","ない",422,"stable",9,1
8012601,41,"プランB","タイプ01","AA","ない",535,"down",1,0
8017092,22,"プランC","タイプ02","AA","ある",351,"stable",4,0
8018622,20,"プランC","タイプ02","AA","ない",222,"up",4,1
8019004,24,"プランB","タイプ01","AA","ある",442,"stable",5,0
8023189,59,"プランB","タイプ01","BB","ない",877,"instable",7,0
8031656,43,"プランB","タイプ01","BB","ない",643,"stable",1,0
8045868,26,"プランB","タイプ01","AA","ない",292,"stable",2,0
8049726,27,"プランB","タイプ01","AA","ある",399,"stable",3,0
8059570,29,"プランB","タイプ01","AA","ない",388,"stable",8,0
8071515,46,"プランB","タイプ01","AA","ない",436,"stable",4,0
8075342,43,"プランB","タイプ01","AA","ない",429,"stable",12,1
8077726,59,"プランB","タイプ01","AA","ない",562,"down",3,0
8082295,31,"プランB","タイプ01","AA","ない",425,"stable",1,0
8082895,22,"プランB","タイプ01","AA","ある",399,"stable",12,0
8090911,26,"プランC","タイプ02","AA","ある",321,"stable",7,0
8099201,42,"プランB","タイプ01","AA","ない",427,"stable",1,0
8101014,44,"プランB","タイプ01","AA","ない",518,"down",12,0
8109125,19,"プランA","タイプ01","AA","ない",397,"stable",4,0
8116750,37,"プランB","タイプ01","AA","ある",679,"down",22,0
8120464,38,"プランC","タイプ02","AA","ない",633,"down",3,0
8126568,24,"プランB","タイプ01","AA","ない",274,"up",5,0
8126923,51,"プランB","タイプ01","AA","ある",672,"down",5,0
8129309,24,"プランC","タイプ02","AA","ない",220,"up",7,1
8131121,41,"プランB","タイプ01","AA","ない",535,"down",1,0
8138107,31,"プランA","タイプ01","AA","ない",417,"stable",4,0
8142434,39,"プランB","タイプ01","AA","ない",437,"stable",17,0
8152740,23,"プランA","タイプ01","AA","ない",147,"up",7,1
8154990,28,"プランA","タイプ01","AA","ない",254,"up",2,0
8155721,33,"プランB","タイプ01","BB","ない",494,"stable",13,1
8158211,34,"プランB","タイプ01","AA","ない",453,"stable",7,0
8172786,35,"プランB","タイプ01","AA","ある",568,"down",10,0
8183852,20,"プランC","タイプ02","AA","ある",346,"stable",3,0
8186614,25,"プランB","タイプ01","AA","ある",553,"stable",2,0
8197374,60,"プランB","タイプ01","AA","ない",827,"instable",4,0
8198767,28,"プランA","タイプ01","AA","ない",164,"up",6,1
8208111,30,"プランB","タイプ01","AA","ある",459,"stable",26,0
8209914,23,"プランB","タイプ01","AA","ない",425,"down",4,0
8221712,29,"プランB","タイプ01","AA","ない",554,"stable",4,0
8233268,41,"プランB","タイプ01","AA","ない",430,"stable",3,0
8235671,33,"プランB","タイプ01","AA","ない",385,"stable",4,0
8238870,43,"プランB","タイプ01","AA","ある",498,"stable",13,0
8242270,19,"プランA","タイプ01","AA","ない",264,"up",6,0
8245581,34,"プランB","タイプ01","AA","ない",453,"stable",7,0
8255297,29,"プランB","タイプ01","AA","ない",295,"stable",4,0
8259137,41,"プランB","タイプ01","AA","ない",467,"stable",4,0
8266721,18,"プランC","タイプ02","AA","ない",161,"up",11,1
8268811,27,"プランB","タイプ01","AA","ない",593,"down",5,0
8278768,24,"プランA","タイプ01","AA","ない",386,"stable",16,1
8294359,34,"プランB","タイプ01","AA","ない",405,"stable",14,0
8299039,28,"プランB","タイプ01","AA","ない",211,"up",7,1
8309032,40,"プランB","タイプ01","AA","ない",489,"down",10,0
8314830,24,"プランB","タイプ01","AA","ない",355,"stable",8,0
8328353,37,"プランB","タイプ01","AA","ない",489,"down",5,0
8331194,34,"プランB","タイプ01","AA","ある",474,"stable",5,0
8334734,40,"プランB","タイプ01","AA","ない",287,"up",2,0
8336885,24,"プランA","タイプ01","AA","ない",386,"stable",16,1
8356697,36,"プランB","タイプ01","AA","ない",633,"down",8,0
8366820,28,"プランA","タイプ01","AA","ない",164,"up",6,1
8376285,19,"プランC","タイプ02","BB","ない",169,"up",6,1
8376290,42,"プランB","タイプ01","AA","ある",447,"stable",7,0
8377766,34,"プランB","タイプ01","AA","ある",474,"stable",5,0
8391750,23,"プランB","タイプ01","AA","ない",409,"stable",6,0
8395779,28,"プランC","タイプ02","BB","ある",492,"stable",10,1
8399107,35,"プランB","タイプ01","AA","ある",568,"down",10,0
8402740,20,"プランC","タイプ02","AA","ある",294,"up",3,0
8435456,55,"プランB","タイプ01","AA","ない",923,"instable",1,0
8439129,24,"プランB","タイプ01","AA","ない",261,"up",3,0
8446207,31,"プランB","タイプ01","AA","ある",402,"stable",10,0
8458258,20,"プランC","タイプ02","AA","ある",294,"up",3,0
8465305,37,"プランB","タイプ01","AA","ある",441,"down",3,0
8465730,20,"プランC","タイプ02","AA","ない",423,"instable",19,0
8481070,26,"プランC","タイプ02","AA","ない",541,"stable",2,0
8483302,44,"プランB","タイプ01","AA","ない",396,"down",0,0
8485637,29,"プランB","タイプ01","AA","ない",454,"stable",12,0
8492645,24,"プランC","タイプ02","AA","ない",220,"up",7,1
8495080,29,"プランB","タイプ01","AA","ない",388,"stable",8,0
8497905,35,"プランB","タイプ01","AA","ない",442,"stable",3,0
8504626,42,"プランB","タイプ01","AA","ある",515,"stable",16,0
8509870,51,"プランB","タイプ01","AA","ない",578,"stable",14,0
8520420,30,"プランB","タイプ01","BB","ない",230,"up",10,1
8521765,36,"プランB","タイプ01","AA","ない",397,"stable",6,0
8523529,24,"プランB","タイプ01","AA","ない",337,"up",14,0
8530380,23,"プランA","タイプ01","AA","ない",550,"stable",6,0
8530427,37,"プランB","タイプ01","AA","ない",489,"down",5,0
8536885,32,"プランB","タイプ01","BB","ない",401,"stable",6,1
8538416,37,"プランB","タイプ01","AA","ない",344,"stable",15,0
8541598,19,"プランC","タイプ02","AA","ない",235,"stable",5,0
8550787,26,"プランB","タイプ01","AA","ある",626,"down",7,0
8552596,32,"プランB","タイプ01","AA","ない",810,"down",9,0
8577575,33,"プランB","タイプ01","BB","ない",494,"stable",13,1
8582214,44,"プランB","タイプ01","AA","ない",396,"down",0,0
8595002,36,"プランB","タイプ01","AA","ない",451,"stable",11,0
8599060,42,"プランB","タイプ01","BB","ない",510,"stable",1,1
8603065,41,"プランB","タイプ01","AA","ない",408,"stable",8,0
8604076,44,"プランB","タイプ01","AA","ない",593,"down",4,0
8607960,44,"プランB","タイプ01","BB","ない",834,"instable",8,0
8609032,24,"プランB","タイプ01","BB","ある",475,"stable",1,1
8612106,21,"プランC","タイプ02","AA","ある",338,"stable",4,0
8617960,27,"プランB","タイプ01","AA","ない",435,"stable",2,0
8625564,23,"プランB","タイプ01","AA","ない",425,"down",4,0
8626481,28,"プランB","タイプ01","AA","ない",413,"stable",3,0
8626576,23,"プランB","タイプ01","AA","ある",391,"stable",5,0
8638342,33,"プランB","タイプ01","AA","ない",296,"stable",8,0
8641520,21,"プランC","タイプ02","AA","ない",352,"down",7,0
8645432,42,"プランB","タイプ01","AA","ある",665,"stable",5,0
8662136,23,"プランB","タイプ01","AA","ない",358,"stable",11,0
8665094,19,"プランC","タイプ02","BB","ない",375,"stable",14,1
8674091,26,"プランB","タイプ01","AA","ない",370,"stable",1,0
8675087,45,"プランB","タイプ01","AA","ある",697,"down",0,0
8682761,47,"プランB","タイプ01","AA","ない",405,"stable",12,0
8692905,21,"プランC","タイプ02","AA","ない",277,"stable",6,0
8704505,33,"プランB","タイプ01","BB","ある",423,"stable",7,1
8705744,21,"プランA","タイプ01","AA","ない",339,"stable",4,0
8708608,22,"プランC","タイプ02","AA","ない",365,"stable",15,0
8723221,44,"プランB","タイプ01","AA","ない",518,"down",12,0
8723968,20,"プランC","タイプ02","AA","ない",433,"stable",0,0
8732204,34,"プランB","タイプ01","AA","ない",513,"stable",10,0
8734497,63,"プランB","タイプ01","AA","ない",602,"stable",4,0
8737885,28,"プランB","タイプ01","AA","ある",269,"stable",5,0
8744821,30,"プランB","タイプ01","BB","ない",412,"stable",0,1
8750444,20,"プランC","タイプ02","AA","ある",245,"up",8,0
8751671,31,"プランB","タイプ01","AA","ない",466,"stable",18,0
8752613,33,"プランB","タイプ01","AA","ない",337,"stable",3,0
8762419,19,"プランC","タイプ02","BB","ない",169,"up",6,1
8796636,33,"プランB","タイプ01","BB","ある",423,"stable",7,1
8798814,36,"プランB","タイプ01","BB","ある",472,"stable",10,1
8802648,26,"プランC","タイプ02","AA","ない",476,"stable",9,0
8822052,20,"プランC","タイプ02","BB","ない",538,"stable",24,1
8840223,47,"プランA","タイプ01","AA","ある",479,"stable",3,0
8843000,32,"プランA","タイプ01","AA","ない",274,"up",11,0
8859264,36,"プランB","タイプ01","AA","ない",644,"down",13,0
8861233,40,"プランB","タイプ01","AA","ない",448,"down",1,0
8866864,39,"プランB","タイプ01","AA","ない",481,"stable",11,0
8868453,40,"プランB","タイプ01","AA","ない",448,"down",1,0
8869109,33,"プランB","タイプ01","AA","ない",429,"stable",10,0
8870301,21,"プランC","タイプ02","AA","ない",277,"stable",6,0
8870531,26,"プランB","タイプ01","AA","ない",393,"stable",5,0
8878972,26,"プランB","タイプ01","AA","ない",393,"stable",5,0
8913146,63,"プランB","タイプ01","AA","ある",769,"down",10,0
8927400,39,"プランB","タイプ01","AA","ない",481,"stable",11,0
8930842,35,"プランA","タイプ01","AA","ある",375,"stable",4,0
8941045,28,"プランB","タイプ01","AA","ない",353,"stable",5,0
8951068,24,"プランB","タイプ01","BB","ある",475,"stable",1,1
8956447,31,"プランB","タイプ01","AA","ない",405,"stable",10,0
8958567,40,"プランC","タイプ02","AA","ない",471,"stable",13,0
8961901,68,"プランB","タイプ01","AA","ある",789,"down",10,0
8979297,24,"プランB","タイプ01","AA","ない",174,"up",6,1
8989987,25,"プランB","タイプ01","AA","ない",383,"stable",2,0
8996960,30,"プランB","タイプ01","AA","ある",459,"stable",26,0
9001487,51,"プランB","タイプ01","AA","ない",578,"stable",14,0
9004488,29,"プランB","タイプ01","AA","ない",194,"up",9,1
9014386,27,"プランC","タイプ02","AA","ない",191,"up",6,1
9021661,27,"プランC","タイプ02","AA","ない",198,"up",9,1
9023134,26,"プランC","タイプ02","AA","ない",541,"stable",2,0
9025314,27,"プランB","タイプ01","AA","ある",403,"stable",4,0
9028210,27,"プランA","タイプ01","AA","ある",287,"up",8,0
9030950,45,"プランB","タイプ01","AA","ない",644,"stable",9,0
9046799,31,"プランB","タイプ01","AA","ない",400,"stable",8,0
9055995,22,"プランB","タイプ01","AA","ある",399,"stable",12,0
9057162,23,"プランA","タイプ01","AA","ない",208,"up",7,0
9060292,25,"プランB","タイプ01","AA","ある",553,"stable",2,0
9064945,19,"プランA","タイプ01","AA","ない",397,"stable",4,0
9066010,36,"プランB","タイプ01","AA","ない",401,"stable",3,0
9073982,35,"プランB","タイプ01","BB","ある",553,"stable",2,1
9077066,20,"プランC","タイプ02","AA","ある",424,"stable",3,0
9082960,35,"プランB","タイプ01","AA","ない",372,"stable",2,0
9085791,20,"プランC","タイプ02","AA","ない",433,"stable",0,0
9089952,38,"プランB","タイプ01","AA","ない",498,"stable",6,0
9100850,27,"プランC","タイプ02","BB","ない",422,"stable",9,1
9111090,31,"プランB","タイプ01","AA","ない",378,"stable",4,0
9111960,25,"プランB","タイプ01","AA","ない",256,"up",14,1
9115797,29,"プランA","タイプ01","AA","ない",408,"up",1,0
9132502,24,"プランA","タイプ01","AA","ある",264,"up",7,0
9139184,19,"プランC","タイプ02","AA","ない",235,"stable",5,0
9148342,40,"プランB","タイプ01","AA","ない",489,"down",10,0
9159555,28,"プランB","タイプ01","AA","ある",498,"stable",10,0
9165189,41,"プランB","タイプ01","AA","ない",610,"down",3,0
9173075,20,"プランC","タイプ02","AA","ない",433,"stable",0,0
9195049,32,"プランB","タイプ01","AA","ある",481,"stable",4,0
9196411,19,"プランC","タイプ02","BB","ない",166,"up",7,1
9199089,47,"プランB","タイプ01","AA","ない",405,"stable",12,0
9201886,37,"プランB","タイプ01","AA","ない",344,"stable",15,0
9203938,20,"プランC","タイプ02","AA","ない",393,"stable",2,0
9205653,55,"プランB","タイプ01","AA","ない",749,"down",0,0
9207562,42,"プランB","タイプ01","AA","ない",427,"stable",1,0
9214530,19,"プランC","タイプ02","BB","ない",166,"up",7,1
9216715,24,"プランB","タイプ01","AA","ない",304,"stable",13,0
9221522,50,"プランB","タイプ01","AA","ない",524,"stable",5,0
9221734,38,"プランA","タイプ01","AA","ない",430,"up",4,0
9224603,34,"プランB","タイプ01","AA","ない",211,"stable",13,1
9226484,19,"プランC","タイプ02","BB","ない",375,"stable",14,1
9230081,36,"プランA","タイプ01","AA","ない",371,"stable",9,0
9247684,32,"プランA","タイプ01","AA","ない",396,"stable",3,0
9250527,18,"プランC","タイプ02","BB","ない",195,"up",7,1
9258040,29,"プランB","タイプ01","AA","ない",454,"stable",12,0
9268523,21,"プランC","タイプ02","AA","ない",417,"stable",15,0
9274301,42,"プランB","タイプ01","BB","ない",510,"stable",1,1
9277503,30,"プランB","タイプ01","BB","ない",412,"stable",0,1
9278034,28,"プランB","タイプ01","AA","ない",353,"stable",5,0
9303871,29,"プランB","タイプ01","AA","ない",554,"stable",4,0
9309783,27,"プランB","タイプ01","AA","ない",429,"stable",9,0
9312439,50,"プランB","タイプ01","AA","ない",454,"down",6,0
9329194,33,"プランB","タイプ01","AA","ない",296,"stable",8,0
9330577,23,"プランB","タイプ01","AA","ない",358,"stable",11,0
9344461,20,"プランA","タイプ01","AA","ない",461,"stable",5,0
9348742,27,"プランB","タイプ01","AA","ある",403,"stable",4,0
9349780,25,"プランB","タイプ01","AA","ない",452,"stable",3,0
9352516,20,"プランA","タイプ01","AA","ない",461,"stable",5,0
9353034,41,"プランB","タイプ01","AA","ない",535,"down",1,0
9353810,21,"プランC","タイプ02","AA","ない",352,"down",7,0
9358256,51,"プランA","タイプ01","AA","ない",691,"down",7,0
9365540,36,"プランB","タイプ01","AA","ない",397,"stable",6,0
9372159,43,"プランC","タイプ02","BB","ある",444,"stable",4,0
9372171,38,"プランC","タイプ02","AA","ない",633,"down",3,0
9388300,29,"プランC","タイプ02","AA","ない",292,"stable",18,0
9390280,45,"プランB","タイプ01","AA","ある",697,"down",0,0
9392005,24,"プランB","タイプ01","AA","ある",442,"stable",5,0
9396361,40,"プランA","タイプ01","AA","ない",458,"stable",16,0
9404960,28,"プランB","タイプ01","AA","ある",498,"stable",10,0
9412649,38,"プランC","タイプ02","AA","ない",633,"down",3,0
9443721,27,"プランC","タイプ02","AA","ない",277,"up",3,0
9450355,24,"プランB","タイプ01","AA","ない",355,"stable",8,0
9453004,26,"プランB","タイプ01","AA","ない",370,"stable",1,0
9458884,28,"プランB","タイプ01","AA","ない",343,"stable",2,0
9461407,51,"プランB","タイプ01","AA","ある",672,"down",5,0
9465134,23,"プランB","タイプ01","AA","ない",329,"stable",0,0
9472625,42,"プランB","タイプ01","AA","ある",515,"stable",16,0
9472789,58,"プランB","タイプ01","AA","ある",887,"instable",7,0
9474010,26,"プランB","タイプ01","AA","ある",268,"up",4,0
9489885,28,"プランC","タイプ02","AA","ない",296,"stable",5,0
9501605,28,"プランB","タイプ01","AA","ある",443,"stable",3,0
9513014,18,"プランC","タイプ02","AA","ない",160,"up",7,1
9513978,24,"プランA","タイプ01","AA","ない",386,"stable",16,1
9515681,38,"プランB","タイプ01","AA","ない",464,"stable",6,0
9518680,55,"プランB","タイプ01","AA","ない",814,"down",4,0
9521944,59,"プランB","タイプ01","AA","ない",562,"down",3,0
9527960,25,"プランC","タイプ02","AA","ない",420,"stable",9,0
9530296,29,"プランB","タイプ01","AA","ない",306,"stable",4,0
9533032,33,"プランB","タイプ01","AA","ある",546,"stable",9,0
9534191,22,"プランC","タイプ02","AA","ない",451,"stable",5,0
9550167,25,"プランC","タイプ02","AA","ない",271,"up",16,1
9554622,26,"プランC","タイプ02","AA","ない",476,"stable",9,0
9557257,55,"プランB","タイプ01","AA","ない",643,"down",15,0
9562211,28,"プランA","タイプ01","AA","ない",254,"up",2,0
9564043,24,"プランB","タイプ01","AA","ない",527,"stable",2,0
9565439,28,"プランB","タイプ01","AA","ある",443,"stable",3,0
9565650,43,"プランB","タイプ01","AA","ない",429,"stable",12,1
9565777,22,"プランC","タイプ02","AA","ある",351,"stable",4,0
9567677,65,"プランB","タイプ01","AA","ない",912,"instable",1,0
9589474,28,"プランB","タイプ01","AA","ない",471,"stable",2,0
9590364,51,"プランB","タイプ01","AA","ある",672,"down",5,0
9591860,41,"プランB","タイプ01","AA","ある",479,"stable",6,0
9596630,27,"プランB","タイプ01","AA","ある",399,"stable",3,0
9600223,32,"プランA","タイプ01","AA","ない",274,"up",11,0
9603269,34,"プランB","タイプ01","AA","ない",453,"stable",7,0
9611624,36,"プランB","タイプ01","AA","ない",443,"down",4,0
9612255,36,"プランB","タイプ01","AA","ない",660,"down",12,0
9614067,27,"プランC","タイプ02","AA","ない",277,"up",3,0
9616094,45,"プランB","タイプ01","BB","ない",906,"instable",10,0
9619010,31,"プランB","タイプ01","AA","ない",412,"stable",1,0
9624346,20,"プランA","タイプ01","AA","ない",466,"stable",7,0
9629087,37,"プランB","タイプ01","AA","ない",489,"down",5,0
9630029,37,"プランB","タイプ01","AA","ない",473,"stable",9,0
9632951,23,"プランB","タイプ01","AA","ある",391,"stable",5,0
9633650,36,"プランA","タイプ01","AA","ない",371,"stable",9,0
9635311,18,"プランC","タイプ02","AA","ない",180,"up",12,1
9640472,55,"プランB","タイプ01","AA","ない",643,"down",15,0
9644193,34,"プランA","タイプ01","AA","ある",437,"stable",1,0
9646227,20,"プランC","タイプ02","AA","ない",222,"up",4,1
9654350,27,"プランA","タイプ01","AA","ない",442,"stable",3,0
9655627,22,"プランC","タイプ02","AA","ある",351,"stable",4,0
9658046,19,"プランA","タイプ01","AA","ない",264,"up",6,0
9661110,18,"プランC","タイプ02","BB","ない",195,"up",7,1
9666860,31,"プランB","タイプ01","AA","ない",405,"stable",10,0
9669985,34,"プランA","タイプ01","AA","ない",492,"stable",16,0
9677340,35,"プランB","タイプ01","AA","ない",442,"stable",3,0
9680234,35,"プランB","タイプ01","AA","ない",456,"stable",3,0
9684425,39,"プランB","タイプ01","AA","ない",437,"stable",17,0
9692079,34,"プランA","タイプ01","AA","ない",492,"stable",16,0
9698984,51,"プランA","タイプ01","AA","ない",691,"down",7,0
9712379,45,"プランB","タイプ01","AA","ない",674,"down",4,0
9713950,36,"プランB","タイプ01","AA","ない",451,"stable",11,0
9719375,26,"プランC","タイプ02","AA","ない",476,"stable",9,0
9725017,26,"プランB","タイプ01","AA","ない",360,"stable",10,0
9728181,30,"プランB","タイプ01","AA","ない",401,"stable",9,0
9746005,33,"プランB","タイプ01","AA","ある",367,"stable",2,0
9749914,33,"プランB","タイプ01","AA","ない",337,"stable",3,0
9764597,18,"プランC","タイプ02","AA","ない",523,"stable",6,0
9780625,27,"プランB","タイプ01","BB","ある",396,"stable",5,1
9781104,25,"プランB","タイプ01","AA","ある",553,"stable",2,0
9786688,29,"プランB","タイプ01","AA","ない",549,"down",6,0
9789633,22,"プランC","タイプ02","AA","ない",237,"up",1,0
9796410,42,"プランB","タイプ01","AA","ない",644,"down",6,0
9799549,43,"プランB","タイプ01","AA","ある",498,"stable",13,0
9799592,25,"プランB","タイプ01","BB","ない",421,"stable",11,1
9831960,33,"プランA","タイプ01","AA","ない",380,"stable",9,0
9953800,23,"プランB","タイプ01","AA","ない",180,"up",12,1
