ID,温度,圧力,電流,電圧,外気温,速度,砂条件,鋳型条件,スイッチ1,スイッチ2,スイッチ3,スイッチ4,NGフラグ
1,158,28,1,65,12,5,"B","A","ON","ON","OFF","ON",1
2,479,41,4,197,6,11,"B","B","ON","ON","OFF","OFF",0
3,651,44,6,0,3,7,"B","C","ON","ON","OFF","OFF",0
4,454,50,5,189,6,10,"B","C","ON","ON","OFF","ON",0
5,368,25,7,153,4,5,"B","B","ON","ON","OFF","ON",0
6,442,35,1,184,3,4,"B","B","ON","ON","OFF","ON",0
7,433,20,3,180,0,0,"A","B","ON","OFF","OFF","ON",0
8,473,47,27,197,5,5,"B","C","ON","ON","OFF","ON",0
9,378,31,31,171,4,7,"B","B","ON","ON","OFF","ON",0
10,230,30,3,95,10,5,"B","A","ON","ON","ON","ON",1
11,442,27,2,925,3,7,"C","B","OFF","ON","OFF","ON",0
12,679,37,8,262,22,7,"B","C","ON","ON","OFF","OFF",0
13,352,21,1,146,7,2,"A","C","ON","OFF","OFF","ON",0
14,166,19,1,0,7,0,"A","A","ON","OFF","ON","ON",1
15,838,84,64,349,2,9,"B","C","ON","ON","OFF","ON",0
16,220,24,1,91,7,1,"A","A","ON","OFF","OFF","ON",1
17,397,34,3,165,4,11,"B","B","ON","ON","OFF","ON",0
18,443,36,2,184,4,8,"B","C","ON","ON","OFF","ON",0
19,409,42,3,0,8,4,"A","B","ON","OFF","OFF","OFF",1
20,211,28,1,0,7,3,"B","A","ON","ON","OFF","ON",1
21,528,21,3,418,8,2,"A","C","ON","OFF","OFF","OFF",0
22,271,30,2,112,18,10,"C","B","OFF","ON","OFF","ON",0
23,471,28,3,196,2,5,"B","B","ON","ON","OFF","ON",0
24,371,36,36,262,9,4,"C","B","OFF","ON","OFF","ON",0
25,287,40,2,119,2,11,"B","A","ON","ON","OFF","ON",0
26,424,20,20,176,3,1,"A","B","ON","OFF","OFF","OFF",0
27,399,22,6,166,12,0,"B","B","ON","ON","OFF","OFF",0
28,161,18,1,367,11,2,"A","A","ON","OFF","OFF","ON",1
29,401,36,3,167,3,4,"B","B","ON","ON","OFF","ON",0
30,464,38,2,1395,6,3,"B","B","ON","ON","OFF","ON",0
31,421,21,4,703,1,0,"A","C","ON","OFF","OFF","ON",0
32,466,31,5,53,18,6,"B","B","ON","ON","OFF","ON",0
33,513,34,4,213,10,10,"B","B","ON","ON","OFF","ON",0
34,215,19,3,89,12,0,"C","A","OFF","ON","OFF","ON",1
35,198,27,1,82,9,8,"A","A","ON","OFF","OFF","ON",1
36,626,26,5,260,7,0,"B","C","ON","ON","OFF","OFF",0
37,409,42,3,0,8,4,"A","B","ON","OFF","OFF","OFF",1
38,448,40,1,646,1,5,"B","C","ON","ON","OFF","ON",0
39,390,21,4,162,10,0,"A","B","ON","OFF","OFF","ON",0
40,344,37,6,143,15,3,"B","B","ON","ON","OFF","ON",0
41,274,24,3,114,5,0,"B","A","ON","ON","OFF","ON",0
42,412,30,0,171,0,3,"B","B","ON","ON","ON","ON",1
43,418,50,30,174,7,11,"B","B","ON","ON","OFF","ON",0
44,430,38,4,179,4,5,"C","A","OFF","ON","OFF","ON",0
45,471,28,3,196,2,5,"B","B","ON","ON","OFF","ON",0
46,307,18,3,127,5,2,"C","A","OFF","ON","OFF","ON",0
47,245,20,3,102,8,2,"A","A","ON","OFF","OFF","OFF",0
48,264,24,24,0,7,6,"C","A","OFF","ON","OFF","OFF",0
49,371,36,36,262,9,4,"C","B","OFF","ON","OFF","ON",0
50,877,59,6,365,7,6,"B","D","ON","ON","ON","ON",0
51,521,47,2,217,6,8,"B","C","ON","ON","OFF","ON",0
52,276,32,2,277,4,5,"B","B","ON","ON","OFF","ON",0
53,409,42,3,0,8,4,"A","B","ON","OFF","OFF","OFF",1
54,339,21,2,141,4,3,"C","B","OFF","ON","OFF","ON",0
55,397,19,4,624,4,0,"C","B","OFF","ON","OFF","ON",0
56,403,23,0,0,10,4,"B","B","ON","ON","ON","ON",1
57,877,59,6,365,7,6,"B","D","ON","ON","ON","ON",0
58,191,27,2,79,6,3,"A","A","ON","OFF","OFF","ON",1
59,549,35,35,228,6,10,"B","C","ON","ON","OFF","OFF",0
60,411,20,3,0,0,2,"C","B","OFF","ON","OFF","ON",0
61,448,40,1,646,1,5,"B","C","ON","ON","OFF","ON",0
62,906,45,2,377,10,8,"B","D","ON","ON","ON","ON",0
63,271,30,2,112,18,10,"C","B","OFF","ON","OFF","ON",0
64,321,26,26,295,7,4,"A","B","ON","OFF","OFF","OFF",0
65,372,18,3,155,1,0,"B","B","ON","ON","OFF","OFF",0
66,407,21,0,118,1,0,"A","B","ON","OFF","ON","ON",1
67,295,29,1,122,4,3,"B","B","ON","ON","OFF","ON",0
68,789,68,4,328,10,11,"B","C","ON","ON","OFF","OFF",0
69,550,23,7,0,6,4,"C","B","OFF","ON","OFF","ON",0
70,234,28,2,598,5,3,"B","A","ON","ON","OFF","ON",0
71,473,37,37,197,9,6,"B","B","ON","ON","OFF","ON",0
72,344,37,6,143,15,3,"B","B","ON","ON","OFF","ON",0
73,378,21,2,1409,5,1,"A","B","ON","OFF","OFF","ON",0
74,474,34,4,197,5,7,"B","B","ON","ON","OFF","OFF",0
75,644,36,36,268,13,5,"B","C","ON","ON","OFF","ON",0
76,433,20,3,180,0,0,"A","B","ON","OFF","OFF","ON",0
77,455,35,1,614,2,8,"B","C","ON","ON","OFF","ON",0
78,338,21,6,348,4,0,"A","B","ON","OFF","OFF","OFF",0
79,527,24,8,219,2,3,"B","B","ON","ON","OFF","ON",0
80,588,35,1,0,6,5,"B","C","ON","ON","OFF","ON",0
81,353,28,2,147,5,5,"B","B","ON","ON","OFF","ON",0
82,582,45,7,242,2,6,"B","C","ON","ON","OFF","ON",0
83,353,25,4,147,4,3,"A","B","ON","OFF","OFF","ON",0
84,410,32,32,170,8,7,"B","B","ON","ON","OFF","OFF",0
85,601,54,34,460,11,10,"B","C","ON","ON","OFF","ON",0
86,827,60,2,2473,4,7,"B","D","ON","ON","OFF","ON",0
87,313,32,32,130,2,6,"C","B","OFF","ON","OFF","ON",0
88,346,20,20,144,3,2,"A","B","ON","OFF","OFF","OFF",0
89,372,35,35,155,2,3,"B","B","ON","ON","OFF","ON",0
90,314,26,26,130,1,7,"B","B","ON","ON","OFF","ON",0
91,888,48,3,1120,5,12,"B","D","ON","ON","OFF","ON",0
92,404,23,23,168,10,0,"B","B","ON","ON","OFF","ON",0
93,313,32,32,130,2,6,"C","B","OFF","ON","OFF","ON",0
94,199,25,22,524,0,4,"A","A","ON","OFF","OFF","OFF",1
95,474,34,34,197,15,10,"B","B","ON","ON","OFF","OFF",0
96,420,25,1,175,9,0,"A","B","ON","OFF","OFF","ON",0
97,807,41,41,336,10,10,"B","D","ON","ON","OFF","OFF",0
98,644,45,4,268,9,12,"B","B","ON","ON","OFF","ON",0
99,749,55,1,0,0,8,"B","C","ON","ON","OFF","ON",0
100,387,19,3,299,1,1,"C","B","OFF","ON","OFF","ON",0
101,375,19,0,0,14,0,"A","B","ON","OFF","ON","ON",1
102,423,33,0,176,7,8,"B","B","ON","ON","ON","OFF",1
103,489,40,4,203,10,7,"B","C","ON","ON","OFF","ON",0
104,587,42,1,1440,4,17,"B","C","ON","ON","OFF","ON",0
105,393,20,5,0,2,0,"A","B","ON","OFF","OFF","ON",0
106,313,32,32,130,2,6,"C","B","OFF","ON","OFF","ON",0
107,591,34,1,246,4,6,"B","C","ON","ON","OFF","ON",0
108,443,36,2,184,4,8,"B","C","ON","ON","OFF","ON",0
109,523,18,4,217,6,2,"A","B","ON","OFF","OFF","ON",0
110,307,18,3,127,5,2,"C","A","OFF","ON","OFF","ON",0
111,506,41,4,210,0,11,"B","C","ON","ON","OFF","ON",0
112,810,32,1,337,9,6,"B","C","ON","ON","OFF","ON",0
113,220,24,1,91,7,1,"A","A","ON","OFF","OFF","ON",1
114,906,45,2,377,10,8,"B","D","ON","ON","ON","ON",0
115,451,36,4,187,11,4,"B","B","ON","ON","OFF","ON",0
116,411,20,3,0,0,2,"C","B","OFF","ON","OFF","ON",0
117,455,35,1,614,2,8,"B","C","ON","ON","OFF","ON",0
118,553,35,0,230,2,6,"B","B","ON","ON","ON","OFF",1
119,147,23,1,70,7,4,"C","A","OFF","ON","OFF","ON",1
120,349,27,5,145,3,3,"B","B","ON","ON","OFF","OFF",0
121,679,37,8,262,22,7,"B","C","ON","ON","OFF","OFF",0
122,684,53,5,285,2,10,"B","C","ON","ON","OFF","OFF",0
123,329,23,8,308,0,3,"B","B","ON","ON","OFF","ON",0
124,447,20,5,186,5,0,"A","B","ON","OFF","OFF","ON",0
125,549,35,35,228,6,10,"B","C","ON","ON","OFF","OFF",0
126,429,33,3,178,10,6,"B","B","ON","ON","OFF","ON",0
127,521,32,1,217,6,8,"B","B","ON","ON","OFF","ON",0
128,269,28,28,112,5,5,"B","B","ON","ON","OFF","OFF",0
129,650,38,38,0,5,6,"A","C","ON","OFF","OFF","ON",0
130,447,20,5,186,5,0,"A","B","ON","OFF","OFF","ON",0
131,388,29,29,493,8,3,"B","B","ON","ON","OFF","ON",0
132,147,23,1,70,7,4,"C","A","OFF","ON","OFF","ON",1
133,264,19,2,494,6,0,"C","A","OFF","ON","OFF","ON",0
134,355,24,4,0,8,4,"B","B","ON","ON","OFF","ON",0
135,447,42,6,186,7,4,"B","B","ON","ON","OFF","OFF",0
136,409,23,23,170,6,3,"B","B","ON","ON","OFF","ON",0
137,541,26,1,1335,2,6,"A","B","ON","OFF","OFF","ON",0
138,550,23,7,0,6,4,"C","B","OFF","ON","OFF","ON",0
139,510,42,0,212,1,5,"B","B","ON","ON","ON","ON",1
140,834,44,2,347,8,10,"B","D","ON","ON","ON","ON",0
141,459,30,7,0,26,10,"B","B","ON","ON","OFF","OFF",0
142,644,45,4,268,9,12,"B","B","ON","ON","OFF","ON",0
143,422,27,0,175,9,9,"A","B","ON","OFF","ON","ON",1
144,454,29,2,189,12,3,"B","B","ON","ON","OFF","ON",0
145,292,29,1,121,18,5,"A","B","ON","OFF","OFF","ON",0
146,268,26,26,111,4,0,"B","A","ON","ON","OFF","OFF",0
147,420,25,1,175,9,0,"A","B","ON","OFF","OFF","ON",0
148,429,43,6,178,12,9,"B","B","ON","ON","OFF","ON",1
149,479,41,4,197,6,11,"B","B","ON","ON","OFF","OFF",0
150,399,27,27,0,3,7,"B","B","ON","ON","OFF","OFF",0
151,195,18,1,81,7,2,"A","A","ON","OFF","ON","ON",1
152,405,31,4,168,10,1,"B","B","ON","ON","OFF","ON",0
153,442,35,1,184,3,4,"B","B","ON","ON","OFF","ON",0
154,451,36,4,187,11,4,"B","B","ON","ON","OFF","ON",0
155,644,42,1,268,6,5,"B","C","ON","ON","OFF","ON",0
156,380,33,5,0,9,8,"C","B","OFF","ON","OFF","ON",0
157,180,23,3,684,12,1,"B","A","ON","ON","OFF","ON",1
158,473,47,27,197,5,5,"B","C","ON","ON","OFF","ON",0
159,602,63,1,250,4,14,"B","B","ON","ON","OFF","ON",0
160,264,19,2,494,6,0,"C","A","OFF","ON","OFF","ON",0
161,370,26,2,154,1,6,"B","B","ON","ON","OFF","ON",0
162,444,43,43,162,4,10,"A","B","ON","OFF","ON","OFF",0
163,521,47,2,217,6,8,"B","C","ON","ON","OFF","ON",0
164,674,45,1,467,4,7,"B","C","ON","ON","OFF","ON",0
165,287,27,3,119,8,5,"C","A","OFF","ON","OFF","OFF",0
166,665,42,3,277,5,5,"B","B","ON","ON","OFF","OFF",0
167,158,28,1,65,12,5,"B","A","ON","ON","OFF","ON",1
168,400,27,5,431,3,6,"B","B","ON","ON","OFF","OFF",0
169,643,50,2,0,5,6,"B","C","ON","ON","OFF","ON",0
170,329,23,8,308,0,3,"B","B","ON","ON","OFF","ON",0
171,668,50,2,278,6,9,"B","C","ON","ON","OFF","ON",0
172,269,24,2,112,3,0,"A","A","ON","OFF","OFF","ON",0
173,476,34,0,366,4,7,"B","B","ON","ON","ON","OFF",1
174,467,41,1,194,4,5,"B","B","ON","ON","OFF","ON",0
175,388,29,29,493,8,3,"B","B","ON","ON","OFF","ON",0
176,588,35,1,0,6,5,"B","C","ON","ON","OFF","ON",0
177,462,30,3,1487,12,3,"B","B","ON","ON","OFF","ON",0
178,397,19,4,624,4,0,"C","B","OFF","ON","OFF","ON",0
179,462,30,3,1487,12,3,"B","B","ON","ON","OFF","ON",0
180,256,25,22,106,14,4,"B","A","ON","ON","OFF","ON",1
181,383,24,3,159,4,3,"B","B","ON","ON","OFF","ON",0
182,447,33,4,0,3,10,"C","B","OFF","ON","OFF","OFF",0
183,276,32,2,277,4,5,"B","B","ON","ON","OFF","ON",0
184,498,38,6,207,6,13,"B","B","ON","ON","OFF","ON",0
185,367,33,33,152,2,4,"B","B","ON","ON","OFF","OFF",0
186,644,36,36,268,13,5,"B","C","ON","ON","OFF","ON",0
187,554,29,2,0,4,4,"B","B","ON","ON","OFF","ON",0
188,473,32,4,179,4,5,"B","B","ON","ON","OFF","OFF",0
189,425,25,3,0,10,6,"C","B","OFF","ON","OFF","ON",0
190,473,32,4,179,4,5,"B","B","ON","ON","OFF","OFF",0
191,546,33,6,227,9,4,"B","B","ON","ON","OFF","OFF",0
192,237,22,2,98,1,2,"A","A","ON","OFF","OFF","ON",0
193,443,36,2,184,4,8,"B","C","ON","ON","OFF","ON",0
194,355,24,4,0,8,4,"B","B","ON","ON","OFF","ON",0
195,321,26,26,295,7,4,"A","B","ON","OFF","OFF","OFF",0
196,375,19,0,0,14,0,"A","B","ON","OFF","ON","ON",1
197,327,20,3,0,6,0,"A","B","ON","OFF","OFF","ON",0
198,423,27,27,380,6,4,"C","B","OFF","ON","OFF","OFF",0
199,383,25,2,159,2,4,"B","B","ON","ON","OFF","ON",0
200,429,43,6,178,12,9,"B","B","ON","ON","OFF","ON",1
201,401,36,3,167,3,4,"B","B","ON","ON","OFF","ON",0
202,408,29,1,170,1,2,"C","A","OFF","ON","OFF","ON",0
203,442,24,5,0,5,2,"B","B","ON","ON","OFF","OFF",0
204,601,54,34,460,11,10,"B","C","ON","ON","OFF","ON",0
205,554,29,2,0,4,4,"B","B","ON","ON","OFF","ON",0
206,367,33,33,152,2,4,"B","B","ON","ON","OFF","OFF",0
207,697,45,3,0,0,13,"B","C","ON","ON","OFF","OFF",0
208,923,55,3,995,1,7,"B","D","ON","ON","OFF","ON",0
209,147,23,1,70,7,4,"C","A","OFF","ON","OFF","ON",1
210,313,32,32,130,2,6,"C","B","OFF","ON","OFF","ON",0
211,485,39,4,202,6,4,"B","C","ON","ON","OFF","ON",0
212,271,30,2,112,18,10,"C","B","OFF","ON","OFF","ON",0
213,506,18,2,210,6,2,"A","C","ON","OFF","OFF","ON",0
214,912,65,1,380,1,11,"B","D","ON","ON","OFF","ON",0
215,670,44,2,279,2,7,"A","C","ON","OFF","OFF","ON",0
216,475,24,0,0,1,1,"B","B","ON","ON","ON","OFF",1
217,448,40,1,646,1,5,"B","C","ON","ON","OFF","ON",0
218,481,32,3,285,4,6,"B","B","ON","ON","OFF","OFF",0
219,211,34,1,509,13,7,"B","B","ON","ON","OFF","ON",1
220,323,22,8,134,9,3,"B","B","ON","ON","OFF","OFF",0
221,405,47,3,168,12,9,"B","B","ON","ON","OFF","ON",0
222,665,42,3,277,5,5,"B","B","ON","ON","OFF","OFF",0
223,412,30,0,171,0,3,"B","B","ON","ON","ON","ON",1
224,399,27,27,0,3,7,"B","B","ON","ON","OFF","OFF",0
225,498,38,6,207,6,13,"B","B","ON","ON","OFF","ON",0
226,220,24,1,91,7,1,"A","A","ON","OFF","OFF","ON",1
227,425,23,1,1564,4,4,"B","C","ON","ON","OFF","ON",0
228,479,47,5,446,3,8,"C","B","OFF","ON","OFF","OFF",0
229,383,25,2,159,2,4,"B","B","ON","ON","OFF","ON",0
230,476,34,0,366,4,7,"B","B","ON","ON","ON","OFF",1
231,923,55,3,995,1,7,"B","D","ON","ON","OFF","ON",0
232,368,25,7,153,4,5,"B","B","ON","ON","OFF","ON",0
233,365,30,2,152,4,6,"B","B","ON","ON","ON","ON",0
234,271,25,22,0,16,5,"A","A","ON","OFF","OFF","ON",1
235,375,35,35,156,4,4,"C","B","OFF","ON","OFF","OFF",0
236,466,20,5,194,7,0,"C","B","OFF","ON","OFF","ON",0
237,208,23,3,86,7,3,"C","A","OFF","ON","OFF","ON",0
238,425,31,5,177,1,9,"B","B","ON","ON","OFF","ON",0
239,343,29,29,142,6,4,"C","B","OFF","ON","OFF","OFF",0
240,582,45,7,242,2,6,"B","C","ON","ON","OFF","ON",0
241,158,28,1,65,12,5,"B","A","ON","ON","OFF","ON",1
242,569,27,1,835,6,8,"C","B","OFF","ON","OFF","ON",0
243,789,45,2,328,1,7,"B","C","ON","ON","OFF","ON",0
244,769,63,3,320,10,17,"B","C","ON","ON","OFF","OFF",0
245,391,23,7,162,5,5,"B","B","ON","ON","OFF","OFF",0
246,269,21,3,112,12,0,"A","A","ON","OFF","OFF","ON",1
247,397,36,3,610,6,14,"B","B","ON","ON","OFF","ON",0
248,452,25,2,188,3,4,"B","B","ON","ON","OFF","ON",0
249,164,28,25,68,6,4,"C","A","OFF","ON","OFF","ON",1
250,490,36,2,0,11,8,"B","B","ON","ON","OFF","OFF",0
251,349,27,3,145,2,4,"B","B","ON","ON","OFF","OFF",0
252,447,20,5,186,5,0,"A","B","ON","OFF","OFF","ON",0
253,292,29,1,121,18,5,"A","B","ON","OFF","OFF","ON",0
254,391,23,7,162,5,5,"B","B","ON","ON","OFF","OFF",0
255,194,24,1,80,14,2,"B","A","ON","ON","ON","ON",1
256,277,27,2,681,3,6,"A","A","ON","OFF","OFF","ON",0
257,402,31,31,167,10,6,"B","B","ON","ON","OFF","OFF",0
258,384,53,3,160,13,9,"B","B","ON","ON","OFF","ON",0
259,368,25,7,153,4,5,"B","B","ON","ON","OFF","ON",0
260,378,29,2,587,4,4,"B","B","ON","ON","OFF","ON",0
261,178,22,19,74,9,0,"A","A","ON","OFF","OFF","OFF",1
262,375,37,37,329,10,11,"B","C","ON","ON","OFF","ON",0
263,194,24,1,80,14,2,"B","A","ON","ON","ON","ON",1
264,471,40,1,1346,13,16,"A","B","ON","OFF","OFF","ON",0
265,674,45,1,467,4,7,"B","C","ON","ON","OFF","ON",0
266,418,50,30,174,7,11,"B","B","ON","ON","OFF","ON",0
267,184,19,5,76,4,0,"A","A","ON","OFF","ON","ON",1
268,390,21,4,162,10,0,"A","B","ON","OFF","OFF","ON",0
269,147,23,1,70,7,4,"C","A","OFF","ON","OFF","ON",1
270,353,25,4,147,4,3,"A","B","ON","OFF","OFF","ON",0
271,276,32,2,277,4,5,"B","B","ON","ON","OFF","ON",0
272,660,34,0,0,7,9,"B","B","ON","ON","ON","ON",1
273,409,32,5,170,7,3,"C","B","OFF","ON","OFF","ON",0
274,372,18,3,155,1,0,"B","B","ON","ON","OFF","OFF",0
275,358,23,2,0,11,3,"B","B","ON","ON","OFF","ON",0
276,451,36,4,187,11,4,"B","B","ON","ON","OFF","ON",0
277,601,54,34,460,11,10,"B","C","ON","ON","OFF","ON",0
278,401,36,3,167,3,4,"B","B","ON","ON","OFF","ON",0
279,296,28,3,461,5,6,"A","B","ON","OFF","OFF","ON",0
280,264,20,0,110,3,1,"A","B","ON","OFF","ON","ON",1
281,436,46,2,181,4,4,"B","B","ON","ON","OFF","ON",0
282,814,55,1,339,4,9,"B","C","ON","ON","OFF","ON",0
283,459,30,7,0,26,10,"B","B","ON","ON","OFF","OFF",0
284,633,36,3,0,8,3,"B","C","ON","ON","OFF","ON",0
285,390,21,4,162,10,0,"A","B","ON","OFF","OFF","ON",0
286,691,51,31,287,7,8,"C","C","OFF","ON","OFF","ON",0
287,392,30,1,163,6,7,"A","B","ON","OFF","OFF","ON",0
288,814,55,1,339,4,9,"B","C","ON","ON","OFF","ON",0
289,211,34,1,509,13,7,"B","B","ON","ON","OFF","ON",1
290,426,26,0,177,6,2,"B","B","ON","ON","ON","OFF",1
291,426,26,0,177,6,2,"B","B","ON","ON","ON","OFF",1
292,375,35,35,156,4,4,"C","B","OFF","ON","OFF","OFF",0
293,279,23,23,644,9,0,"B","A","ON","ON","OFF","ON",0
294,679,37,8,262,22,7,"B","C","ON","ON","OFF","OFF",0
295,423,33,0,176,7,8,"B","B","ON","ON","ON","OFF",1
296,337,33,3,0,3,11,"B","B","ON","ON","OFF","ON",0
297,452,25,2,188,3,4,"B","B","ON","ON","OFF","ON",0
298,372,18,3,155,1,0,"B","B","ON","ON","OFF","OFF",0
299,413,28,3,172,3,6,"B","B","ON","ON","OFF","ON",0
300,492,28,0,205,10,4,"A","B","ON","OFF","ON","OFF",1
301,408,29,1,170,1,2,"C","A","OFF","ON","OFF","ON",0
302,425,25,3,0,10,6,"C","B","OFF","ON","OFF","ON",0
303,549,35,35,228,6,10,"B","C","ON","ON","OFF","OFF",0
304,405,47,3,168,12,9,"B","B","ON","ON","OFF","ON",0
305,276,32,2,277,4,5,"B","B","ON","ON","OFF","ON",0
306,488,27,27,203,8,4,"B","C","ON","ON","OFF","OFF",0
307,417,31,3,173,4,7,"C","B","OFF","ON","OFF","ON",0
308,489,37,4,1285,5,4,"B","C","ON","ON","OFF","ON",0
309,397,34,3,165,4,11,"B","B","ON","ON","OFF","ON",0
310,665,42,3,277,5,5,"B","B","ON","ON","OFF","OFF",0
311,488,27,27,203,8,4,"B","C","ON","ON","OFF","OFF",0
312,610,41,1,254,3,7,"B","C","ON","ON","OFF","ON",0
313,626,26,5,260,7,0,"B","C","ON","ON","OFF","OFF",0
314,351,22,22,463,4,2,"A","B","ON","OFF","OFF","OFF",0
315,454,29,2,189,12,3,"B","B","ON","ON","OFF","ON",0
316,518,43,2,776,3,6,"B","B","ON","ON","OFF","OFF",0
317,317,45,3,0,5,7,"A","B","ON","OFF","OFF","ON",0
318,264,20,0,110,3,1,"A","B","ON","OFF","ON","ON",1
319,887,58,5,369,7,9,"B","D","ON","ON","OFF","OFF",0
320,337,24,2,450,14,0,"B","A","ON","ON","OFF","ON",0
321,599,46,3,0,1,16,"B","C","ON","ON","OFF","ON",0
322,466,31,5,53,18,6,"B","B","ON","ON","OFF","ON",0
323,371,36,36,262,9,4,"C","B","OFF","ON","OFF","ON",0
324,296,28,3,461,5,6,"A","B","ON","OFF","OFF","ON",0
325,491,50,0,356,8,9,"B","B","ON","ON","ON","OFF",1
326,372,35,35,155,2,3,"B","B","ON","ON","OFF","ON",0
327,430,38,4,179,4,5,"C","A","OFF","ON","OFF","ON",0
328,437,34,3,182,1,5,"C","B","OFF","ON","OFF","OFF",0
329,323,22,8,134,9,3,"B","B","ON","ON","OFF","OFF",0
330,456,35,2,190,3,3,"B","B","ON","ON","OFF","ON",0
331,423,27,27,380,6,4,"C","B","OFF","ON","OFF","OFF",0
332,321,26,26,295,7,4,"A","B","ON","OFF","OFF","OFF",0
333,643,50,2,0,5,6,"B","C","ON","ON","OFF","ON",0
334,343,28,3,142,2,5,"B","B","ON","ON","OFF","ON",0
335,651,49,4,0,12,10,"C","B","OFF","ON","OFF","ON",0
336,426,30,5,177,2,8,"B","B","ON","ON","OFF","OFF",0
337,650,38,38,270,7,6,"C","C","OFF","ON","OFF","OFF",0
338,409,32,5,170,7,3,"C","B","OFF","ON","OFF","ON",0
339,447,42,6,186,7,4,"B","B","ON","ON","OFF","OFF",0
340,437,39,2,1205,17,5,"B","B","ON","ON","OFF","ON",0
341,553,35,0,230,2,6,"B","B","ON","ON","ON","OFF",1
342,618,37,5,0,3,6,"C","B","OFF","ON","OFF","OFF",0
343,643,55,35,0,15,6,"B","C","ON","ON","OFF","ON",0
344,400,31,31,166,8,6,"B","B","ON","ON","OFF","ON",0
345,367,33,33,152,2,4,"B","B","ON","ON","OFF","OFF",0
346,437,39,2,1205,17,5,"B","B","ON","ON","OFF","ON",0
347,414,20,5,596,13,1,"A","B","ON","OFF","OFF","OFF",0
348,336,29,29,140,10,7,"B","B","ON","ON","OFF","ON",0
349,405,33,3,1121,7,4,"B","B","ON","ON","OFF","ON",0
350,651,44,44,271,3,6,"B","C","ON","ON","OFF","OFF",0
351,435,27,3,1044,2,0,"B","B","ON","ON","OFF","ON",0
352,409,18,6,0,11,0,"C","B","OFF","ON","OFF","OFF",0
353,644,36,36,268,13,5,"B","C","ON","ON","OFF","ON",0
354,789,45,2,328,1,7,"B","C","ON","ON","OFF","ON",0
355,409,23,23,170,6,3,"B","B","ON","ON","OFF","ON",0
356,367,27,27,152,8,4,"B","B","ON","ON","OFF","ON",0
357,660,55,3,275,4,7,"B","C","ON","ON","OFF","ON",0
358,451,22,3,102,5,3,"A","B","ON","OFF","OFF","ON",0
359,349,27,5,145,3,3,"B","B","ON","ON","OFF","OFF",0
360,441,37,1,566,3,8,"B","C","ON","ON","OFF","OFF",0
361,343,28,3,142,2,5,"B","B","ON","ON","OFF","ON",0
362,599,46,3,0,1,16,"B","C","ON","ON","OFF","ON",0
363,426,30,5,177,2,8,"B","B","ON","ON","OFF","OFF",0
364,459,30,7,0,26,10,"B","B","ON","ON","OFF","OFF",0
365,407,21,0,118,1,0,"A","B","ON","OFF","ON","ON",1
366,294,20,20,122,3,2,"A","A","ON","OFF","OFF","OFF",0
367,194,29,1,151,9,6,"B","A","ON","ON","OFF","ON",1
368,523,44,2,1921,5,5,"B","C","ON","ON","OFF","ON",0
369,456,44,3,0,5,6,"B","C","ON","ON","OFF","ON",0
370,660,55,3,275,4,7,"B","C","ON","ON","OFF","ON",0
371,807,41,41,336,10,10,"B","D","ON","ON","OFF","OFF",0
372,271,25,22,0,16,5,"A","A","ON","OFF","OFF","ON",1
373,887,58,5,369,7,9,"B","D","ON","ON","OFF","OFF",0
374,452,25,2,188,3,4,"B","B","ON","ON","OFF","ON",0
375,427,42,6,1341,1,12,"B","B","ON","ON","OFF","ON",0
376,378,29,2,587,4,4,"B","B","ON","ON","OFF","ON",0
377,679,28,7,282,11,4,"C","C","OFF","ON","OFF","ON",0
378,402,35,35,0,12,8,"B","B","ON","ON","OFF","ON",0
379,178,22,19,74,9,0,"A","A","ON","OFF","OFF","OFF",1
380,665,42,3,277,5,5,"B","B","ON","ON","OFF","OFF",0
381,412,30,0,171,0,3,"B","B","ON","ON","ON","ON",1
382,413,25,25,0,3,1,"C","B","OFF","ON","OFF","OFF",0
383,409,23,23,170,6,3,"B","B","ON","ON","OFF","ON",0
384,396,44,2,165,0,13,"B","C","ON","ON","OFF","ON",0
385,237,22,2,98,1,2,"A","A","ON","OFF","OFF","ON",0
386,479,47,5,446,3,8,"C","B","OFF","ON","OFF","OFF",0
387,413,25,25,0,3,1,"C","B","OFF","ON","OFF","OFF",0
388,166,19,1,0,7,0,"A","A","ON","OFF","ON","ON",1
389,888,48,3,1120,5,12,"B","D","ON","ON","OFF","ON",0
390,341,23,3,142,3,2,"B","B","ON","ON","OFF","ON",0
391,593,44,5,247,4,8,"B","C","ON","ON","OFF","ON",0
392,360,26,3,0,10,7,"B","B","ON","ON","OFF","ON",0
393,538,20,0,224,24,0,"A","B","ON","OFF","ON","ON",1
394,461,20,3,192,5,1,"C","B","OFF","ON","OFF","ON",0
395,443,29,4,184,12,3,"A","B","ON","OFF","OFF","ON",0
396,405,33,3,1121,7,4,"B","B","ON","ON","OFF","ON",0
397,650,38,38,0,5,6,"A","C","ON","OFF","OFF","ON",0
398,384,53,3,160,13,9,"B","B","ON","ON","OFF","ON",0
399,222,18,3,543,11,2,"B","A","ON","ON","OFF","ON",0
400,633,36,3,0,8,3,"B","C","ON","ON","OFF","ON",0
401,600,50,2,250,8,9,"B","B","ON","ON","OFF","ON",0
402,292,29,1,121,18,5,"A","B","ON","OFF","OFF","ON",0
403,421,21,4,703,1,0,"A","C","ON","OFF","OFF","ON",0
404,447,33,4,0,3,10,"C","B","OFF","ON","OFF","OFF",0
405,371,36,36,262,9,4,"C","B","OFF","ON","OFF","ON",0
406,296,33,8,643,8,7,"B","B","ON","ON","OFF","ON",0
407,650,38,38,0,5,6,"A","C","ON","OFF","OFF","ON",0
408,195,22,1,81,3,0,"A","A","ON","OFF","OFF","ON",1
409,195,22,1,81,3,0,"A","A","ON","OFF","OFF","ON",1
410,284,18,2,118,1,0,"C","A","OFF","ON","OFF","ON",0
411,329,23,8,308,0,3,"B","B","ON","ON","OFF","ON",0
412,401,30,1,257,9,2,"B","B","ON","ON","OFF","ON",0
413,211,28,25,0,3,2,"A","A","ON","OFF","OFF","OFF",1
414,455,35,1,614,2,8,"B","C","ON","ON","OFF","ON",0
415,679,37,8,262,22,7,"B","C","ON","ON","OFF","OFF",0
416,296,28,3,461,5,6,"A","B","ON","OFF","OFF","ON",0
417,553,35,0,230,2,6,"B","B","ON","ON","ON","OFF",1
418,456,44,3,0,5,6,"B","C","ON","ON","OFF","ON",0
419,195,22,1,81,3,0,"A","A","ON","OFF","OFF","ON",1
420,359,35,8,0,11,9,"B","B","ON","ON","OFF","OFF",0
421,393,20,5,0,2,0,"A","B","ON","OFF","OFF","ON",0
422,467,41,1,194,4,5,"B","B","ON","ON","OFF","ON",0
423,523,44,2,1921,5,5,"B","C","ON","ON","OFF","ON",0
424,838,84,64,349,2,9,"B","C","ON","ON","OFF","ON",0
425,546,33,6,227,9,4,"B","B","ON","ON","OFF","OFF",0
426,292,29,1,121,18,5,"A","B","ON","OFF","OFF","ON",0
427,245,20,3,102,8,2,"A","A","ON","OFF","OFF","OFF",0
428,312,24,24,130,1,4,"B","B","ON","ON","OFF","ON",0
429,643,50,2,0,5,6,"B","C","ON","ON","OFF","ON",0
430,521,47,2,217,6,8,"B","C","ON","ON","OFF","ON",0
431,524,50,30,148,5,9,"B","B","ON","ON","OFF","ON",0
432,489,40,4,203,10,7,"B","C","ON","ON","OFF","ON",0
433,490,36,2,0,11,8,"B","B","ON","ON","OFF","OFF",0
434,340,20,3,141,4,0,"A","B","ON","OFF","OFF","ON",0
435,407,21,0,118,1,0,"A","B","ON","OFF","ON","ON",1
436,194,29,1,151,9,6,"B","A","ON","ON","OFF","ON",1
437,384,53,3,160,13,9,"B","B","ON","ON","OFF","ON",0
438,367,33,33,152,2,4,"B","B","ON","ON","OFF","OFF",0
439,341,23,3,142,3,2,"B","B","ON","ON","OFF","ON",0
440,476,34,0,366,4,7,"B","B","ON","ON","ON","OFF",1
441,442,24,5,0,5,2,"B","B","ON","ON","OFF","OFF",0
442,401,32,0,167,6,12,"B","B","ON","ON","ON","ON",1
443,378,29,2,587,4,4,"B","B","ON","ON","OFF","ON",0
444,465,25,0,193,4,5,"B","B","ON","ON","ON","ON",1
445,351,22,22,463,4,2,"A","B","ON","OFF","OFF","OFF",0
446,518,44,2,215,12,16,"B","C","ON","ON","OFF","ON",0
447,362,38,2,150,2,5,"B","B","ON","ON","ON","ON",0
448,651,44,6,0,3,7,"B","C","ON","ON","OFF","OFF",0
449,650,38,38,270,7,6,"C","C","OFF","ON","OFF","OFF",0
450,337,33,3,0,3,11,"B","B","ON","ON","OFF","ON",0
451,485,35,7,202,10,10,"B","B","ON","ON","OFF","OFF",0
452,404,23,23,168,10,0,"B","B","ON","ON","OFF","ON",0
453,459,30,7,0,26,10,"B","B","ON","ON","OFF","OFF",0
454,513,46,26,213,5,6,"A","B","ON","OFF","OFF","OFF",0
455,452,25,2,188,3,4,"B","B","ON","ON","OFF","ON",0
456,411,20,3,0,0,2,"C","B","OFF","ON","OFF","ON",0
457,454,41,1,1118,7,5,"B","B","ON","ON","OFF","ON",0
458,479,47,5,446,3,8,"C","B","OFF","ON","OFF","OFF",0
459,651,44,6,0,3,7,"B","C","ON","ON","OFF","OFF",0
460,269,24,2,112,3,0,"A","A","ON","OFF","OFF","ON",0
461,568,20,9,236,7,0,"B","B","ON","ON","OFF","OFF",0
462,397,36,7,165,7,4,"B","B","ON","ON","OFF","OFF",0
463,429,43,6,178,12,9,"B","B","ON","ON","OFF","ON",1
464,568,20,9,236,7,0,"B","B","ON","ON","OFF","OFF",0
465,195,22,1,81,3,0,"A","A","ON","OFF","OFF","ON",1
466,269,21,3,112,12,0,"A","A","ON","OFF","OFF","ON",1
467,287,40,2,119,2,11,"B","A","ON","ON","OFF","ON",0
468,346,20,20,144,3,2,"A","B","ON","OFF","OFF","OFF",0
469,230,30,3,95,10,5,"B","A","ON","ON","ON","ON",1
470,387,19,3,299,1,1,"C","B","OFF","ON","OFF","ON",0
471,292,26,2,798,2,0,"B","B","ON","ON","OFF","ON",0
472,383,24,3,159,4,3,"B","B","ON","ON","OFF","ON",0
473,602,63,1,250,4,14,"B","B","ON","ON","OFF","ON",0
474,158,28,1,65,12,5,"B","A","ON","ON","OFF","ON",1
475,456,35,2,190,3,3,"B","B","ON","ON","OFF","ON",0
476,380,19,6,0,5,1,"C","B","OFF","ON","OFF","ON",0
477,423,20,5,176,19,0,"A","D","ON","OFF","OFF","ON",0
478,524,50,30,148,5,9,"B","B","ON","ON","OFF","ON",0
479,538,20,0,224,24,0,"A","B","ON","OFF","ON","ON",1
480,485,35,7,202,10,10,"B","B","ON","ON","OFF","OFF",0
481,437,34,3,182,1,5,"C","B","OFF","ON","OFF","OFF",0
482,541,26,1,1335,2,6,"A","B","ON","OFF","OFF","ON",0
483,412,31,2,171,1,7,"B","B","ON","ON","OFF","ON",0
484,338,21,6,348,4,0,"A","B","ON","OFF","OFF","OFF",0
485,521,32,1,217,6,8,"B","B","ON","ON","OFF","ON",0
486,375,37,37,329,10,11,"B","C","ON","ON","OFF","ON",0
487,277,21,2,115,6,3,"A","B","ON","OFF","OFF","ON",0
488,271,25,22,0,16,5,"A","A","ON","OFF","OFF","ON",1
489,476,34,0,366,4,7,"B","B","ON","ON","ON","OFF",1
490,194,29,1,151,9,6,"B","A","ON","ON","OFF","ON",1
491,888,48,3,1120,5,12,"B","D","ON","ON","OFF","ON",0
492,600,50,2,250,8,9,"B","B","ON","ON","OFF","ON",0
493,602,63,1,250,4,14,"B","B","ON","ON","OFF","ON",0
494,385,33,3,649,4,4,"B","B","ON","ON","OFF","ON",0
495,409,42,3,0,8,4,"A","B","ON","OFF","OFF","OFF",1
496,341,23,3,142,3,2,"B","B","ON","ON","OFF","ON",0
497,423,20,5,176,19,0,"A","D","ON","OFF","OFF","ON",0
498,697,45,2,290,6,5,"B","C","ON","ON","OFF","ON",0
499,408,29,1,170,1,2,"C","A","OFF","ON","OFF","ON",0
500,397,34,3,165,4,11,"B","B","ON","ON","OFF","ON",0
501,549,29,6,228,6,11,"B","C","ON","ON","OFF","ON",0
502,271,25,22,0,16,5,"A","A","ON","OFF","OFF","ON",1
503,222,20,1,851,4,0,"A","A","ON","OFF","OFF","ON",1
504,399,19,5,166,12,0,"C","B","OFF","ON","OFF","OFF",0
505,402,31,31,167,10,6,"B","B","ON","ON","OFF","OFF",0
506,195,22,1,81,3,0,"A","A","ON","OFF","OFF","ON",1
507,510,42,0,212,1,5,"B","B","ON","ON","ON","ON",1
508,810,32,1,337,9,6,"B","C","ON","ON","OFF","ON",0
509,650,38,38,0,5,6,"A","C","ON","OFF","OFF","ON",0
510,485,35,7,202,10,10,"B","B","ON","ON","OFF","OFF",0
511,427,42,6,1341,1,12,"B","B","ON","ON","OFF","ON",0
512,483,22,3,701,10,2,"C","B","OFF","ON","OFF","ON",0
513,600,50,2,250,8,9,"B","B","ON","ON","OFF","ON",0
514,401,32,0,167,6,12,"B","B","ON","ON","ON","ON",1
515,467,32,32,194,7,5,"B","B","ON","ON","OFF","OFF",0
516,444,43,43,162,4,10,"A","B","ON","OFF","ON","OFF",0
517,660,36,7,275,12,11,"B","C","ON","ON","OFF","ON",0
518,413,28,3,172,3,6,"B","B","ON","ON","OFF","ON",0
519,405,34,4,168,14,9,"B","B","ON","ON","OFF","ON",0
520,317,45,3,0,5,7,"A","B","ON","OFF","OFF","ON",0
521,378,31,31,171,4,7,"B","B","ON","ON","OFF","ON",0
522,578,51,2,240,14,13,"B","B","ON","ON","OFF","ON",0
523,618,37,5,0,3,6,"C","B","OFF","ON","OFF","OFF",0
524,184,19,5,76,4,0,"A","A","ON","OFF","ON","ON",1
525,660,36,7,275,12,11,"B","C","ON","ON","OFF","ON",0
526,430,38,4,179,4,5,"C","A","OFF","ON","OFF","ON",0
527,138,22,19,0,7,3,"A","A","ON","OFF","OFF","OFF",1
528,256,25,22,106,14,4,"B","A","ON","ON","OFF","ON",1
529,403,27,4,167,4,3,"B","B","ON","ON","OFF","OFF",0
530,492,28,0,205,10,4,"A","B","ON","OFF","ON","OFF",1
531,274,32,1,0,11,13,"C","A","OFF","ON","OFF","ON",0
532,524,50,30,148,5,9,"B","B","ON","ON","OFF","ON",0
533,644,45,4,268,9,12,"B","B","ON","ON","OFF","ON",0
534,418,50,30,174,7,11,"B","B","ON","ON","OFF","ON",0
535,521,32,1,217,6,8,"B","B","ON","ON","OFF","ON",0
536,343,29,29,142,6,4,"C","B","OFF","ON","OFF","OFF",0
537,269,28,28,112,5,5,"B","B","ON","ON","OFF","OFF",0
538,443,28,4,184,3,9,"B","B","ON","ON","OFF","OFF",0
539,302,28,1,271,2,3,"B","A","ON","ON","OFF","ON",0
540,697,45,2,290,6,5,"B","C","ON","ON","OFF","ON",0
541,442,35,1,184,3,4,"B","B","ON","ON","OFF","ON",0
542,466,31,5,53,18,6,"B","B","ON","ON","OFF","ON",0
543,430,38,4,179,4,5,"C","A","OFF","ON","OFF","ON",0
544,485,39,4,202,6,4,"B","C","ON","ON","OFF","ON",0
545,424,28,2,176,24,2,"C","B","OFF","ON","OFF","ON",0
546,294,20,20,122,3,2,"A","A","ON","OFF","OFF","OFF",0
547,359,35,8,0,11,9,"B","B","ON","ON","OFF","OFF",0
548,554,29,2,0,4,4,"B","B","ON","ON","OFF","ON",0
549,475,24,0,0,1,1,"B","B","ON","ON","ON","OFF",1
550,235,19,2,1747,5,1,"A","B","ON","OFF","OFF","ON",0
551,380,33,5,0,9,8,"C","B","OFF","ON","OFF","ON",0
552,553,25,7,230,2,7,"B","B","ON","ON","OFF","OFF",0
553,329,23,8,308,0,3,"B","B","ON","ON","OFF","ON",0
554,191,27,2,79,6,3,"A","A","ON","OFF","OFF","ON",1
555,491,50,0,356,8,9,"B","B","ON","ON","ON","OFF",1
556,466,20,5,194,7,0,"C","B","OFF","ON","OFF","ON",0
557,412,31,2,171,1,7,"B","B","ON","ON","OFF","ON",0
558,245,20,3,102,8,2,"A","A","ON","OFF","OFF","OFF",0
559,465,25,0,193,4,5,"B","B","ON","ON","ON","ON",1
560,215,19,3,89,12,0,"C","A","OFF","ON","OFF","ON",1
561,528,21,3,418,8,2,"A","C","ON","OFF","OFF","OFF",0
562,269,21,3,112,12,0,"A","A","ON","OFF","OFF","ON",1
563,643,50,2,0,5,6,"B","C","ON","ON","OFF","ON",0
564,383,24,3,159,4,3,"B","B","ON","ON","OFF","ON",0
565,610,41,1,254,3,7,"B","C","ON","ON","OFF","ON",0
566,405,34,4,168,14,9,"B","B","ON","ON","OFF","ON",0
567,180,18,2,75,12,2,"A","A","ON","OFF","OFF","ON",1
568,467,32,32,194,7,5,"B","B","ON","ON","OFF","OFF",0
569,518,43,2,776,3,6,"B","B","ON","ON","OFF","OFF",0
570,397,36,3,610,6,14,"B","B","ON","ON","OFF","ON",0
571,749,55,1,0,0,8,"B","C","ON","ON","OFF","ON",0
572,568,35,7,371,10,7,"B","C","ON","ON","OFF","OFF",0
573,317,45,3,0,5,7,"A","B","ON","OFF","OFF","ON",0
574,211,28,1,0,7,3,"B","A","ON","ON","OFF","ON",1
575,429,27,1,178,9,6,"B","B","ON","ON","OFF","ON",0
576,264,24,24,0,7,6,"C","A","OFF","ON","OFF","OFF",0
577,384,53,3,160,13,9,"B","B","ON","ON","OFF","ON",0
578,789,68,4,328,10,11,"B","C","ON","ON","OFF","OFF",0
579,912,65,1,380,1,11,"B","D","ON","ON","OFF","ON",0
580,521,32,1,217,6,8,"B","B","ON","ON","OFF","ON",0
581,343,29,29,142,6,4,"C","B","OFF","ON","OFF","OFF",0
582,610,41,1,254,3,7,"B","C","ON","ON","OFF","ON",0
583,349,27,5,145,3,3,"B","B","ON","ON","OFF","OFF",0
584,403,23,0,0,10,4,"B","B","ON","ON","ON","ON",1
585,194,29,1,151,9,6,"B","A","ON","ON","OFF","ON",1
586,454,50,5,189,6,10,"B","C","ON","ON","OFF","ON",0
587,789,68,4,328,10,11,"B","C","ON","ON","OFF","OFF",0
588,337,24,2,450,14,0,"B","A","ON","ON","OFF","ON",0
589,405,34,4,168,14,9,"B","B","ON","ON","OFF","ON",0
590,888,48,3,1120,5,12,"B","D","ON","ON","OFF","ON",0
591,651,44,6,0,3,7,"B","C","ON","ON","OFF","OFF",0
592,307,18,3,127,5,2,"C","A","OFF","ON","OFF","ON",0
593,396,27,0,0,5,3,"B","B","ON","ON","ON","OFF",1
594,306,29,2,127,4,9,"B","B","ON","ON","OFF","ON",0
595,399,22,6,166,12,0,"B","B","ON","ON","OFF","OFF",0
596,359,35,8,0,11,9,"B","B","ON","ON","OFF","OFF",0
597,368,39,2,153,7,9,"B","B","ON","ON","OFF","ON",0
598,527,24,8,219,2,3,"B","B","ON","ON","OFF","ON",0
599,483,22,3,701,10,2,"C","B","OFF","ON","OFF","ON",0
600,375,37,37,329,10,11,"B","C","ON","ON","OFF","ON",0
601,691,51,31,287,7,8,"C","C","OFF","ON","OFF","ON",0
602,466,20,5,194,7,0,"C","B","OFF","ON","OFF","ON",0
603,562,59,5,234,3,14,"B","C","ON","ON","OFF","ON",0
604,633,36,3,0,8,3,"B","C","ON","ON","OFF","ON",0
605,651,44,44,271,3,6,"B","C","ON","ON","OFF","OFF",0
606,208,23,3,86,7,3,"C","A","OFF","ON","OFF","ON",0
607,789,45,2,328,1,7,"B","C","ON","ON","OFF","ON",0
608,465,25,0,193,4,5,"B","B","ON","ON","ON","ON",1
609,421,25,0,967,11,7,"B","B","ON","ON","ON","ON",1
610,378,21,2,1409,5,1,"A","B","ON","OFF","OFF","ON",0
611,409,32,5,170,7,3,"C","B","OFF","ON","OFF","ON",0
612,513,46,26,213,5,6,"A","B","ON","OFF","OFF","OFF",0
613,405,31,4,168,10,1,"B","B","ON","ON","OFF","ON",0
614,396,27,0,0,5,3,"B","B","ON","ON","ON","OFF",1
615,586,44,4,160,3,9,"C","C","OFF","ON","OFF","OFF",0
616,422,27,0,175,9,9,"A","B","ON","OFF","ON","ON",1
617,586,44,4,160,3,9,"C","C","OFF","ON","OFF","OFF",0
618,492,34,1,205,16,4,"C","B","OFF","ON","OFF","ON",0
619,450,26,6,187,7,5,"A","B","ON","OFF","OFF","ON",0
620,518,43,2,776,3,6,"B","B","ON","ON","OFF","OFF",0
621,374,36,2,155,6,7,"A","B","ON","OFF","OFF","ON",0
622,550,23,7,0,6,4,"C","B","OFF","ON","OFF","ON",0
623,451,36,4,187,11,4,"B","B","ON","ON","OFF","ON",0
624,684,53,5,285,2,10,"B","C","ON","ON","OFF","OFF",0
625,396,44,2,165,0,13,"B","C","ON","ON","OFF","ON",0
626,488,27,27,203,8,4,"B","C","ON","ON","OFF","OFF",0
627,294,28,4,122,3,2,"B","B","ON","ON","OFF","ON",0
628,467,41,1,194,4,5,"B","B","ON","ON","OFF","ON",0
629,523,18,4,217,6,2,"A","B","ON","OFF","OFF","ON",0
630,269,21,3,112,12,0,"A","A","ON","OFF","OFF","ON",1
631,877,59,6,365,7,6,"B","D","ON","ON","ON","ON",0
632,447,20,5,186,5,0,"A","B","ON","OFF","OFF","ON",0
633,344,37,6,143,15,3,"B","B","ON","ON","OFF","ON",0
634,430,41,4,179,3,11,"B","B","ON","ON","OFF","ON",0
635,443,28,4,184,3,9,"B","B","ON","ON","OFF","OFF",0
636,467,32,32,194,7,5,"B","B","ON","ON","OFF","OFF",0
637,365,22,5,1227,15,1,"A","B","ON","OFF","OFF","ON",0
638,408,36,0,170,6,3,"B","B","ON","ON","ON","ON",1
639,527,24,8,219,2,3,"B","B","ON","ON","OFF","ON",0
640,327,20,3,0,6,0,"A","B","ON","OFF","OFF","ON",0
641,684,53,5,285,2,10,"B","C","ON","ON","OFF","OFF",0
642,403,23,0,0,10,4,"B","B","ON","ON","ON","ON",1
643,524,50,30,148,5,9,"B","B","ON","ON","OFF","ON",0
644,336,29,29,140,10,7,"B","B","ON","ON","OFF","ON",0
645,199,25,22,524,0,4,"A","A","ON","OFF","OFF","OFF",1
646,222,20,1,851,4,0,"A","A","ON","OFF","OFF","ON",1
647,393,26,3,163,5,0,"B","B","ON","ON","OFF","ON",0
648,399,19,5,166,12,0,"C","B","OFF","ON","OFF","OFF",0
649,447,42,6,186,7,4,"B","B","ON","ON","OFF","OFF",0
650,268,26,26,111,4,0,"B","A","ON","ON","OFF","OFF",0
651,400,27,5,431,3,6,"B","B","ON","ON","OFF","OFF",0
652,549,29,6,228,6,11,"B","C","ON","ON","OFF","ON",0
653,261,24,1,108,3,1,"B","A","ON","ON","OFF","ON",0
654,373,36,0,155,5,6,"B","B","ON","ON","ON","OFF",1
655,164,28,25,68,6,4,"C","A","OFF","ON","OFF","ON",1
656,471,40,1,1346,13,16,"A","B","ON","OFF","OFF","ON",0
657,481,32,3,285,4,6,"B","B","ON","ON","OFF","OFF",0
658,887,58,5,369,7,9,"B","D","ON","ON","OFF","OFF",0
659,383,25,2,159,2,4,"B","B","ON","ON","OFF","ON",0
660,483,22,3,701,10,2,"C","B","OFF","ON","OFF","ON",0
661,505,45,6,595,17,5,"B","B","ON","ON","OFF","OFF",0
662,576,24,24,240,2,2,"A","C","ON","OFF","OFF","ON",0
663,198,27,1,82,9,8,"A","A","ON","OFF","OFF","ON",1
664,435,27,3,1044,2,0,"B","B","ON","ON","OFF","ON",0
665,362,38,2,150,2,5,"B","B","ON","ON","ON","ON",0
666,599,46,3,0,1,16,"B","C","ON","ON","OFF","ON",0
667,374,36,2,155,6,7,"A","B","ON","OFF","OFF","ON",0
668,679,28,7,282,11,4,"C","C","OFF","ON","OFF","ON",0
669,397,34,3,165,4,11,"B","B","ON","ON","OFF","ON",0
670,437,39,2,1205,17,5,"B","B","ON","ON","OFF","ON",0
671,697,45,2,290,6,5,"B","C","ON","ON","OFF","ON",0
672,453,34,2,188,7,11,"B","B","ON","ON","OFF","ON",0
673,618,37,5,0,3,6,"C","B","OFF","ON","OFF","OFF",0
674,402,35,35,0,12,8,"B","B","ON","ON","OFF","ON",0
675,665,42,3,277,5,5,"B","B","ON","ON","OFF","OFF",0
676,444,43,43,162,4,10,"A","B","ON","OFF","ON","OFF",0
677,413,25,25,0,3,1,"C","B","OFF","ON","OFF","OFF",0
678,405,47,3,168,12,9,"B","B","ON","ON","OFF","ON",0
679,417,21,7,173,15,1,"A","B","ON","OFF","OFF","ON",0
680,749,55,1,0,0,8,"B","C","ON","ON","OFF","ON",0
681,284,18,2,118,1,0,"C","A","OFF","ON","OFF","ON",0
682,697,45,3,0,0,13,"B","C","ON","ON","OFF","OFF",0
683,697,45,3,0,0,13,"B","C","ON","ON","OFF","OFF",0
684,473,32,4,179,4,5,"B","B","ON","ON","OFF","OFF",0
685,409,32,5,170,7,3,"C","B","OFF","ON","OFF","ON",0
686,455,35,1,614,2,8,"B","C","ON","ON","OFF","ON",0
687,443,28,4,184,3,9,"B","B","ON","ON","OFF","OFF",0
688,404,23,23,168,10,0,"B","B","ON","ON","OFF","ON",0
689,353,28,2,147,5,5,"B","B","ON","ON","OFF","ON",0
690,424,20,20,176,3,1,"A","B","ON","OFF","OFF","OFF",0
691,410,32,32,170,8,7,"B","B","ON","ON","OFF","OFF",0
692,423,20,5,176,19,0,"A","D","ON","OFF","OFF","ON",0
693,340,20,3,141,4,0,"A","B","ON","OFF","OFF","ON",0
694,417,21,7,173,15,1,"A","B","ON","OFF","OFF","ON",0
695,923,55,3,995,1,7,"B","D","ON","ON","OFF","ON",0
696,650,38,38,0,5,6,"A","C","ON","OFF","OFF","ON",0
697,660,36,7,275,12,11,"B","C","ON","ON","OFF","ON",0
698,644,42,1,268,6,5,"B","C","ON","ON","OFF","ON",0
699,447,42,6,186,7,4,"B","B","ON","ON","OFF","OFF",0
700,294,28,4,122,3,2,"B","B","ON","ON","OFF","ON",0
701,679,28,7,282,11,4,"C","C","OFF","ON","OFF","ON",0
702,429,33,3,178,10,6,"B","B","ON","ON","OFF","ON",0
703,180,23,3,684,12,1,"B","A","ON","ON","OFF","ON",1
704,562,59,5,234,3,14,"B","C","ON","ON","OFF","ON",0
705,466,20,5,194,7,0,"C","B","OFF","ON","OFF","ON",0
706,633,36,3,0,8,3,"B","C","ON","ON","OFF","ON",0
707,436,46,2,181,4,4,"B","B","ON","ON","OFF","ON",0
708,343,29,29,142,6,4,"C","B","OFF","ON","OFF","OFF",0
709,442,24,5,0,5,2,"B","B","ON","ON","OFF","OFF",0
710,337,24,2,450,14,0,"B","A","ON","ON","OFF","ON",0
711,388,29,29,493,8,3,"B","B","ON","ON","OFF","ON",0
712,651,49,4,0,12,10,"C","B","OFF","ON","OFF","ON",0
713,650,38,38,270,7,6,"C","C","OFF","ON","OFF","OFF",0
714,749,55,1,0,0,8,"B","C","ON","ON","OFF","ON",0
715,268,26,26,111,4,0,"B","A","ON","ON","OFF","OFF",0
716,375,37,37,329,10,11,"B","C","ON","ON","OFF","ON",0
717,421,21,4,703,1,0,"A","C","ON","OFF","OFF","ON",0
718,807,41,41,336,10,10,"B","D","ON","ON","OFF","OFF",0
719,401,32,0,167,6,12,"B","B","ON","ON","ON","ON",1
720,454,50,5,189,6,10,"B","C","ON","ON","OFF","ON",0
721,769,63,3,320,10,17,"B","C","ON","ON","OFF","OFF",0
722,365,30,2,152,4,6,"B","B","ON","ON","ON","ON",0
723,409,18,6,0,11,0,"C","B","OFF","ON","OFF","OFF",0
724,264,19,2,494,6,0,"C","A","OFF","ON","OFF","ON",0
725,397,34,3,165,4,11,"B","B","ON","ON","OFF","ON",0
726,360,26,3,0,10,7,"B","B","ON","ON","OFF","ON",0
727,498,28,28,0,10,4,"B","B","ON","ON","OFF","OFF",0
728,368,39,2,153,7,9,"B","B","ON","ON","OFF","ON",0
729,465,25,0,193,4,5,"B","B","ON","ON","ON","ON",1
730,658,44,5,274,2,5,"B","C","ON","ON","OFF","ON",0
731,660,36,7,275,12,11,"B","C","ON","ON","OFF","ON",0
732,421,21,4,703,1,0,"A","C","ON","OFF","OFF","ON",0
733,397,36,7,165,7,4,"B","B","ON","ON","OFF","OFF",0
734,388,29,29,493,8,3,"B","B","ON","ON","OFF","ON",0
735,360,26,3,0,10,7,"B","B","ON","ON","OFF","ON",0
736,169,19,2,70,6,1,"A","A","ON","OFF","ON","ON",1
737,461,20,3,192,5,1,"C","B","OFF","ON","OFF","ON",0
738,429,27,1,178,9,6,"B","B","ON","ON","OFF","ON",0
739,245,20,3,102,8,2,"A","A","ON","OFF","OFF","OFF",0
740,411,20,3,0,0,2,"C","B","OFF","ON","OFF","ON",0
741,437,34,3,182,1,5,"C","B","OFF","ON","OFF","OFF",0
742,355,24,4,0,8,4,"B","B","ON","ON","OFF","ON",0
743,412,31,2,171,1,7,"B","B","ON","ON","OFF","ON",0
744,393,20,5,0,2,0,"A","B","ON","OFF","OFF","ON",0
745,402,31,31,167,10,6,"B","B","ON","ON","OFF","OFF",0
746,527,24,8,219,2,3,"B","B","ON","ON","OFF","ON",0
747,405,33,3,1121,7,4,"B","B","ON","ON","OFF","ON",0
748,429,33,3,178,10,6,"B","B","ON","ON","OFF","ON",0
749,358,23,2,0,11,3,"B","B","ON","ON","OFF","ON",0
750,474,34,34,197,15,10,"B","B","ON","ON","OFF","OFF",0
751,399,22,6,166,12,0,"B","B","ON","ON","OFF","OFF",0
752,313,32,32,130,2,6,"C","B","OFF","ON","OFF","ON",0
753,414,20,5,596,13,1,"A","B","ON","OFF","OFF","OFF",0
754,409,42,3,0,8,4,"A","B","ON","OFF","OFF","OFF",1
755,425,23,1,1564,4,4,"B","C","ON","ON","OFF","ON",0
756,399,19,5,166,12,0,"C","B","OFF","ON","OFF","OFF",0
757,789,68,4,328,10,11,"B","C","ON","ON","OFF","OFF",0
758,834,44,2,347,8,10,"B","D","ON","ON","ON","ON",0
759,169,19,2,70,6,1,"A","A","ON","OFF","ON","ON",1
760,510,42,0,212,1,5,"B","B","ON","ON","ON","ON",1
761,180,23,3,684,12,1,"B","A","ON","ON","OFF","ON",1
762,500,32,2,208,0,5,"B","B","ON","ON","OFF","ON",0
763,358,18,3,149,2,2,"B","B","ON","ON","OFF","ON",0
764,230,30,3,95,10,5,"B","A","ON","ON","ON","ON",1
765,455,35,1,614,2,8,"B","C","ON","ON","OFF","ON",0
766,425,25,3,0,10,6,"C","B","OFF","ON","OFF","ON",0
767,421,21,4,703,1,0,"A","C","ON","OFF","OFF","ON",0
768,254,28,3,595,2,7,"C","A","OFF","ON","OFF","ON",0
769,518,43,2,776,3,6,"B","B","ON","ON","OFF","OFF",0
770,380,19,6,0,5,1,"C","B","OFF","ON","OFF","ON",0
771,498,28,28,0,10,4,"B","B","ON","ON","OFF","OFF",0
772,390,21,4,162,10,0,"A","B","ON","OFF","OFF","ON",0
773,562,59,5,234,3,14,"B","C","ON","ON","OFF","ON",0
774,506,18,2,210,6,2,"A","C","ON","OFF","OFF","ON",0
775,461,20,3,192,5,1,"C","B","OFF","ON","OFF","ON",0
776,349,27,3,145,2,4,"B","B","ON","ON","OFF","OFF",0
777,215,19,3,89,12,0,"C","A","OFF","ON","OFF","ON",1
778,409,18,6,0,11,0,"C","B","OFF","ON","OFF","OFF",0
779,174,24,2,72,6,2,"B","A","ON","ON","OFF","ON",1
780,166,19,1,0,7,0,"A","A","ON","OFF","ON","ON",1
781,528,21,3,418,8,2,"A","C","ON","OFF","OFF","OFF",0
782,430,38,4,179,4,5,"C","A","OFF","ON","OFF","ON",0
783,626,26,5,260,7,0,"B","C","ON","ON","OFF","OFF",0
784,400,27,5,431,3,6,"B","B","ON","ON","OFF","OFF",0
785,169,19,2,70,6,1,"A","A","ON","OFF","ON","ON",1
786,211,28,25,0,3,2,"A","A","ON","OFF","OFF","OFF",1
787,549,29,6,228,6,11,"B","C","ON","ON","OFF","ON",0
788,161,18,1,367,11,2,"A","A","ON","OFF","OFF","ON",1
789,302,28,1,271,2,3,"B","A","ON","ON","OFF","ON",0
790,164,28,25,68,6,4,"C","A","OFF","ON","OFF","ON",1
791,362,38,2,150,2,5,"B","B","ON","ON","ON","ON",0
792,147,23,1,70,7,4,"C","A","OFF","ON","OFF","ON",1
793,323,22,8,134,9,3,"B","B","ON","ON","OFF","OFF",0
794,618,37,5,0,3,6,"C","B","OFF","ON","OFF","OFF",0
795,485,35,7,202,10,10,"B","B","ON","ON","OFF","OFF",0
796,269,24,2,112,3,0,"A","A","ON","OFF","OFF","ON",0
797,912,65,1,380,1,11,"B","D","ON","ON","OFF","ON",0
798,274,24,3,114,5,0,"B","A","ON","ON","OFF","ON",0
799,284,18,2,118,1,0,"C","A","OFF","ON","OFF","ON",0
800,397,36,3,610,6,14,"B","B","ON","ON","OFF","ON",0
801,375,19,0,0,14,0,"A","B","ON","OFF","ON","ON",1
802,427,42,6,1341,1,12,"B","B","ON","ON","OFF","ON",0
803,402,35,35,0,12,8,"B","B","ON","ON","OFF","ON",0
804,417,31,3,173,4,7,"C","B","OFF","ON","OFF","ON",0
805,451,22,3,102,5,3,"A","B","ON","OFF","OFF","ON",0
806,355,24,4,0,8,4,"B","B","ON","ON","OFF","ON",0
807,593,27,2,247,5,5,"B","C","ON","ON","OFF","ON",0
808,651,44,44,271,3,6,"B","C","ON","ON","OFF","OFF",0
809,402,31,31,167,10,6,"B","B","ON","ON","OFF","OFF",0
810,268,26,26,111,4,0,"B","A","ON","ON","OFF","OFF",0
811,352,21,1,146,7,2,"A","C","ON","OFF","OFF","ON",0
812,569,27,1,835,6,8,"C","B","OFF","ON","OFF","ON",0
813,274,32,1,0,11,13,"C","A","OFF","ON","OFF","ON",0
814,377,29,7,0,1,4,"B","B","ON","ON","OFF","ON",0
815,321,26,26,295,7,4,"A","B","ON","OFF","OFF","OFF",0
816,302,28,1,271,2,3,"B","A","ON","ON","OFF","ON",0
817,295,29,1,122,4,3,"B","B","ON","ON","OFF","ON",0
818,789,45,2,328,1,7,"B","C","ON","ON","OFF","ON",0
819,670,44,2,279,2,7,"A","C","ON","OFF","OFF","ON",0
820,633,38,2,263,3,4,"A","C","ON","OFF","OFF","ON",0
821,491,50,0,356,8,9,"B","B","ON","ON","ON","OFF",1
822,392,30,1,163,6,7,"A","B","ON","OFF","OFF","ON",0
823,494,33,0,205,13,1,"B","B","ON","ON","ON","ON",1
824,456,35,2,190,3,3,"B","B","ON","ON","OFF","ON",0
825,429,43,6,178,12,9,"B","B","ON","ON","OFF","ON",1
826,888,48,3,1120,5,12,"B","D","ON","ON","OFF","ON",0
827,483,22,3,701,10,2,"C","B","OFF","ON","OFF","ON",0
828,424,28,2,176,24,2,"C","B","OFF","ON","OFF","ON",0
829,591,34,1,246,4,6,"B","C","ON","ON","OFF","ON",0
830,425,31,5,177,1,9,"B","B","ON","ON","OFF","ON",0
831,409,32,5,170,7,3,"C","B","OFF","ON","OFF","ON",0
832,528,21,3,418,8,2,"A","C","ON","OFF","OFF","OFF",0
833,414,20,5,596,13,1,"A","B","ON","OFF","OFF","OFF",0
834,392,30,30,0,4,9,"B","B","ON","ON","OFF","OFF",0
835,450,26,6,187,7,5,"A","B","ON","OFF","OFF","ON",0
836,294,28,4,122,3,2,"B","B","ON","ON","OFF","ON",0
837,447,20,5,186,5,0,"A","B","ON","OFF","OFF","ON",0
838,473,47,27,197,5,5,"B","C","ON","ON","OFF","ON",0
839,435,27,3,1044,2,0,"B","B","ON","ON","OFF","ON",0
840,454,41,1,1118,7,5,"B","B","ON","ON","OFF","ON",0
841,375,19,0,0,14,0,"A","B","ON","OFF","ON","ON",1
842,399,27,27,0,3,7,"B","B","ON","ON","OFF","OFF",0
843,337,24,2,450,14,0,"B","A","ON","ON","OFF","ON",0
844,506,41,4,210,0,11,"B","C","ON","ON","OFF","ON",0
845,651,49,4,0,12,10,"C","B","OFF","ON","OFF","ON",0
846,372,35,35,155,2,3,"B","B","ON","ON","OFF","ON",0
847,392,30,30,0,4,9,"B","B","ON","ON","OFF","OFF",0
848,343,28,3,142,2,5,"B","B","ON","ON","OFF","ON",0
849,405,33,3,1121,7,4,"B","B","ON","ON","OFF","ON",0
850,396,27,0,0,5,3,"B","B","ON","ON","ON","OFF",1
851,834,44,2,347,8,10,"B","D","ON","ON","ON","ON",0
852,469,49,1,1084,6,4,"B","B","ON","ON","OFF","ON",0
853,436,46,2,181,4,4,"B","B","ON","ON","OFF","ON",0
854,274,24,3,114,5,0,"B","A","ON","ON","OFF","ON",0
855,230,30,3,95,10,5,"B","A","ON","ON","ON","ON",1
856,312,24,24,130,1,4,"B","B","ON","ON","OFF","ON",0
857,481,39,1,485,11,4,"B","B","ON","ON","OFF","ON",0
858,396,44,2,165,0,13,"B","C","ON","ON","OFF","ON",0
859,393,26,3,163,5,0,"B","B","ON","ON","OFF","ON",0
860,472,36,0,0,10,4,"B","B","ON","ON","ON","OFF",1
861,466,31,5,53,18,6,"B","B","ON","ON","OFF","ON",0
862,617,42,2,826,4,5,"B","C","ON","ON","OFF","ON",0
863,329,23,8,308,0,3,"B","B","ON","ON","OFF","ON",0
864,450,26,6,187,7,5,"A","B","ON","OFF","OFF","ON",0
865,546,33,6,227,9,4,"B","B","ON","ON","OFF","OFF",0
866,442,27,2,925,3,7,"C","B","OFF","ON","OFF","ON",0
867,568,35,7,371,10,7,"B","C","ON","ON","OFF","OFF",0
868,392,30,30,0,4,9,"B","B","ON","ON","OFF","OFF",0
869,749,55,1,0,0,8,"B","C","ON","ON","OFF","ON",0
870,365,22,5,1227,15,1,"A","B","ON","OFF","OFF","ON",0
871,515,42,5,0,16,13,"B","B","ON","ON","OFF","OFF",0
872,237,22,2,98,1,2,"A","A","ON","OFF","OFF","ON",0
873,599,46,3,0,1,16,"B","C","ON","ON","OFF","ON",0
874,425,23,1,1564,4,4,"B","C","ON","ON","OFF","ON",0
875,352,21,1,146,7,2,"A","C","ON","OFF","OFF","ON",0
876,488,27,27,203,8,4,"B","C","ON","ON","OFF","OFF",0
877,222,18,3,543,11,2,"B","A","ON","ON","OFF","ON",0
878,269,24,2,112,3,0,"A","A","ON","OFF","OFF","ON",0
879,443,29,4,184,12,3,"A","B","ON","OFF","OFF","ON",0
880,481,32,3,285,4,6,"B","B","ON","ON","OFF","OFF",0
881,505,45,6,595,17,5,"B","B","ON","ON","OFF","OFF",0
882,437,34,3,182,1,5,"C","B","OFF","ON","OFF","OFF",0
883,274,32,1,0,11,13,"C","A","OFF","ON","OFF","ON",0
884,643,43,7,0,1,13,"B","B","ON","ON","ON","ON",0
885,500,32,2,208,0,5,"B","B","ON","ON","OFF","ON",0
886,408,29,1,170,1,2,"C","A","OFF","ON","OFF","ON",0
887,417,31,3,173,4,7,"C","B","OFF","ON","OFF","ON",0
888,358,18,3,149,2,2,"B","B","ON","ON","OFF","ON",0
889,587,42,1,1440,4,17,"B","C","ON","ON","OFF","ON",0
890,650,38,38,270,7,6,"C","C","OFF","ON","OFF","OFF",0
891,660,34,0,0,7,9,"B","B","ON","ON","ON","ON",1
892,380,19,6,0,5,1,"C","B","OFF","ON","OFF","ON",0
893,287,27,3,119,8,5,"C","A","OFF","ON","OFF","OFF",0
894,506,18,2,210,6,2,"A","C","ON","OFF","OFF","ON",0
895,441,37,1,566,3,8,"B","C","ON","ON","OFF","OFF",0
896,513,46,26,213,5,6,"A","B","ON","OFF","OFF","OFF",0
897,578,51,2,240,14,13,"B","B","ON","ON","OFF","ON",0
898,578,51,2,240,14,13,"B","B","ON","ON","OFF","ON",0
899,191,27,2,79,6,3,"A","A","ON","OFF","OFF","ON",1
900,409,18,6,0,11,0,"C","B","OFF","ON","OFF","OFF",0
901,423,33,0,176,7,8,"B","B","ON","ON","ON","OFF",1
902,338,21,6,348,4,0,"A","B","ON","OFF","OFF","OFF",0
903,234,28,2,598,5,3,"B","A","ON","ON","OFF","ON",0
904,679,37,8,262,22,7,"B","C","ON","ON","OFF","OFF",0
905,471,40,1,1346,13,16,"A","B","ON","OFF","OFF","ON",0
906,287,27,3,119,8,5,"C","A","OFF","ON","OFF","OFF",0
907,318,33,33,0,2,4,"C","B","OFF","ON","OFF","OFF",0
908,271,30,2,112,18,10,"C","B","OFF","ON","OFF","ON",0
909,588,35,1,0,6,5,"B","C","ON","ON","OFF","ON",0
910,264,24,24,0,7,6,"C","A","OFF","ON","OFF","OFF",0
911,211,28,25,0,3,2,"A","A","ON","OFF","OFF","OFF",1
912,447,33,4,0,3,10,"C","B","OFF","ON","OFF","OFF",0
913,423,33,0,176,7,8,"B","B","ON","ON","ON","OFF",1
914,392,30,30,0,4,9,"B","B","ON","ON","OFF","OFF",0
915,668,50,2,278,6,9,"B","C","ON","ON","OFF","ON",0
916,392,30,1,163,6,7,"A","B","ON","OFF","OFF","ON",0
917,387,19,3,299,1,1,"C","B","OFF","ON","OFF","ON",0
918,417,21,7,173,15,1,"A","B","ON","OFF","OFF","ON",0
919,429,33,3,178,10,6,"B","B","ON","ON","OFF","ON",0
920,414,20,5,596,13,1,"A","B","ON","OFF","OFF","OFF",0
921,166,19,1,0,7,0,"A","A","ON","OFF","ON","ON",1
922,386,24,2,396,16,3,"C","B","OFF","ON","OFF","ON",1
923,506,18,2,210,6,2,"A","C","ON","OFF","OFF","ON",0
924,888,48,3,1120,5,12,"B","D","ON","ON","OFF","ON",0
925,599,46,3,0,1,16,"B","C","ON","ON","OFF","ON",0
926,644,45,4,268,9,12,"B","B","ON","ON","OFF","ON",0
927,515,42,5,0,16,13,"B","B","ON","ON","OFF","OFF",0
928,337,33,3,0,3,11,"B","B","ON","ON","OFF","ON",0
929,576,24,24,240,2,2,"A","C","ON","OFF","OFF","ON",0
930,524,50,30,148,5,9,"B","B","ON","ON","OFF","ON",0
931,568,20,9,236,7,0,"B","B","ON","ON","OFF","OFF",0
932,292,29,1,121,18,5,"A","B","ON","OFF","OFF","ON",0
933,392,30,30,0,4,9,"B","B","ON","ON","OFF","OFF",0
934,538,20,0,224,24,0,"A","B","ON","OFF","ON","ON",1
935,138,22,19,0,7,3,"A","A","ON","OFF","OFF","OFF",1
936,340,20,3,141,4,0,"A","B","ON","OFF","OFF","ON",0
937,312,24,24,130,1,4,"B","B","ON","ON","OFF","ON",0
938,372,18,3,155,1,0,"B","B","ON","ON","OFF","OFF",0
939,349,27,3,145,2,4,"B","B","ON","ON","OFF","OFF",0
940,568,35,7,371,10,7,"B","C","ON","ON","OFF","OFF",0
941,546,33,6,227,9,4,"B","B","ON","ON","OFF","OFF",0
942,679,28,7,282,11,4,"C","C","OFF","ON","OFF","ON",0
943,424,28,2,176,24,2,"C","B","OFF","ON","OFF","ON",0
944,599,46,3,0,1,16,"B","C","ON","ON","OFF","ON",0
945,476,34,0,366,4,7,"B","B","ON","ON","ON","OFF",1
946,377,29,7,0,1,4,"B","B","ON","ON","OFF","ON",0
947,426,26,0,177,6,2,"B","B","ON","ON","ON","OFF",1
948,651,44,6,0,3,7,"B","C","ON","ON","OFF","OFF",0
949,421,25,0,967,11,7,"B","B","ON","ON","ON","ON",1
950,462,30,3,1487,12,3,"B","B","ON","ON","OFF","ON",0
951,442,35,1,184,3,4,"B","B","ON","ON","OFF","ON",0
952,339,21,2,141,4,3,"C","B","OFF","ON","OFF","ON",0
953,541,26,1,1335,2,6,"A","B","ON","OFF","OFF","ON",0
954,660,34,0,0,7,9,"B","B","ON","ON","ON","ON",1
955,261,24,1,108,3,1,"B","A","ON","ON","OFF","ON",0
956,420,25,1,175,9,0,"A","B","ON","OFF","OFF","ON",0
957,237,22,2,98,1,2,"A","A","ON","OFF","OFF","ON",0
958,454,41,1,1118,7,5,"B","B","ON","ON","OFF","ON",0
959,643,43,7,0,1,13,"B","B","ON","ON","ON","ON",0
960,373,36,0,155,5,6,"B","B","ON","ON","ON","OFF",1
961,610,41,1,254,3,7,"B","C","ON","ON","OFF","ON",0
962,458,40,4,190,16,5,"C","B","OFF","ON","OFF","ON",0
963,306,29,2,127,4,9,"B","B","ON","ON","OFF","ON",0
964,277,27,2,681,3,6,"A","A","ON","OFF","OFF","ON",0
965,582,45,7,242,2,6,"B","C","ON","ON","OFF","ON",0
966,341,23,3,142,3,2,"B","B","ON","ON","OFF","ON",0
967,327,20,3,0,6,0,"A","B","ON","OFF","OFF","ON",0
968,658,44,5,274,2,5,"B","C","ON","ON","OFF","ON",0
969,807,41,41,336,10,10,"B","D","ON","ON","OFF","OFF",0
970,461,20,3,192,5,1,"C","B","OFF","ON","OFF","ON",0
971,498,43,7,1085,13,9,"B","B","ON","ON","OFF","OFF",0
972,498,28,28,0,10,4,"B","B","ON","ON","OFF","OFF",0
973,588,35,1,0,6,5,"B","C","ON","ON","OFF","ON",0
974,360,26,3,0,10,7,"B","B","ON","ON","OFF","ON",0
975,660,36,7,275,12,11,"B","C","ON","ON","OFF","ON",0
976,362,38,2,150,2,5,"B","B","ON","ON","ON","ON",0
977,476,26,26,198,9,6,"A","B","ON","OFF","OFF","ON",0
978,352,21,1,146,7,2,"A","C","ON","OFF","OFF","ON",0
979,194,24,1,80,14,2,"B","A","ON","ON","ON","ON",1
980,271,30,2,112,18,10,"C","B","OFF","ON","OFF","ON",0
981,492,28,0,205,10,4,"A","B","ON","OFF","ON","OFF",1
982,184,19,5,76,4,0,"A","A","ON","OFF","ON","ON",1
983,138,22,19,0,7,3,"A","A","ON","OFF","OFF","OFF",1
984,264,20,0,110,3,1,"A","B","ON","OFF","ON","ON",1
985,617,42,2,826,4,5,"B","C","ON","ON","OFF","ON",0
986,420,25,1,175,9,0,"A","B","ON","OFF","OFF","ON",0
987,447,42,6,186,7,4,"B","B","ON","ON","OFF","OFF",0
988,391,23,7,162,5,5,"B","B","ON","ON","OFF","OFF",0
989,593,27,2,247,5,5,"B","C","ON","ON","OFF","ON",0
990,454,29,2,189,12,3,"B","B","ON","ON","OFF","ON",0
991,211,28,25,0,3,2,"A","A","ON","OFF","OFF","OFF",1
992,471,28,3,196,2,5,"B","B","ON","ON","OFF","ON",0
993,372,35,35,155,2,3,"B","B","ON","ON","OFF","ON",0
994,553,35,0,230,2,6,"B","B","ON","ON","ON","OFF",1
995,513,34,4,213,10,10,"B","B","ON","ON","OFF","ON",0
996,314,26,26,130,1,7,"B","B","ON","ON","OFF","ON",0
997,158,28,1,65,12,5,"B","A","ON","ON","OFF","ON",1
998,587,42,1,1440,4,17,"B","C","ON","ON","OFF","ON",0
999,454,41,1,1118,7,5,"B","B","ON","ON","OFF","ON",0
1000,644,45,4,268,9,12,"B","B","ON","ON","OFF","ON",0
1001,194,24,1,80,14,2,"B","A","ON","ON","ON","ON",1
1002,454,50,5,189,6,10,"B","C","ON","ON","OFF","ON",0
1003,633,38,2,263,3,4,"A","C","ON","OFF","OFF","ON",0
1004,586,44,4,160,3,9,"C","C","OFF","ON","OFF","OFF",0
1005,586,44,4,160,3,9,"C","C","OFF","ON","OFF","OFF",0
1006,405,31,4,168,10,1,"B","B","ON","ON","OFF","ON",0
1007,454,41,1,1118,7,5,"B","B","ON","ON","OFF","ON",0
1008,492,34,1,205,16,4,"C","B","OFF","ON","OFF","ON",0
1009,523,44,2,1921,5,5,"B","C","ON","ON","OFF","ON",0
1010,651,44,44,271,3,6,"B","C","ON","ON","OFF","OFF",0
1011,264,24,24,0,7,6,"C","A","OFF","ON","OFF","OFF",0
1012,254,32,4,105,14,5,"B","B","ON","ON","OFF","ON",0
1013,222,20,1,851,4,0,"A","A","ON","OFF","OFF","ON",1
1014,292,26,2,798,2,0,"B","B","ON","ON","OFF","ON",0
1015,464,38,2,1395,6,3,"B","B","ON","ON","OFF","ON",0
1016,456,44,3,0,5,6,"B","C","ON","ON","OFF","ON",0
1017,424,20,20,176,3,1,"A","B","ON","OFF","OFF","OFF",0
1018,451,36,4,187,11,4,"B","B","ON","ON","OFF","ON",0
1019,490,36,2,0,11,8,"B","B","ON","ON","OFF","OFF",0
1020,384,53,3,160,13,9,"B","B","ON","ON","OFF","ON",0
1021,660,34,0,0,7,9,"B","B","ON","ON","ON","ON",1
1022,401,32,0,167,6,12,"B","B","ON","ON","ON","ON",1
1023,397,19,4,624,4,0,"C","B","OFF","ON","OFF","ON",0
1024,691,51,31,287,7,8,"C","C","OFF","ON","OFF","ON",0
1025,211,28,25,0,3,2,"A","A","ON","OFF","OFF","OFF",1
1026,417,31,3,173,4,7,"C","B","OFF","ON","OFF","ON",0
1027,413,28,3,172,3,6,"B","B","ON","ON","OFF","ON",0
1028,494,33,0,205,13,1,"B","B","ON","ON","ON","ON",1
1029,160,18,15,0,7,2,"A","A","ON","OFF","OFF","ON",1
1030,235,19,2,1747,5,1,"A","B","ON","OFF","OFF","ON",0
1031,582,45,7,242,2,6,"B","C","ON","ON","OFF","ON",0
1032,923,55,3,995,1,7,"B","D","ON","ON","OFF","ON",0
1033,442,24,5,0,5,2,"B","B","ON","ON","OFF","OFF",0
1034,358,23,2,0,11,3,"B","B","ON","ON","OFF","ON",0
1035,198,27,1,82,9,8,"A","A","ON","OFF","OFF","ON",1
1036,340,20,3,141,4,0,"A","B","ON","OFF","OFF","ON",0
1037,276,32,2,277,4,5,"B","B","ON","ON","OFF","ON",0
1038,292,26,2,798,2,0,"B","B","ON","ON","OFF","ON",0
1039,430,41,4,179,3,11,"B","B","ON","ON","OFF","ON",0
1040,426,30,5,177,2,8,"B","B","ON","ON","OFF","OFF",0
1041,423,20,5,176,19,0,"A","D","ON","OFF","OFF","ON",0
1042,535,41,7,222,1,6,"B","C","ON","ON","OFF","ON",0
1043,601,54,34,460,11,10,"B","C","ON","ON","OFF","ON",0
1044,215,19,3,89,12,0,"C","A","OFF","ON","OFF","ON",1
1045,447,33,4,0,3,10,"C","B","OFF","ON","OFF","OFF",0
1046,670,44,2,279,2,7,"A","C","ON","OFF","OFF","ON",0
1047,359,35,8,0,11,9,"B","B","ON","ON","OFF","OFF",0
1048,358,23,2,0,11,3,"B","B","ON","ON","OFF","ON",0
1049,617,42,2,826,4,5,"B","C","ON","ON","OFF","ON",0
1050,375,35,35,156,4,4,"C","B","OFF","ON","OFF","OFF",0
1051,568,20,9,236,7,0,"B","B","ON","ON","OFF","OFF",0
1052,481,32,3,285,4,6,"B","B","ON","ON","OFF","OFF",0
1053,469,49,1,1084,6,4,"B","B","ON","ON","OFF","ON",0
1054,387,19,3,299,1,1,"C","B","OFF","ON","OFF","ON",0
1055,401,30,1,257,9,2,"B","B","ON","ON","OFF","ON",0
1056,408,29,1,170,1,2,"C","A","OFF","ON","OFF","ON",0
1057,672,51,31,280,5,10,"B","C","ON","ON","OFF","OFF",0
1058,180,23,3,684,12,1,"B","A","ON","ON","OFF","ON",1
1059,479,47,5,446,3,8,"C","B","OFF","ON","OFF","OFF",0
1060,498,38,6,207,6,13,"B","B","ON","ON","OFF","ON",0
1061,523,44,2,1921,5,5,"B","C","ON","ON","OFF","ON",0
1062,549,35,35,228,6,10,"B","C","ON","ON","OFF","OFF",0
1063,505,45,6,595,17,5,"B","B","ON","ON","OFF","OFF",0
1064,513,46,26,213,5,6,"A","B","ON","OFF","OFF","OFF",0
1065,506,41,4,210,0,11,"B","C","ON","ON","OFF","ON",0
1066,393,26,3,163,5,0,"B","B","ON","ON","OFF","ON",0
1067,454,34,1,189,7,7,"B","B","ON","ON","OFF","ON",0
1068,373,36,0,155,5,6,"B","B","ON","ON","ON","OFF",1
1069,405,31,4,168,10,1,"B","B","ON","ON","OFF","ON",0
1070,318,33,33,0,2,4,"C","B","OFF","ON","OFF","OFF",0
1071,454,41,1,1118,7,5,"B","B","ON","ON","OFF","ON",0
1072,164,28,25,68,6,4,"C","A","OFF","ON","OFF","ON",1
1073,426,30,5,177,2,8,"B","B","ON","ON","OFF","OFF",0
1074,211,34,1,509,13,7,"B","B","ON","ON","OFF","ON",1
1075,365,30,2,152,4,6,"B","B","ON","ON","ON","ON",0
1076,549,29,6,228,6,11,"B","C","ON","ON","OFF","ON",0
1077,338,21,6,348,4,0,"A","B","ON","OFF","OFF","OFF",0
1078,424,28,2,176,24,2,"C","B","OFF","ON","OFF","ON",0
1079,396,32,3,165,3,6,"C","B","OFF","ON","OFF","ON",0
1080,396,32,3,165,3,6,"C","B","OFF","ON","OFF","ON",0
1081,312,24,24,130,1,4,"B","B","ON","ON","OFF","ON",0
1082,370,26,2,154,1,6,"B","B","ON","ON","OFF","ON",0
1083,404,23,23,168,10,0,"B","B","ON","ON","OFF","ON",0
1084,427,42,6,1341,1,12,"B","B","ON","ON","OFF","ON",0
1085,697,45,3,0,0,13,"B","C","ON","ON","OFF","OFF",0
1086,174,24,2,72,6,2,"B","A","ON","ON","OFF","ON",1
1087,467,41,1,194,4,5,"B","B","ON","ON","OFF","ON",0
1088,399,22,6,166,12,0,"B","B","ON","ON","OFF","OFF",0
1089,618,37,5,0,3,6,"C","B","OFF","ON","OFF","OFF",0
1090,476,34,0,366,4,7,"B","B","ON","ON","ON","OFF",1
1091,505,45,6,595,17,5,"B","B","ON","ON","OFF","OFF",0
1092,355,24,4,0,8,4,"B","B","ON","ON","OFF","ON",0
1093,485,35,7,202,10,10,"B","B","ON","ON","OFF","OFF",0
1094,409,42,3,0,8,4,"A","B","ON","OFF","OFF","OFF",1
1095,296,28,3,461,5,6,"A","B","ON","OFF","OFF","ON",0
1096,370,26,2,154,1,6,"B","B","ON","ON","OFF","ON",0
1097,651,44,6,0,3,7,"B","C","ON","ON","OFF","OFF",0
1098,279,23,23,644,9,0,"B","A","ON","ON","OFF","ON",0
1099,174,24,2,72,6,2,"B","A","ON","ON","OFF","ON",1
1100,234,28,2,598,5,3,"B","A","ON","ON","OFF","ON",0
1101,491,50,0,356,8,9,"B","B","ON","ON","ON","OFF",1
1102,697,45,2,290,6,5,"B","C","ON","ON","OFF","ON",0
1103,400,31,31,166,8,6,"B","B","ON","ON","OFF","ON",0
1104,314,26,26,130,1,7,"B","B","ON","ON","OFF","ON",0
1105,814,55,1,339,4,9,"B","C","ON","ON","OFF","ON",0
1106,494,33,0,205,13,1,"B","B","ON","ON","ON","ON",1
1107,287,27,3,119,8,5,"C","A","OFF","ON","OFF","OFF",0
1108,274,24,3,114,5,0,"B","A","ON","ON","OFF","ON",0
1109,425,25,3,0,10,6,"C","B","OFF","ON","OFF","ON",0
1110,518,44,2,215,12,16,"B","C","ON","ON","OFF","ON",0
1111,377,29,7,0,1,4,"B","B","ON","ON","OFF","ON",0
1112,674,45,1,467,4,7,"B","C","ON","ON","OFF","ON",0
1113,403,23,0,0,10,4,"B","B","ON","ON","ON","ON",1
1114,684,53,5,285,2,10,"B","C","ON","ON","OFF","OFF",0
1115,378,31,31,171,4,7,"B","B","ON","ON","OFF","ON",0
1116,513,46,26,213,5,6,"A","B","ON","OFF","OFF","OFF",0
1117,464,38,2,1395,6,3,"B","B","ON","ON","OFF","ON",0
1118,341,23,3,142,3,2,"B","B","ON","ON","OFF","ON",0
1119,458,40,4,190,16,5,"C","B","OFF","ON","OFF","ON",0
1120,408,41,2,1690,8,5,"B","B","ON","ON","OFF","ON",0
1121,674,45,1,467,4,7,"B","C","ON","ON","OFF","ON",0
1122,138,22,19,0,7,3,"A","A","ON","OFF","OFF","OFF",1
1123,180,23,3,684,12,1,"B","A","ON","ON","OFF","ON",1
1124,467,32,32,194,7,5,"B","B","ON","ON","OFF","OFF",0
1125,562,59,5,234,3,14,"B","C","ON","ON","OFF","ON",0
1126,336,29,29,140,10,7,"B","B","ON","ON","OFF","ON",0
1127,426,30,5,177,2,8,"B","B","ON","ON","OFF","OFF",0
1128,211,28,1,0,7,3,"B","A","ON","ON","OFF","ON",1
1129,443,36,2,184,4,8,"B","C","ON","ON","OFF","ON",0
1130,447,20,5,186,5,0,"A","B","ON","OFF","OFF","ON",0
1131,341,23,3,142,3,2,"B","B","ON","ON","OFF","ON",0
1132,222,18,3,543,11,2,"B","A","ON","ON","OFF","ON",0
1133,489,37,4,1285,5,4,"B","C","ON","ON","OFF","ON",0
1134,178,22,19,74,9,0,"A","A","ON","OFF","OFF","OFF",1
1135,633,38,2,263,3,4,"A","C","ON","OFF","OFF","ON",0
1136,370,26,2,154,1,6,"B","B","ON","ON","OFF","ON",0
1137,587,42,1,1440,4,17,"B","C","ON","ON","OFF","ON",0
1138,488,27,27,203,8,4,"B","C","ON","ON","OFF","OFF",0
1139,358,18,3,149,2,2,"B","B","ON","ON","OFF","ON",0
1140,462,30,3,1487,12,3,"B","B","ON","ON","OFF","ON",0
1141,277,27,2,681,3,6,"A","A","ON","OFF","OFF","ON",0
1142,365,22,5,1227,15,1,"A","B","ON","OFF","OFF","ON",0
1143,261,24,1,108,3,1,"B","A","ON","ON","OFF","ON",0
1144,287,27,3,119,8,5,"C","A","OFF","ON","OFF","OFF",0
1145,391,23,7,162,5,5,"B","B","ON","ON","OFF","OFF",0
1146,447,33,4,0,3,10,"C","B","OFF","ON","OFF","OFF",0
1147,367,27,27,152,8,4,"B","B","ON","ON","OFF","ON",0
1148,392,30,1,163,6,7,"A","B","ON","OFF","OFF","ON",0
1149,380,19,6,0,5,1,"C","B","OFF","ON","OFF","ON",0
1150,403,27,4,167,4,3,"B","B","ON","ON","OFF","OFF",0
1151,401,32,0,167,6,12,"B","B","ON","ON","ON","ON",1
1152,386,24,2,396,16,3,"C","B","OFF","ON","OFF","ON",1
1153,444,43,43,162,4,10,"A","B","ON","OFF","ON","OFF",0
1154,184,19,5,76,4,0,"A","A","ON","OFF","ON","ON",1
1155,483,22,3,701,10,2,"C","B","OFF","ON","OFF","ON",0
1156,397,36,7,165,7,4,"B","B","ON","ON","OFF","OFF",0
1157,199,25,22,524,0,4,"A","A","ON","OFF","OFF","OFF",1
1158,430,41,4,179,3,11,"B","B","ON","ON","OFF","ON",0
1159,643,55,35,0,15,6,"B","C","ON","ON","OFF","ON",0
1160,208,23,3,86,7,3,"C","A","OFF","ON","OFF","ON",0
1161,276,32,2,277,4,5,"B","B","ON","ON","OFF","ON",0
1162,296,33,8,643,8,7,"B","B","ON","ON","OFF","ON",0
1163,423,27,27,380,6,4,"C","B","OFF","ON","OFF","OFF",0
1164,287,40,2,119,2,11,"B","A","ON","ON","OFF","ON",0
1165,500,32,2,208,0,5,"B","B","ON","ON","OFF","ON",0
1166,789,45,2,328,1,7,"B","C","ON","ON","OFF","ON",0
1167,230,30,3,95,10,5,"B","A","ON","ON","ON","ON",1
1168,569,27,1,835,6,8,"C","B","OFF","ON","OFF","ON",0
1169,408,36,0,170,6,3,"B","B","ON","ON","ON","ON",1
1170,184,19,5,76,4,0,"A","A","ON","OFF","ON","ON",1
1171,388,29,29,493,8,3,"B","B","ON","ON","OFF","ON",0
1172,643,50,2,0,5,6,"B","C","ON","ON","OFF","ON",0
1173,410,32,32,170,8,7,"B","B","ON","ON","OFF","OFF",0
1174,510,42,0,212,1,5,"B","B","ON","ON","ON","ON",1
1175,256,25,22,106,14,4,"B","A","ON","ON","OFF","ON",1
1176,535,41,7,222,1,6,"B","C","ON","ON","OFF","ON",0
1177,442,27,2,925,3,7,"C","B","OFF","ON","OFF","ON",0
1178,340,20,3,141,4,0,"A","B","ON","OFF","OFF","ON",0
1179,442,35,1,184,3,4,"B","B","ON","ON","OFF","ON",0
1180,375,37,37,329,10,11,"B","C","ON","ON","OFF","ON",0
1181,593,44,5,247,4,8,"B","C","ON","ON","OFF","ON",0
1182,490,36,2,0,11,8,"B","B","ON","ON","OFF","OFF",0
1183,269,24,2,112,3,0,"A","A","ON","OFF","OFF","ON",0
1184,424,28,2,176,24,2,"C","B","OFF","ON","OFF","ON",0
1185,498,38,6,207,6,13,"B","B","ON","ON","OFF","ON",0
1186,352,21,1,146,7,2,"A","C","ON","OFF","OFF","ON",0
1187,423,27,27,380,6,4,"C","B","OFF","ON","OFF","OFF",0
1188,660,55,3,275,4,7,"B","C","ON","ON","OFF","ON",0
1189,349,27,3,145,2,4,"B","B","ON","ON","OFF","OFF",0
1190,467,41,1,194,4,5,"B","B","ON","ON","OFF","ON",0
1191,505,45,6,595,17,5,"B","B","ON","ON","OFF","OFF",0
1192,195,18,1,81,7,2,"A","A","ON","OFF","ON","ON",1
1193,180,18,2,75,12,2,"A","A","ON","OFF","OFF","ON",1
1194,602,63,1,250,4,14,"B","B","ON","ON","OFF","ON",0
1195,362,38,2,150,2,5,"B","B","ON","ON","ON","ON",0
1196,261,24,1,108,3,1,"B","A","ON","ON","OFF","ON",0
1197,541,26,1,1335,2,6,"A","B","ON","OFF","OFF","ON",0
1198,378,31,31,171,4,7,"B","B","ON","ON","OFF","ON",0
1199,351,22,22,463,4,2,"A","B","ON","OFF","OFF","OFF",0
1200,429,27,1,178,9,6,"B","B","ON","ON","OFF","ON",0
1201,643,50,2,0,5,6,"B","C","ON","ON","OFF","ON",0
1202,337,24,2,450,14,0,"B","A","ON","ON","OFF","ON",0
1203,660,55,3,275,4,7,"B","C","ON","ON","OFF","ON",0
1204,279,23,23,644,9,0,"B","A","ON","ON","OFF","ON",0
1205,430,41,4,179,3,11,"B","B","ON","ON","OFF","ON",0
1206,405,34,4,168,14,9,"B","B","ON","ON","OFF","ON",0
1207,405,34,4,168,14,9,"B","B","ON","ON","OFF","ON",0
1208,318,33,33,0,2,4,"C","B","OFF","ON","OFF","OFF",0
1209,550,23,7,0,6,4,"C","B","OFF","ON","OFF","ON",0
1210,588,35,1,0,6,5,"B","C","ON","ON","OFF","ON",0
1211,492,28,0,205,10,4,"A","B","ON","OFF","ON","OFF",1
1212,810,32,1,337,9,6,"B","C","ON","ON","OFF","ON",0
1213,425,31,5,177,1,9,"B","B","ON","ON","OFF","ON",0
1214,442,27,2,925,3,7,"C","B","OFF","ON","OFF","ON",0
1215,353,25,4,147,4,3,"A","B","ON","OFF","OFF","ON",0
1216,498,43,7,1085,13,9,"B","B","ON","ON","OFF","OFF",0
1217,441,37,1,566,3,8,"B","C","ON","ON","OFF","OFF",0
1218,380,33,5,0,9,8,"C","B","OFF","ON","OFF","ON",0
1219,402,35,35,0,12,8,"B","B","ON","ON","OFF","ON",0
1220,473,37,37,197,9,6,"B","B","ON","ON","OFF","ON",0
1221,650,38,38,270,7,6,"C","C","OFF","ON","OFF","OFF",0
1222,506,41,4,210,0,11,"B","C","ON","ON","OFF","ON",0
1223,152,22,3,63,5,0,"A","A","ON","OFF","OFF","ON",1
1224,396,32,3,165,3,6,"C","B","OFF","ON","OFF","ON",0
1225,337,33,3,0,3,11,"B","B","ON","ON","OFF","ON",0
1226,827,60,2,2473,4,7,"B","D","ON","ON","OFF","ON",0
1227,349,27,5,145,3,3,"B","B","ON","ON","OFF","OFF",0
1228,527,24,8,219,2,3,"B","B","ON","ON","OFF","ON",0
1229,506,18,2,210,6,2,"A","C","ON","OFF","OFF","ON",0
1230,393,20,5,0,2,0,"A","B","ON","OFF","OFF","ON",0
1231,834,44,2,347,8,10,"B","D","ON","ON","ON","ON",0
1232,473,32,4,179,4,5,"B","B","ON","ON","OFF","OFF",0
1233,413,25,25,0,3,1,"C","B","OFF","ON","OFF","OFF",0
1234,284,18,2,118,1,0,"C","A","OFF","ON","OFF","ON",0
1235,422,27,0,175,9,9,"A","B","ON","OFF","ON","ON",1
1236,535,41,7,222,1,6,"B","C","ON","ON","OFF","ON",0
1237,351,22,22,463,4,2,"A","B","ON","OFF","OFF","OFF",0
1238,222,20,1,851,4,0,"A","A","ON","OFF","OFF","ON",1
1239,442,24,5,0,5,2,"B","B","ON","ON","OFF","OFF",0
1240,877,59,6,365,7,6,"B","D","ON","ON","ON","ON",0
1241,643,43,7,0,1,13,"B","B","ON","ON","ON","ON",0
1242,292,26,2,798,2,0,"B","B","ON","ON","OFF","ON",0
1243,399,27,27,0,3,7,"B","B","ON","ON","OFF","OFF",0
1244,436,46,2,181,4,4,"B","B","ON","ON","OFF","ON",0
1245,429,43,6,178,12,9,"B","B","ON","ON","OFF","ON",1
1246,562,59,5,234,3,14,"B","C","ON","ON","OFF","ON",0
1247,425,31,5,177,1,9,"B","B","ON","ON","OFF","ON",0
1248,399,22,6,166,12,0,"B","B","ON","ON","OFF","OFF",0
1249,321,26,26,295,7,4,"A","B","ON","OFF","OFF","OFF",0
1250,427,42,6,1341,1,12,"B","B","ON","ON","OFF","ON",0
1251,518,44,2,215,12,16,"B","C","ON","ON","OFF","ON",0
1252,397,19,4,624,4,0,"C","B","OFF","ON","OFF","ON",0
1253,633,38,2,263,3,4,"A","C","ON","OFF","OFF","ON",0
1254,274,24,3,114,5,0,"B","A","ON","ON","OFF","ON",0
1255,672,51,31,280,5,10,"B","C","ON","ON","OFF","OFF",0
1256,220,24,1,91,7,1,"A","A","ON","OFF","OFF","ON",1
1257,535,41,7,222,1,6,"B","C","ON","ON","OFF","ON",0
1258,417,31,3,173,4,7,"C","B","OFF","ON","OFF","ON",0
1259,437,39,2,1205,17,5,"B","B","ON","ON","OFF","ON",0
1260,254,28,3,595,2,7,"C","A","OFF","ON","OFF","ON",0
1261,494,33,0,205,13,1,"B","B","ON","ON","ON","ON",1
1262,453,34,2,188,7,11,"B","B","ON","ON","OFF","ON",0
1263,568,35,7,371,10,7,"B","C","ON","ON","OFF","OFF",0
1264,346,20,20,144,3,2,"A","B","ON","OFF","OFF","OFF",0
1265,553,25,7,230,2,7,"B","B","ON","ON","OFF","OFF",0
1266,827,60,2,2473,4,7,"B","D","ON","ON","OFF","ON",0
1267,164,28,25,68,6,4,"C","A","OFF","ON","OFF","ON",1
1268,459,30,7,0,26,10,"B","B","ON","ON","OFF","OFF",0
1269,425,23,1,1564,4,4,"B","C","ON","ON","OFF","ON",0
1270,554,29,2,0,4,4,"B","B","ON","ON","OFF","ON",0
1271,430,41,4,179,3,11,"B","B","ON","ON","OFF","ON",0
1272,385,33,3,649,4,4,"B","B","ON","ON","OFF","ON",0
1273,498,43,7,1085,13,9,"B","B","ON","ON","OFF","OFF",0
1274,453,34,2,188,7,11,"B","B","ON","ON","OFF","ON",0
1275,295,29,1,122,4,3,"B","B","ON","ON","OFF","ON",0
1276,467,41,1,194,4,5,"B","B","ON","ON","OFF","ON",0
1277,161,18,1,367,11,2,"A","A","ON","OFF","OFF","ON",1
1278,593,27,2,247,5,5,"B","C","ON","ON","OFF","ON",0
1279,386,24,2,396,16,3,"C","B","OFF","ON","OFF","ON",1
1280,405,34,4,168,14,9,"B","B","ON","ON","OFF","ON",0
1281,211,28,1,0,7,3,"B","A","ON","ON","OFF","ON",1
1282,489,40,4,203,10,7,"B","C","ON","ON","OFF","ON",0
1283,489,37,4,1285,5,4,"B","C","ON","ON","OFF","ON",0
1284,474,34,4,197,5,7,"B","B","ON","ON","OFF","OFF",0
1285,287,40,2,119,2,11,"B","A","ON","ON","OFF","ON",0
1286,386,24,2,396,16,3,"C","B","OFF","ON","OFF","ON",1
1287,633,36,3,0,8,3,"B","C","ON","ON","OFF","ON",0
1288,164,28,25,68,6,4,"C","A","OFF","ON","OFF","ON",1
1289,169,19,2,70,6,1,"A","A","ON","OFF","ON","ON",1
1290,474,34,4,197,5,7,"B","B","ON","ON","OFF","OFF",0
1291,492,28,0,205,10,4,"A","B","ON","OFF","ON","OFF",1
1292,568,35,7,371,10,7,"B","C","ON","ON","OFF","OFF",0
1293,294,20,20,122,3,2,"A","A","ON","OFF","OFF","OFF",0
1294,923,55,3,995,1,7,"B","D","ON","ON","OFF","ON",0
1295,261,24,1,108,3,1,"B","A","ON","ON","OFF","ON",0
1296,402,31,31,167,10,6,"B","B","ON","ON","OFF","OFF",0
1297,294,20,20,122,3,2,"A","A","ON","OFF","OFF","OFF",0
1298,441,37,1,566,3,8,"B","C","ON","ON","OFF","OFF",0
1299,423,20,5,176,19,0,"A","D","ON","OFF","OFF","ON",0
1300,396,44,2,165,0,13,"B","C","ON","ON","OFF","ON",0
1301,454,29,2,189,12,3,"B","B","ON","ON","OFF","ON",0
1302,220,24,1,91,7,1,"A","A","ON","OFF","OFF","ON",1
1303,388,29,29,493,8,3,"B","B","ON","ON","OFF","ON",0
1304,442,35,1,184,3,4,"B","B","ON","ON","OFF","ON",0
1305,515,42,5,0,16,13,"B","B","ON","ON","OFF","OFF",0
1306,578,51,2,240,14,13,"B","B","ON","ON","OFF","ON",0
1307,397,36,3,610,6,14,"B","B","ON","ON","OFF","ON",0
1308,337,24,2,450,14,0,"B","A","ON","ON","OFF","ON",0
1309,489,37,4,1285,5,4,"B","C","ON","ON","OFF","ON",0
1310,401,32,0,167,6,12,"B","B","ON","ON","ON","ON",1
1311,344,37,6,143,15,3,"B","B","ON","ON","OFF","ON",0
1312,235,19,2,1747,5,1,"A","B","ON","OFF","OFF","ON",0
1313,626,26,5,260,7,0,"B","C","ON","ON","OFF","OFF",0
1314,810,32,1,337,9,6,"B","C","ON","ON","OFF","ON",0
1315,494,33,0,205,13,1,"B","B","ON","ON","ON","ON",1
1316,396,44,2,165,0,13,"B","C","ON","ON","OFF","ON",0
1317,451,36,4,187,11,4,"B","B","ON","ON","OFF","ON",0
1318,408,41,2,1690,8,5,"B","B","ON","ON","OFF","ON",0
1319,593,44,5,247,4,8,"B","C","ON","ON","OFF","ON",0
1320,475,24,0,0,1,1,"B","B","ON","ON","ON","OFF",1
1321,338,21,6,348,4,0,"A","B","ON","OFF","OFF","OFF",0
1322,435,27,3,1044,2,0,"B","B","ON","ON","OFF","ON",0
1323,425,23,1,1564,4,4,"B","C","ON","ON","OFF","ON",0
1324,413,28,3,172,3,6,"B","B","ON","ON","OFF","ON",0
1325,391,23,7,162,5,5,"B","B","ON","ON","OFF","OFF",0
1326,296,33,8,643,8,7,"B","B","ON","ON","OFF","ON",0
1327,665,42,3,277,5,5,"B","B","ON","ON","OFF","OFF",0
1328,358,23,2,0,11,3,"B","B","ON","ON","OFF","ON",0
1329,375,19,0,0,14,0,"A","B","ON","OFF","ON","ON",1
1330,370,26,2,154,1,6,"B","B","ON","ON","OFF","ON",0
1331,697,45,3,0,0,13,"B","C","ON","ON","OFF","OFF",0
1332,405,47,3,168,12,9,"B","B","ON","ON","OFF","ON",0
1333,277,21,2,115,6,3,"A","B","ON","OFF","OFF","ON",0
1334,423,33,0,176,7,8,"B","B","ON","ON","ON","OFF",1
1335,339,21,2,141,4,3,"C","B","OFF","ON","OFF","ON",0
1336,365,22,5,1227,15,1,"A","B","ON","OFF","OFF","ON",0
1337,518,44,2,215,12,16,"B","C","ON","ON","OFF","ON",0
1338,433,20,3,180,0,0,"A","B","ON","OFF","OFF","ON",0
1339,513,34,4,213,10,10,"B","B","ON","ON","OFF","ON",0
1340,602,63,1,250,4,14,"B","B","ON","ON","OFF","ON",0
1341,269,28,28,112,5,5,"B","B","ON","ON","OFF","OFF",0
1342,412,30,0,171,0,3,"B","B","ON","ON","ON","ON",1
1343,245,20,3,102,8,2,"A","A","ON","OFF","OFF","OFF",0
1344,466,31,5,53,18,6,"B","B","ON","ON","OFF","ON",0
1345,337,33,3,0,3,11,"B","B","ON","ON","OFF","ON",0
1346,169,19,2,70,6,1,"A","A","ON","OFF","ON","ON",1
1347,423,33,0,176,7,8,"B","B","ON","ON","ON","OFF",1
1348,472,36,0,0,10,4,"B","B","ON","ON","ON","OFF",1
1349,476,26,26,198,9,6,"A","B","ON","OFF","OFF","ON",0
1350,538,20,0,224,24,0,"A","B","ON","OFF","ON","ON",1
1351,479,47,5,446,3,8,"C","B","OFF","ON","OFF","OFF",0
1352,274,32,1,0,11,13,"C","A","OFF","ON","OFF","ON",0
1353,644,36,36,268,13,5,"B","C","ON","ON","OFF","ON",0
1354,448,40,1,646,1,5,"B","C","ON","ON","OFF","ON",0
1355,481,39,1,485,11,4,"B","B","ON","ON","OFF","ON",0
1356,448,40,1,646,1,5,"B","C","ON","ON","OFF","ON",0
1357,429,33,3,178,10,6,"B","B","ON","ON","OFF","ON",0
1358,277,21,2,115,6,3,"A","B","ON","OFF","OFF","ON",0
1359,393,26,3,163,5,0,"B","B","ON","ON","OFF","ON",0
1360,393,26,3,163,5,0,"B","B","ON","ON","OFF","ON",0
1361,769,63,3,320,10,17,"B","C","ON","ON","OFF","OFF",0
1362,481,39,1,485,11,4,"B","B","ON","ON","OFF","ON",0
1363,375,35,35,156,4,4,"C","B","OFF","ON","OFF","OFF",0
1364,353,28,2,147,5,5,"B","B","ON","ON","OFF","ON",0
1365,475,24,0,0,1,1,"B","B","ON","ON","ON","OFF",1
1366,405,31,4,168,10,1,"B","B","ON","ON","OFF","ON",0
1367,471,40,1,1346,13,16,"A","B","ON","OFF","OFF","ON",0
1368,789,68,4,328,10,11,"B","C","ON","ON","OFF","OFF",0
1369,174,24,2,72,6,2,"B","A","ON","ON","OFF","ON",1
1370,383,25,2,159,2,4,"B","B","ON","ON","OFF","ON",0
1371,578,51,2,240,14,13,"B","B","ON","ON","OFF","ON",0
1372,194,29,1,151,9,6,"B","A","ON","ON","OFF","ON",1
1373,191,27,2,79,6,3,"A","A","ON","OFF","OFF","ON",1
1374,198,27,1,82,9,8,"A","A","ON","OFF","OFF","ON",1
1375,541,26,1,1335,2,6,"A","B","ON","OFF","OFF","ON",0
1376,403,27,4,167,4,3,"B","B","ON","ON","OFF","OFF",0
1377,287,27,3,119,8,5,"C","A","OFF","ON","OFF","OFF",0
1378,400,31,31,166,8,6,"B","B","ON","ON","OFF","ON",0
1379,399,22,6,166,12,0,"B","B","ON","ON","OFF","OFF",0
1380,208,23,3,86,7,3,"C","A","OFF","ON","OFF","ON",0
1381,553,25,7,230,2,7,"B","B","ON","ON","OFF","OFF",0
1382,397,19,4,624,4,0,"C","B","OFF","ON","OFF","ON",0
1383,401,36,3,167,3,4,"B","B","ON","ON","OFF","ON",0
1384,553,35,0,230,2,6,"B","B","ON","ON","ON","OFF",1
1385,424,20,20,176,3,1,"A","B","ON","OFF","OFF","OFF",0
1386,372,35,35,155,2,3,"B","B","ON","ON","OFF","ON",0
1387,433,20,3,180,0,0,"A","B","ON","OFF","OFF","ON",0
1388,498,38,6,207,6,13,"B","B","ON","ON","OFF","ON",0
1389,378,31,31,171,4,7,"B","B","ON","ON","OFF","ON",0
1390,256,25,22,106,14,4,"B","A","ON","ON","OFF","ON",1
1391,408,29,1,170,1,2,"C","A","OFF","ON","OFF","ON",0
1392,264,24,24,0,7,6,"C","A","OFF","ON","OFF","OFF",0
1393,235,19,2,1747,5,1,"A","B","ON","OFF","OFF","ON",0
1394,489,40,4,203,10,7,"B","C","ON","ON","OFF","ON",0
1395,498,28,28,0,10,4,"B","B","ON","ON","OFF","OFF",0
1396,610,41,1,254,3,7,"B","C","ON","ON","OFF","ON",0
1397,433,20,3,180,0,0,"A","B","ON","OFF","OFF","ON",0
1398,481,32,3,285,4,6,"B","B","ON","ON","OFF","OFF",0
1399,166,19,1,0,7,0,"A","A","ON","OFF","ON","ON",1
1400,405,47,3,168,12,9,"B","B","ON","ON","OFF","ON",0
1401,344,37,6,143,15,3,"B","B","ON","ON","OFF","ON",0
1402,393,20,5,0,2,0,"A","B","ON","OFF","OFF","ON",0
1403,749,55,1,0,0,8,"B","C","ON","ON","OFF","ON",0
1404,427,42,6,1341,1,12,"B","B","ON","ON","OFF","ON",0
1405,304,24,5,126,13,1,"B","B","ON","ON","OFF","ON",0
1406,524,50,30,148,5,9,"B","B","ON","ON","OFF","ON",0
1407,430,38,4,179,4,5,"C","A","OFF","ON","OFF","ON",0
1408,211,34,1,509,13,7,"B","B","ON","ON","OFF","ON",1
1409,375,19,0,0,14,0,"A","B","ON","OFF","ON","ON",1
1410,371,36,36,262,9,4,"C","B","OFF","ON","OFF","ON",0
1411,396,32,3,165,3,6,"C","B","OFF","ON","OFF","ON",0
1412,195,18,1,81,7,2,"A","A","ON","OFF","ON","ON",1
1413,417,21,7,173,15,1,"A","B","ON","OFF","OFF","ON",0
1414,510,42,0,212,1,5,"B","B","ON","ON","ON","ON",1
1415,412,30,0,171,0,3,"B","B","ON","ON","ON","ON",1
1416,353,28,2,147,5,5,"B","B","ON","ON","OFF","ON",0
1417,554,29,2,0,4,4,"B","B","ON","ON","OFF","ON",0
1418,429,27,1,178,9,6,"B","B","ON","ON","OFF","ON",0
1419,454,50,5,189,6,10,"B","C","ON","ON","OFF","ON",0
1420,296,33,8,643,8,7,"B","B","ON","ON","OFF","ON",0
1421,358,23,2,0,11,3,"B","B","ON","ON","OFF","ON",0
1422,461,20,3,192,5,1,"C","B","OFF","ON","OFF","ON",0
1423,403,27,4,167,4,3,"B","B","ON","ON","OFF","OFF",0
1424,452,25,2,188,3,4,"B","B","ON","ON","OFF","ON",0
1425,461,20,3,192,5,1,"C","B","OFF","ON","OFF","ON",0
1426,535,41,7,222,1,6,"B","C","ON","ON","OFF","ON",0
1427,352,21,1,146,7,2,"A","C","ON","OFF","OFF","ON",0
1428,691,51,31,287,7,8,"C","C","OFF","ON","OFF","ON",0
1429,397,36,3,610,6,14,"B","B","ON","ON","OFF","ON",0
1430,444,43,43,162,4,10,"A","B","ON","OFF","ON","OFF",0
1431,633,38,2,263,3,4,"A","C","ON","OFF","OFF","ON",0
1432,697,45,3,0,0,13,"B","C","ON","ON","OFF","OFF",0
1433,442,24,5,0,5,2,"B","B","ON","ON","OFF","OFF",0
1434,458,40,4,190,16,5,"C","B","OFF","ON","OFF","ON",0
1435,498,28,28,0,10,4,"B","B","ON","ON","OFF","OFF",0
1436,633,38,2,263,3,4,"A","C","ON","OFF","OFF","ON",0
1437,277,27,2,681,3,6,"A","A","ON","OFF","OFF","ON",0
1438,355,24,4,0,8,4,"B","B","ON","ON","OFF","ON",0
1439,370,26,2,154,1,6,"B","B","ON","ON","OFF","ON",0
1440,343,28,3,142,2,5,"B","B","ON","ON","OFF","ON",0
1441,672,51,31,280,5,10,"B","C","ON","ON","OFF","OFF",0
1442,329,23,8,308,0,3,"B","B","ON","ON","OFF","ON",0
1443,515,42,5,0,16,13,"B","B","ON","ON","OFF","OFF",0
1444,887,58,5,369,7,9,"B","D","ON","ON","OFF","OFF",0
1445,296,28,3,461,5,6,"A","B","ON","OFF","OFF","ON",0
1446,443,28,4,184,3,9,"B","B","ON","ON","OFF","OFF",0
1447,160,18,15,0,7,2,"A","A","ON","OFF","OFF","ON",1
1448,386,24,2,396,16,3,"C","B","OFF","ON","OFF","ON",1
1449,464,38,2,1395,6,3,"B","B","ON","ON","OFF","ON",0
1450,814,55,1,339,4,9,"B","C","ON","ON","OFF","ON",0
