顧客番号,性別,年齢,世帯区分,婚姻区分,支払方法,持ち家,家賃,月収,居住年数,最終学歴,取引年数,勤続年数,貸倒フラグ
103653,"男性",24,"5人以上世帯","未婚","カード","ない",91,220,1,"大学院",7,1,1
110127,"男性",34,"3〜4人世帯","既婚","カード","ない",165,397,3,"4年制大学",4,11,0
125827,"男性",36,"3〜4人世帯","既婚","カード","ない",184,443,2,"専門学校",4,8,0
128421,"男性",42,"5人以上世帯","未婚","カード","ある",0,409,3,"4年制大学",8,4,1
130343,"男性",28,"3〜4人世帯","既婚","カード","ない",0,211,1,"大学院",7,3,1
136008,"男性",21,"5人以上世帯","未婚","カード","ある",418,528,3,"専門学校",8,2,0
142704,"女性",30,"1〜2人世帯","既婚","カード","ない",112,271,2,"4年制大学",18,10,0
145330,"男性",28,"3〜4人世帯","既婚","カード","ない",196,471,3,"4年制大学",2,5,0
150834,"女性",36,"1〜2人世帯","既婚","カード","ない",262,371,36,"4年制大学",9,4,0
159509,"男性",40,"3〜4人世帯","既婚","カード","ない",119,287,2,"大学院",2,11,0
159907,"男性",20,"5人以上世帯","未婚","カード","ある",176,424,20,"4年制大学",3,1,0
173745,"男性",41,"3〜4人世帯","既婚","カード","ある",197,479,4,"4年制大学",6,11,0
185804,"男性",22,"3〜4人世帯","既婚","カード","ある",166,399,6,"4年制大学",12,0,0
189275,"男性",18,"5人以上世帯","未婚","カード","ない",367,161,1,"大学院",11,2,1
194563,"男性",36,"3〜4人世帯","既婚","カード","ない",167,401,3,"4年制大学",3,4,0
201317,"男性",38,"3〜4人世帯","既婚","カード","ない",1395,464,2,"4年制大学",6,3,0
202340,"男性",21,"5人以上世帯","未婚","カード","ない",703,421,4,"専門学校",1,0,0
209485,"男性",44,"3〜4人世帯","既婚","カード","ある",0,651,6,"専門学校",3,7,0
210178,"男性",34,"3〜4人世帯","既婚","カード","ない",213,513,4,"4年制大学",10,10,0
210178,"男性",34,"3〜4人世帯","既婚","カード","ない",213,513,4,"4年制大学",10,10,0
210178,"男性",31,"3〜4人世帯","既婚","カード","ない",53,466,5,"4年制大学",18,6,0
210178,"男性",31,"3〜4人世帯","既婚","カード","ない",53,466,5,"4年制大学",18,6,0
214649,"女性",19,"1〜2人世帯","既婚","カード","ない",89,215,3,"大学院",12,0,1
238189,"男性",27,"5人以上世帯","未婚","カード","ない",82,198,1,"大学院",9,8,1
242806,"男性",26,"3〜4人世帯","既婚","カード","ある",260,626,5,"専門学校",7,0,0
245593,"男性",42,"5人以上世帯","未婚","カード","ある",0,409,3,"4年制大学",8,4,1
246658,"男性",28,"3〜4人世帯","既婚","カード","ない",65,158,1,"大学院",12,5,1
255039,"男性",40,"3〜4人世帯","既婚","カード","ない",646,448,1,"専門学校",1,5,0
265034,"男性",21,"5人以上世帯","未婚","カード","ない",162,390,4,"4年制大学",10,0,0
267578,"男性",37,"3〜4人世帯","既婚","カード","ない",143,344,6,"4年制大学",15,3,0
268047,"男性",24,"3〜4人世帯","既婚","カード","ない",114,274,3,"大学院",5,0,0
284022,"男性",30,"3〜4人世帯","既婚","現金","ない",171,412,0,"4年制大学",0,3,1
288984,"男性",50,"3〜4人世帯","既婚","カード","ない",174,418,30,"4年制大学",7,11,0
294843,"女性",38,"1〜2人世帯","既婚","カード","ない",179,430,4,"大学院",4,5,0
295673,"男性",28,"3〜4人世帯","既婚","カード","ない",196,471,3,"4年制大学",2,5,0
299691,"女性",18,"1〜2人世帯","既婚","カード","ない",127,307,3,"大学院",5,2,0
305010,"男性",20,"5人以上世帯","未婚","カード","ある",102,245,3,"大学院",8,2,0
327211,"女性",24,"1〜2人世帯","既婚","カード","ある",0,264,24,"大学院",7,6,0
337822,"女性",36,"1〜2人世帯","既婚","カード","ない",262,371,36,"4年制大学",9,4,0
340944,"男性",59,"3〜4人世帯","既婚","現金","ない",365,877,6,"高校",7,6,0
355976,"男性",47,"3〜4人世帯","既婚","カード","ない",217,521,2,"専門学校",6,8,0
356078,"男性",32,"3〜4人世帯","既婚","カード","ない",277,276,2,"4年制大学",4,5,0
369702,"男性",42,"5人以上世帯","未婚","カード","ある",0,409,3,"4年制大学",8,4,1
370024,"女性",21,"1〜2人世帯","既婚","カード","ない",141,339,2,"4年制大学",4,3,0
381403,"女性",19,"1〜2人世帯","既婚","カード","ない",624,397,4,"4年制大学",4,0,0
396196,"男性",23,"3〜4人世帯","既婚","現金","ない",0,403,0,"4年制大学",10,4,1
396981,"男性",59,"3〜4人世帯","既婚","現金","ない",365,877,6,"高校",7,6,0
400620,"男性",27,"5人以上世帯","未婚","カード","ない",79,191,2,"大学院",6,3,1
404322,"男性",35,"3〜4人世帯","既婚","カード","ある",228,549,35,"専門学校",6,10,0
417982,"女性",20,"1〜2人世帯","既婚","カード","ない",0,411,3,"4年制大学",0,2,0
422650,"男性",40,"3〜4人世帯","既婚","カード","ない",646,448,1,"専門学校",1,5,0
425967,"男性",45,"3〜4人世帯","既婚","現金","ない",377,906,2,"高校",10,8,0
429096,"女性",30,"1〜2人世帯","既婚","カード","ない",112,271,2,"4年制大学",18,10,0
434454,"男性",26,"5人以上世帯","未婚","カード","ある",295,321,26,"4年制大学",7,4,0
445751,"男性",18,"3〜4人世帯","既婚","カード","ある",155,372,3,"4年制大学",1,0,0
446644,"男性",21,"5人以上世帯","未婚","現金","ない",118,407,0,"4年制大学",1,0,1
456344,"男性",29,"3〜4人世帯","既婚","カード","ない",122,295,1,"4年制大学",4,3,0
465112,"男性",68,"3〜4人世帯","既婚","カード","ある",328,789,4,"専門学校",10,11,0
467489,"女性",23,"1〜2人世帯","既婚","カード","ない",0,550,7,"4年制大学",6,4,0
470300,"男性",28,"3〜4人世帯","既婚","カード","ない",598,234,2,"大学院",5,3,0
470781,"男性",37,"3〜4人世帯","既婚","カード","ない",197,473,37,"4年制大学",9,6,0
472875,"男性",37,"3〜4人世帯","既婚","カード","ない",143,344,6,"4年制大学",15,3,0
474501,"男性",21,"5人以上世帯","未婚","カード","ない",1409,378,2,"4年制大学",5,1,0
478269,"男性",34,"3〜4人世帯","既婚","カード","ある",197,474,4,"4年制大学",5,7,0
479669,"男性",36,"3〜4人世帯","既婚","カード","ない",268,644,36,"専門学校",13,5,0
479904,"男性",20,"5人以上世帯","未婚","カード","ない",180,433,3,"4年制大学",0,0,0
482172,"男性",35,"3〜4人世帯","既婚","カード","ない",614,455,1,"専門学校",2,8,0
484805,"男性",21,"5人以上世帯","未婚","カード","ある",348,338,6,"4年制大学",4,0,0
487201,"男性",50,"3〜4人世帯","既婚","カード","ない",189,454,5,"専門学校",6,10,0
488581,"男性",24,"3〜4人世帯","既婚","カード","ない",219,527,8,"4年制大学",2,3,0
497421,"男性",35,"3〜4人世帯","既婚","カード","ない",0,588,1,"専門学校",6,5,0
498202,"男性",28,"3〜4人世帯","既婚","カード","ない",147,353,2,"4年制大学",5,5,0
499241,"男性",45,"3〜4人世帯","既婚","カード","ない",242,582,7,"専門学校",2,6,0
502664,"男性",25,"5人以上世帯","未婚","カード","ない",147,353,4,"4年制大学",4,3,0
508779,"男性",32,"3〜4人世帯","既婚","カード","ある",170,410,32,"4年制大学",8,7,0
523670,"男性",54,"3〜4人世帯","既婚","カード","ない",460,601,34,"専門学校",11,10,0
541793,"男性",60,"3〜4人世帯","既婚","カード","ない",2473,827,2,"高校",4,7,0
545264,"女性",32,"1〜2人世帯","既婚","カード","ない",130,313,32,"4年制大学",2,6,0
547440,"男性",20,"5人以上世帯","未婚","カード","ある",144,346,20,"4年制大学",3,2,0
554912,"男性",35,"3〜4人世帯","既婚","カード","ない",155,372,35,"4年制大学",2,3,0
555132,"男性",25,"3〜4人世帯","既婚","カード","ない",153,368,7,"4年制大学",4,5,0
571647,"男性",26,"3〜4人世帯","既婚","カード","ない",130,314,26,"4年制大学",1,7,0
573078,"男性",48,"3〜4人世帯","既婚","カード","ない",1120,888,3,"高校",5,12,0
573305,"男性",23,"3〜4人世帯","既婚","カード","ない",168,404,23,"4年制大学",10,0,0
573780,"女性",32,"1〜2人世帯","既婚","カード","ない",130,313,32,"4年制大学",2,6,0
577186,"男性",25,"5人以上世帯","未婚","カード","ある",524,199,22,"大学院",0,4,1
578404,"男性",34,"3〜4人世帯","既婚","カード","ある",197,474,34,"4年制大学",15,10,0
581437,"男性",25,"5人以上世帯","未婚","カード","ない",175,420,1,"4年制大学",9,0,0
584752,"男性",41,"3〜4人世帯","既婚","カード","ある",336,807,41,"高校",10,10,0
586324,"男性",35,"3〜4人世帯","既婚","カード","ない",184,442,1,"4年制大学",3,4,0
593915,"男性",45,"3〜4人世帯","既婚","カード","ない",268,644,4,"4年制大学",9,12,0
597108,"男性",55,"3〜4人世帯","既婚","カード","ない",0,749,1,"専門学校",0,8,0
606459,"女性",19,"1〜2人世帯","既婚","カード","ない",299,387,3,"4年制大学",1,1,0
615167,"男性",19,"5人以上世帯","未婚","現金","ない",0,375,0,"4年制大学",14,0,1
620298,"男性",33,"3〜4人世帯","既婚","現金","ある",176,423,0,"4年制大学",7,8,1
620475,"男性",40,"3〜4人世帯","既婚","カード","ない",203,489,4,"専門学校",10,7,0
625691,"男性",42,"3〜4人世帯","既婚","カード","ない",1440,587,1,"専門学校",4,17,0
625846,"男性",20,"5人以上世帯","未婚","カード","ない",0,393,5,"4年制大学",2,0,0
638583,"女性",32,"1〜2人世帯","既婚","カード","ない",130,313,32,"4年制大学",2,6,0
643816,"男性",34,"3〜4人世帯","既婚","カード","ない",246,591,1,"専門学校",4,6,0
645847,"男性",84,"3〜4人世帯","既婚","カード","ない",349,838,64,"専門学校",2,9,0
653661,"男性",36,"3〜4人世帯","既婚","カード","ない",184,443,2,"専門学校",4,8,0
661777,"男性",18,"5人以上世帯","未婚","カード","ない",217,523,4,"4年制大学",6,2,0
671336,"女性",18,"1〜2人世帯","既婚","カード","ない",127,307,3,"大学院",5,2,0
675846,"男性",41,"3〜4人世帯","既婚","カード","ない",210,506,4,"専門学校",0,11,0
675878,"男性",32,"3〜4人世帯","既婚","カード","ない",337,810,1,"専門学校",9,6,0
678057,"男性",24,"5人以上世帯","未婚","カード","ない",91,220,1,"大学院",7,1,1
683902,"男性",45,"3〜4人世帯","既婚","現金","ない",377,906,2,"高校",10,8,0
688159,"男性",36,"3〜4人世帯","既婚","カード","ない",187,451,4,"4年制大学",11,4,0
691168,"女性",20,"1〜2人世帯","既婚","カード","ない",0,411,3,"4年制大学",0,2,0
713093,"男性",35,"3〜4人世帯","既婚","カード","ない",614,455,1,"専門学校",2,8,0
718108,"男性",35,"3〜4人世帯","既婚","現金","ある",230,553,0,"4年制大学",2,6,1
727546,"男性",20,"5人以上世帯","未婚","カード","ない",180,433,3,"4年制大学",0,0,0
729416,"女性",23,"1〜2人世帯","既婚","カード","ない",70,147,1,"大学院",7,4,1
734582,"男性",47,"3〜4人世帯","既婚","カード","ない",197,473,27,"専門学校",5,5,0
735876,"男性",27,"3〜4人世帯","既婚","カード","ある",145,349,5,"4年制大学",3,3,0
737715,"男性",37,"3〜4人世帯","既婚","カード","ある",262,679,8,"専門学校",22,7,0
740773,"男性",53,"3〜4人世帯","既婚","カード","ある",285,684,5,"専門学校",2,10,0
742001,"男性",23,"3〜4人世帯","既婚","カード","ない",308,329,8,"4年制大学",0,3,0
743938,"男性",20,"5人以上世帯","未婚","カード","ない",186,447,5,"4年制大学",5,0,0
750949,"男性",35,"3〜4人世帯","既婚","カード","ある",228,549,35,"専門学校",6,10,0
754803,"男性",33,"3〜4人世帯","既婚","カード","ない",178,429,3,"4年制大学",10,6,0
758540,"男性",32,"3〜4人世帯","既婚","カード","ない",217,521,1,"4年制大学",6,8,0
763145,"男性",31,"3〜4人世帯","既婚","カード","ない",171,378,31,"4年制大学",4,7,0
789205,"男性",28,"3〜4人世帯","既婚","カード","ある",112,269,28,"4年制大学",5,5,0
789990,"男性",38,"5人以上世帯","未婚","カード","ない",0,650,38,"専門学校",5,6,0
799943,"男性",20,"5人以上世帯","未婚","カード","ない",186,447,5,"4年制大学",5,0,0
805957,"男性",29,"3〜4人世帯","既婚","カード","ない",493,388,29,"4年制大学",8,3,0
811675,"男性",37,"3〜4人世帯","既婚","カード","ある",262,679,8,"専門学校",22,7,0
815274,"女性",23,"1〜2人世帯","既婚","カード","ない",70,147,1,"大学院",7,4,1
824227,"女性",19,"1〜2人世帯","既婚","カード","ない",494,264,2,"大学院",6,0,0
831483,"男性",24,"3〜4人世帯","既婚","カード","ない",0,355,4,"4年制大学",8,4,0
837629,"男性",42,"3〜4人世帯","既婚","カード","ある",186,447,6,"4年制大学",7,4,0
839175,"男性",23,"3〜4人世帯","既婚","カード","ない",170,409,23,"4年制大学",6,3,0
848107,"男性",26,"5人以上世帯","未婚","カード","ない",1335,541,1,"4年制大学",2,6,0
852042,"男性",30,"3〜4人世帯","既婚","現金","ない",95,230,3,"大学院",10,5,1
853038,"女性",23,"1〜2人世帯","既婚","カード","ない",0,550,7,"4年制大学",6,4,0
859906,"男性",42,"3〜4人世帯","既婚","現金","ない",212,510,0,"4年制大学",1,5,1
860796,"男性",44,"3〜4人世帯","既婚","現金","ない",347,834,2,"高校",8,10,0
864152,"男性",21,"5人以上世帯","未婚","カード","ない",146,352,1,"専門学校",7,2,0
899696,"男性",30,"3〜4人世帯","既婚","カード","ある",0,459,7,"4年制大学",26,10,0
903095,"男性",45,"3〜4人世帯","既婚","カード","ない",268,644,4,"4年制大学",9,12,0
910085,"男性",27,"5人以上世帯","未婚","現金","ない",175,422,0,"4年制大学",9,9,1
921453,"男性",19,"5人以上世帯","未婚","現金","ない",0,166,1,"大学院",7,0,1
925804,"男性",29,"3〜4人世帯","既婚","カード","ない",189,454,2,"4年制大学",12,3,0
938830,"男性",29,"5人以上世帯","未婚","カード","ない",121,292,1,"4年制大学",18,5,0
947401,"男性",26,"3〜4人世帯","既婚","カード","ある",111,268,26,"大学院",4,0,0
952796,"男性",25,"5人以上世帯","未婚","カード","ない",175,420,1,"4年制大学",9,0,0
956565,"男性",43,"3〜4人世帯","既婚","カード","ない",178,429,6,"4年制大学",12,9,1
959186,"男性",41,"3〜4人世帯","既婚","カード","ある",197,479,4,"4年制大学",6,11,0
959663,"男性",27,"3〜4人世帯","既婚","カード","ある",0,399,27,"4年制大学",3,7,0
965435,"女性",27,"1〜2人世帯","既婚","カード","ない",925,442,2,"4年制大学",3,7,0
966111,"男性",18,"5人以上世帯","未婚","現金","ない",81,195,1,"大学院",7,2,1
966686,"男性",31,"3〜4人世帯","既婚","カード","ない",168,405,4,"4年制大学",10,1,0
967734,"男性",35,"3〜4人世帯","既婚","カード","ない",184,442,1,"4年制大学",3,4,0
971395,"男性",36,"3〜4人世帯","既婚","カード","ない",187,451,4,"4年制大学",11,4,0
979641,"男性",42,"3〜4人世帯","既婚","カード","ない",268,644,1,"専門学校",6,5,0
983196,"女性",33,"1〜2人世帯","既婚","カード","ない",0,380,5,"4年制大学",9,8,0
995380,"男性",23,"3〜4人世帯","既婚","カード","ない",684,180,3,"大学院",12,1,1
1022741,"男性",47,"3〜4人世帯","既婚","カード","ない",197,473,27,"専門学校",5,5,0
1028601,"男性",63,"3〜4人世帯","既婚","カード","ない",250,602,1,"4年制大学",4,14,0
1030518,"女性",19,"1〜2人世帯","既婚","カード","ない",494,264,2,"大学院",6,0,0
1032066,"男性",26,"3〜4人世帯","既婚","カード","ない",154,370,2,"4年制大学",1,6,0
1033704,"男性",43,"5人以上世帯","未婚","現金","ある",162,444,43,"4年制大学",4,10,0
1035617,"男性",47,"3〜4人世帯","既婚","カード","ない",217,521,2,"専門学校",6,8,0
1046982,"男性",45,"3〜4人世帯","既婚","カード","ない",467,674,1,"専門学校",4,7,0
1069745,"女性",27,"1〜2人世帯","既婚","カード","ある",119,287,3,"大学院",8,5,0
1075474,"男性",42,"3〜4人世帯","既婚","カード","ある",277,665,3,"4年制大学",5,5,0
1078012,"男性",28,"3〜4人世帯","既婚","カード","ない",65,158,1,"大学院",12,5,1
1082240,"男性",27,"3〜4人世帯","既婚","カード","ある",431,400,5,"4年制大学",3,6,0
1082296,"男性",50,"3〜4人世帯","既婚","カード","ない",0,643,2,"専門学校",5,6,0
1087407,"男性",23,"3〜4人世帯","既婚","カード","ない",308,329,8,"4年制大学",0,3,0
1093545,"男性",50,"3〜4人世帯","既婚","カード","ない",278,668,2,"専門学校",6,9,0
1093872,"男性",24,"5人以上世帯","未婚","カード","ない",112,269,2,"大学院",3,0,0
1094805,"男性",34,"3〜4人世帯","既婚","現金","ある",366,476,0,"4年制大学",4,7,1
1106384,"男性",41,"3〜4人世帯","既婚","カード","ない",194,467,1,"4年制大学",4,5,0
1106686,"男性",29,"3〜4人世帯","既婚","カード","ない",493,388,29,"4年制大学",8,3,0
1119846,"男性",35,"3〜4人世帯","既婚","カード","ない",0,588,1,"専門学校",6,5,0
1121521,"男性",30,"3〜4人世帯","既婚","カード","ない",1487,462,3,"4年制大学",12,3,0
1123257,"女性",19,"1〜2人世帯","既婚","カード","ない",624,397,4,"4年制大学",4,0,0
1125933,"男性",30,"3〜4人世帯","既婚","カード","ない",1487,462,3,"4年制大学",12,3,0
1132734,"男性",25,"3〜4人世帯","既婚","カード","ない",106,256,22,"大学院",14,4,1
1138765,"男性",24,"3〜4人世帯","既婚","カード","ない",159,383,3,"4年制大学",4,3,0
1155114,"女性",33,"1〜2人世帯","既婚","カード","ある",0,447,4,"4年制大学",3,10,0
1174195,"男性",32,"3〜4人世帯","既婚","カード","ない",277,276,2,"4年制大学",4,5,0
1178072,"男性",38,"3〜4人世帯","既婚","カード","ない",207,498,6,"4年制大学",6,13,0
1181692,"男性",33,"3〜4人世帯","既婚","カード","ある",152,367,33,"4年制大学",2,4,0
1185858,"男性",36,"3〜4人世帯","既婚","カード","ない",268,644,36,"専門学校",13,5,0
1187754,"男性",29,"3〜4人世帯","既婚","カード","ない",0,554,2,"4年制大学",4,4,0
1188874,"男性",32,"3〜4人世帯","既婚","カード","ある",179,473,4,"4年制大学",4,5,0
1200925,"女性",25,"1〜2人世帯","既婚","カード","ない",0,425,3,"4年制大学",10,6,0
1206503,"男性",32,"3〜4人世帯","既婚","カード","ある",179,473,4,"4年制大学",4,5,0
1207222,"男性",33,"3〜4人世帯","既婚","カード","ある",227,546,6,"4年制大学",9,4,0
1213036,"男性",22,"5人以上世帯","未婚","カード","ない",98,237,2,"大学院",1,2,0
1218077,"男性",36,"3〜4人世帯","既婚","カード","ない",184,443,2,"専門学校",4,8,0
1230223,"男性",24,"3〜4人世帯","既婚","カード","ない",0,355,4,"4年制大学",8,4,0
1240720,"男性",26,"5人以上世帯","未婚","カード","ある",295,321,26,"4年制大学",7,4,0
1273557,"男性",19,"5人以上世帯","未婚","現金","ない",0,375,0,"4年制大学",14,0,1
1278770,"男性",20,"5人以上世帯","未婚","カード","ない",0,327,3,"4年制大学",6,0,0
1289025,"女性",27,"1〜2人世帯","既婚","カード","ある",380,423,27,"4年制大学",6,4,0
1306446,"男性",25,"3〜4人世帯","既婚","カード","ない",159,383,2,"4年制大学",2,4,0
1309739,"男性",43,"3〜4人世帯","既婚","カード","ない",178,429,6,"4年制大学",12,9,1
1327962,"男性",36,"3〜4人世帯","既婚","カード","ない",167,401,3,"4年制大学",3,4,0
1331642,"女性",29,"1〜2人世帯","既婚","カード","ない",170,408,1,"大学院",1,2,0
1334719,"男性",24,"3〜4人世帯","既婚","カード","ある",0,442,5,"4年制大学",5,2,0
1353272,"男性",54,"3〜4人世帯","既婚","カード","ない",460,601,34,"専門学校",11,10,0
1371227,"男性",29,"3〜4人世帯","既婚","カード","ない",0,554,2,"4年制大学",4,4,0
1371489,"男性",33,"3〜4人世帯","既婚","カード","ある",152,367,33,"4年制大学",2,4,0
1377745,"男性",45,"3〜4人世帯","既婚","カード","ある",0,697,3,"専門学校",0,13,0
1379391,"男性",55,"3〜4人世帯","既婚","カード","ない",995,923,3,"高校",1,7,0
1392901,"女性",23,"1〜2人世帯","既婚","カード","ない",70,147,1,"大学院",7,4,1
1397011,"女性",32,"1〜2人世帯","既婚","カード","ない",130,313,32,"4年制大学",2,6,0
1408167,"男性",39,"3〜4人世帯","既婚","カード","ない",202,485,4,"専門学校",6,4,0
1410544,"女性",30,"1〜2人世帯","既婚","カード","ない",112,271,2,"4年制大学",18,10,0
1414986,"男性",18,"5人以上世帯","未婚","カード","ない",210,506,2,"専門学校",6,2,0
1418774,"男性",65,"3〜4人世帯","既婚","カード","ない",380,912,1,"高校",1,11,0
1424429,"男性",44,"5人以上世帯","未婚","カード","ない",279,670,2,"専門学校",2,7,0
1435376,"男性",24,"3〜4人世帯","既婚","現金","ある",0,475,0,"4年制大学",1,1,1
1441303,"男性",40,"3〜4人世帯","既婚","カード","ない",646,448,1,"専門学校",1,5,0
1441657,"男性",32,"3〜4人世帯","既婚","カード","ある",285,481,3,"4年制大学",4,6,0
1447551,"男性",34,"3〜4人世帯","既婚","カード","ない",509,211,1,"4年制大学",13,7,1
1448661,"男性",22,"3〜4人世帯","既婚","カード","ある",134,323,8,"4年制大学",9,3,0
1455544,"男性",47,"3〜4人世帯","既婚","カード","ない",168,405,3,"4年制大学",12,9,0
1459542,"男性",42,"3〜4人世帯","既婚","カード","ある",277,665,3,"4年制大学",5,5,0
1460141,"男性",30,"3〜4人世帯","既婚","現金","ない",171,412,0,"4年制大学",0,3,1
1463256,"男性",27,"3〜4人世帯","既婚","カード","ある",0,399,27,"4年制大学",3,7,0
1474113,"男性",38,"3〜4人世帯","既婚","カード","ない",207,498,6,"4年制大学",6,13,0
1475451,"男性",24,"5人以上世帯","未婚","カード","ない",91,220,1,"大学院",7,1,1
1476542,"男性",23,"3〜4人世帯","既婚","カード","ない",1564,425,1,"専門学校",4,4,0
1478755,"女性",47,"1〜2人世帯","既婚","カード","ある",446,479,5,"4年制大学",3,8,0
1481382,"男性",25,"3〜4人世帯","既婚","カード","ない",159,383,2,"4年制大学",2,4,0
1483639,"男性",34,"3〜4人世帯","既婚","現金","ある",366,476,0,"4年制大学",4,7,1
1483667,"男性",55,"3〜4人世帯","既婚","カード","ない",995,923,3,"高校",1,7,0
1486406,"男性",25,"3〜4人世帯","既婚","カード","ない",153,368,7,"4年制大学",4,5,0
1500871,"男性",30,"3〜4人世帯","既婚","現金","ない",152,365,2,"4年制大学",4,6,0
1511910,"男性",25,"5人以上世帯","未婚","カード","ない",0,271,22,"大学院",16,5,1
1523389,"女性",35,"1〜2人世帯","既婚","カード","ある",156,375,35,"4年制大学",4,4,0
1539476,"女性",20,"1〜2人世帯","既婚","カード","ない",194,466,5,"4年制大学",7,0,0
1541506,"女性",23,"1〜2人世帯","既婚","カード","ない",86,208,3,"大学院",7,3,0
1541556,"男性",31,"3〜4人世帯","既婚","カード","ない",177,425,5,"4年制大学",1,9,0
1558637,"女性",29,"1〜2人世帯","既婚","カード","ある",142,343,29,"4年制大学",6,4,0
1562106,"男性",45,"3〜4人世帯","既婚","カード","ない",242,582,7,"専門学校",2,6,0
1563701,"男性",28,"3〜4人世帯","既婚","カード","ない",65,158,1,"大学院",12,5,1
1564569,"女性",27,"1〜2人世帯","既婚","カード","ない",835,569,1,"4年制大学",6,8,0
1568812,"男性",45,"3〜4人世帯","既婚","カード","ない",328,789,2,"専門学校",1,7,0
1569183,"男性",63,"3〜4人世帯","既婚","カード","ある",320,769,3,"専門学校",10,17,0
1573606,"男性",23,"3〜4人世帯","既婚","カード","ある",162,391,7,"4年制大学",5,5,0
1574027,"男性",21,"5人以上世帯","未婚","カード","ない",112,269,3,"大学院",12,0,1
1576778,"男性",36,"3〜4人世帯","既婚","カード","ない",610,397,3,"4年制大学",6,14,0
1581840,"男性",25,"3〜4人世帯","既婚","カード","ない",188,452,2,"4年制大学",3,4,0
1581977,"女性",28,"1〜2人世帯","既婚","カード","ない",68,164,25,"大学院",6,4,1
1583662,"男性",36,"3〜4人世帯","既婚","カード","ある",0,490,2,"4年制大学",11,8,0
1586448,"男性",27,"3〜4人世帯","既婚","カード","ある",145,349,3,"4年制大学",2,4,0
1593922,"男性",20,"5人以上世帯","未婚","カード","ない",186,447,5,"4年制大学",5,0,0
1601599,"男性",29,"5人以上世帯","未婚","カード","ない",121,292,1,"4年制大学",18,5,0
1603161,"男性",23,"3〜4人世帯","既婚","カード","ある",162,391,7,"4年制大学",5,5,0
1622792,"男性",24,"3〜4人世帯","既婚","現金","ない",80,194,1,"大学院",14,2,1
1624180,"男性",27,"5人以上世帯","未婚","カード","ない",681,277,2,"大学院",3,6,0
1630311,"男性",31,"3〜4人世帯","既婚","カード","ある",167,402,31,"4年制大学",10,6,0
1647992,"男性",53,"3〜4人世帯","既婚","カード","ない",160,384,3,"4年制大学",13,9,0
1652674,"男性",25,"3〜4人世帯","既婚","カード","ない",153,368,7,"4年制大学",4,5,0
1658324,"男性",29,"3〜4人世帯","既婚","カード","ない",587,378,2,"4年制大学",4,4,0
1662255,"男性",22,"5人以上世帯","未婚","カード","ある",74,178,19,"大学院",9,0,1
1672614,"男性",37,"3〜4人世帯","既婚","カード","ない",329,375,37,"専門学校",10,11,0
1673538,"男性",24,"3〜4人世帯","既婚","現金","ない",80,194,1,"大学院",14,2,1
1675593,"男性",40,"5人以上世帯","未婚","カード","ない",1346,471,1,"4年制大学",13,16,0
1681829,"男性",45,"3〜4人世帯","既婚","カード","ない",467,674,1,"専門学校",4,7,0
1688508,"男性",50,"3〜4人世帯","既婚","カード","ない",174,418,30,"4年制大学",7,11,0
1691271,"男性",19,"5人以上世帯","未婚","現金","ない",76,184,5,"大学院",4,0,1
1698104,"男性",21,"5人以上世帯","未婚","カード","ない",162,390,4,"4年制大学",10,0,0
1699156,"女性",23,"1〜2人世帯","既婚","カード","ない",70,147,1,"大学院",7,4,1
1711057,"男性",25,"5人以上世帯","未婚","カード","ない",147,353,4,"4年制大学",4,3,0
1712764,"男性",32,"3〜4人世帯","既婚","カード","ない",277,276,2,"4年制大学",4,5,0
1722325,"男性",34,"3〜4人世帯","既婚","現金","ない",0,660,0,"4年制大学",7,9,1
1725232,"女性",32,"1〜2人世帯","既婚","カード","ない",170,409,5,"4年制大学",7,3,0
1725508,"男性",18,"3〜4人世帯","既婚","カード","ある",155,372,3,"4年制大学",1,0,0
1742225,"男性",23,"3〜4人世帯","既婚","カード","ない",0,358,2,"4年制大学",11,3,0
1745005,"男性",36,"3〜4人世帯","既婚","カード","ない",187,451,4,"4年制大学",11,4,0
1758951,"男性",54,"3〜4人世帯","既婚","カード","ない",460,601,34,"専門学校",11,10,0
1765634,"男性",36,"3〜4人世帯","既婚","カード","ない",167,401,3,"4年制大学",3,4,0
1784152,"男性",28,"5人以上世帯","未婚","カード","ない",461,296,3,"4年制大学",5,6,0
1795006,"男性",20,"5人以上世帯","未婚","現金","ない",110,264,0,"4年制大学",3,1,1
1806699,"男性",46,"3〜4人世帯","既婚","カード","ない",181,436,2,"4年制大学",4,4,0
1812574,"男性",55,"3〜4人世帯","既婚","カード","ない",339,814,1,"専門学校",4,9,0
1812636,"男性",30,"3〜4人世帯","既婚","カード","ある",0,459,7,"4年制大学",26,10,0
1813106,"男性",36,"3〜4人世帯","既婚","カード","ない",0,633,3,"専門学校",8,3,0
1815278,"男性",21,"5人以上世帯","未婚","カード","ない",162,390,4,"4年制大学",10,0,0
1823079,"女性",51,"1〜2人世帯","既婚","カード","ない",287,691,31,"専門学校",7,8,0
1824672,"男性",30,"5人以上世帯","未婚","カード","ない",163,392,1,"4年制大学",6,7,0
1829229,"男性",55,"3〜4人世帯","既婚","カード","ない",339,814,1,"専門学校",4,9,0
1838097,"男性",34,"3〜4人世帯","既婚","カード","ない",509,211,1,"4年制大学",13,7,1
1885725,"男性",26,"3〜4人世帯","既婚","現金","ある",177,426,0,"4年制大学",6,2,1
1889492,"男性",26,"3〜4人世帯","既婚","現金","ある",177,426,0,"4年制大学",6,2,1
1894459,"女性",35,"1〜2人世帯","既婚","カード","ある",156,375,35,"4年制大学",4,4,0
1902589,"男性",23,"3〜4人世帯","既婚","カード","ない",644,279,23,"大学院",9,0,0
1903229,"男性",37,"3〜4人世帯","既婚","カード","ある",262,679,8,"専門学校",22,7,0
1904135,"男性",33,"3〜4人世帯","既婚","現金","ある",176,423,0,"4年制大学",7,8,1
1906563,"男性",33,"3〜4人世帯","既婚","カード","ない",0,337,3,"4年制大学",3,11,0
1914326,"男性",25,"3〜4人世帯","既婚","カード","ない",188,452,2,"4年制大学",3,4,0
1916174,"男性",18,"3〜4人世帯","既婚","カード","ある",155,372,3,"4年制大学",1,0,0
1931072,"男性",28,"3〜4人世帯","既婚","カード","ない",172,413,3,"4年制大学",3,6,0
1946018,"男性",28,"5人以上世帯","未婚","現金","ある",205,492,0,"4年制大学",10,4,1
1946041,"女性",29,"1〜2人世帯","既婚","カード","ない",170,408,1,"大学院",1,2,0
1956699,"女性",25,"1〜2人世帯","既婚","カード","ない",0,425,3,"4年制大学",10,6,0
1958892,"男性",35,"3〜4人世帯","既婚","カード","ある",228,549,35,"専門学校",6,10,0
1960534,"男性",47,"3〜4人世帯","既婚","カード","ない",168,405,3,"4年制大学",12,9,0
1967409,"男性",32,"3〜4人世帯","既婚","カード","ない",277,276,2,"4年制大学",4,5,0
1979672,"男性",27,"3〜4人世帯","既婚","カード","ある",203,488,27,"専門学校",8,4,0
1989543,"女性",31,"1〜2人世帯","既婚","カード","ない",173,417,3,"4年制大学",4,7,0
1991616,"男性",37,"3〜4人世帯","既婚","カード","ない",1285,489,4,"専門学校",5,4,0
2003127,"男性",34,"3〜4人世帯","既婚","カード","ない",165,397,3,"4年制大学",4,11,0
2003217,"男性",42,"3〜4人世帯","既婚","カード","ある",277,665,3,"4年制大学",5,5,0
2003880,"男性",27,"3〜4人世帯","既婚","カード","ある",203,488,27,"専門学校",8,4,0
2007560,"男性",41,"3〜4人世帯","既婚","カード","ない",254,610,1,"専門学校",3,7,0
2012710,"男性",26,"3〜4人世帯","既婚","カード","ある",260,626,5,"専門学校",7,0,0
2013478,"男性",22,"5人以上世帯","未婚","カード","ある",463,351,22,"4年制大学",4,2,0
2025040,"男性",29,"3〜4人世帯","既婚","カード","ない",189,454,2,"4年制大学",12,3,0
2025604,"男性",43,"3〜4人世帯","既婚","カード","ある",776,518,2,"4年制大学",3,6,0
2031383,"男性",45,"5人以上世帯","未婚","カード","ない",0,317,3,"4年制大学",5,7,0
2032567,"男性",20,"5人以上世帯","未婚","現金","ない",110,264,0,"4年制大学",3,1,1
2050757,"男性",58,"3〜4人世帯","既婚","カード","ある",369,887,5,"高校",7,9,0
2060303,"男性",24,"3〜4人世帯","既婚","カード","ない",450,337,2,"大学院",14,0,0
2061517,"男性",46,"3〜4人世帯","既婚","カード","ない",0,599,3,"専門学校",1,16,0
2082871,"男性",31,"3〜4人世帯","既婚","カード","ない",53,466,5,"4年制大学",18,6,0
2095791,"女性",36,"1〜2人世帯","既婚","カード","ない",262,371,36,"4年制大学",9,4,0
2109428,"男性",28,"5人以上世帯","未婚","カード","ない",461,296,3,"4年制大学",5,6,0
2113637,"男性",50,"3〜4人世帯","既婚","現金","ある",356,491,0,"4年制大学",8,9,1
2117115,"男性",35,"3〜4人世帯","既婚","カード","ない",155,372,35,"4年制大学",2,3,0
2136970,"女性",38,"1〜2人世帯","既婚","カード","ない",179,430,4,"大学院",4,5,0
2148998,"女性",34,"1〜2人世帯","既婚","カード","ある",182,437,3,"4年制大学",1,5,0
2153318,"男性",22,"3〜4人世帯","既婚","カード","ある",134,323,8,"4年制大学",9,3,0
2153723,"男性",35,"3〜4人世帯","既婚","カード","ない",190,456,2,"4年制大学",3,3,0
2156070,"女性",27,"1〜2人世帯","既婚","カード","ある",380,423,27,"4年制大学",6,4,0
2160164,"男性",26,"5人以上世帯","未婚","カード","ある",295,321,26,"4年制大学",7,4,0
2160611,"男性",50,"3〜4人世帯","既婚","カード","ない",0,643,2,"専門学校",5,6,0
2161398,"男性",28,"3〜4人世帯","既婚","カード","ない",142,343,3,"4年制大学",2,5,0
2170711,"女性",49,"1〜2人世帯","既婚","カード","ない",0,651,4,"4年制大学",12,10,0
2172328,"男性",30,"3〜4人世帯","既婚","カード","ある",177,426,5,"4年制大学",2,8,0
2183185,"女性",38,"1〜2人世帯","既婚","カード","ある",270,650,38,"専門学校",7,6,0
2198428,"女性",32,"1〜2人世帯","既婚","カード","ない",170,409,5,"4年制大学",7,3,0
2212263,"男性",42,"3〜4人世帯","既婚","カード","ある",186,447,6,"4年制大学",7,4,0
2218898,"男性",39,"3〜4人世帯","既婚","カード","ない",1205,437,2,"4年制大学",17,5,0
2220905,"男性",35,"3〜4人世帯","既婚","現金","ある",230,553,0,"4年制大学",2,6,1
2236943,"女性",37,"1〜2人世帯","既婚","カード","ある",0,618,5,"4年制大学",3,6,0
2238480,"男性",55,"3〜4人世帯","既婚","カード","ない",0,643,35,"専門学校",15,6,0
2246263,"男性",31,"3〜4人世帯","既婚","カード","ない",166,400,31,"4年制大学",8,6,0
2249596,"男性",33,"3〜4人世帯","既婚","カード","ある",152,367,33,"4年制大学",2,4,0
2252569,"男性",39,"3〜4人世帯","既婚","カード","ない",1205,437,2,"4年制大学",17,5,0
2253000,"男性",20,"5人以上世帯","未婚","カード","ある",596,414,5,"4年制大学",13,1,0
2255475,"男性",29,"3〜4人世帯","既婚","カード","ない",140,336,29,"4年制大学",10,7,0
2279936,"男性",33,"3〜4人世帯","既婚","カード","ない",1121,405,3,"4年制大学",7,4,0
2288515,"男性",44,"3〜4人世帯","既婚","カード","ある",271,651,44,"専門学校",3,6,0
2294690,"男性",27,"3〜4人世帯","既婚","カード","ない",1044,435,3,"4年制大学",2,0,0
2310030,"女性",18,"1〜2人世帯","既婚","カード","ある",0,409,6,"4年制大学",11,0,0
2313186,"男性",36,"3〜4人世帯","既婚","カード","ない",268,644,36,"専門学校",13,5,0
2325821,"男性",45,"3〜4人世帯","既婚","カード","ない",328,789,2,"専門学校",1,7,0
2326884,"男性",23,"3〜4人世帯","既婚","カード","ない",170,409,23,"4年制大学",6,3,0
2330466,"男性",27,"3〜4人世帯","既婚","カード","ない",152,367,27,"4年制大学",8,4,0
2347959,"男性",55,"3〜4人世帯","既婚","カード","ない",275,660,3,"専門学校",4,7,0
2351744,"男性",22,"5人以上世帯","未婚","カード","ない",102,451,3,"4年制大学",5,3,0
2375211,"男性",27,"3〜4人世帯","既婚","カード","ある",145,349,5,"4年制大学",3,3,0
2376546,"男性",37,"3〜4人世帯","既婚","カード","ある",566,441,1,"専門学校",3,8,0
2379799,"男性",28,"3〜4人世帯","既婚","カード","ない",142,343,3,"4年制大学",2,5,0
2388231,"男性",46,"3〜4人世帯","既婚","カード","ない",0,599,3,"専門学校",1,16,0
2391858,"男性",30,"3〜4人世帯","既婚","カード","ある",177,426,5,"4年制大学",2,8,0
2391872,"男性",30,"3〜4人世帯","既婚","カード","ある",0,459,7,"4年制大学",26,10,0
2392952,"男性",21,"5人以上世帯","未婚","現金","ない",118,407,0,"4年制大学",1,0,1
2412494,"男性",20,"5人以上世帯","未婚","カード","ある",122,294,20,"大学院",3,2,0
2420982,"男性",29,"3〜4人世帯","既婚","カード","ない",151,194,1,"大学院",9,6,1
2422355,"男性",44,"3〜4人世帯","既婚","カード","ない",1921,523,2,"専門学校",5,5,0
2433325,"男性",44,"3〜4人世帯","既婚","カード","ない",0,456,3,"専門学校",5,6,0
2444593,"男性",55,"3〜4人世帯","既婚","カード","ない",275,660,3,"専門学校",4,7,0
2466890,"男性",41,"3〜4人世帯","既婚","カード","ある",336,807,41,"高校",10,10,0
2468004,"男性",25,"5人以上世帯","未婚","カード","ない",0,271,22,"大学院",16,5,1
2472884,"男性",58,"3〜4人世帯","既婚","カード","ある",369,887,5,"高校",7,9,0
2475826,"男性",25,"3〜4人世帯","既婚","カード","ない",188,452,2,"4年制大学",3,4,0
2478841,"男性",42,"3〜4人世帯","既婚","カード","ない",1341,427,6,"4年制大学",1,12,0
2479377,"男性",29,"3〜4人世帯","既婚","カード","ない",587,378,2,"4年制大学",4,4,0
2480110,"女性",28,"1〜2人世帯","既婚","カード","ない",282,679,7,"専門学校",11,4,0
2501578,"男性",35,"3〜4人世帯","既婚","カード","ない",0,402,35,"4年制大学",12,8,0
2510872,"男性",22,"5人以上世帯","未婚","カード","ある",74,178,19,"大学院",9,0,1
2528682,"男性",42,"3〜4人世帯","既婚","カード","ある",277,665,3,"4年制大学",5,5,0
2536946,"男性",30,"3〜4人世帯","既婚","現金","ない",171,412,0,"4年制大学",0,3,1
2575691,"女性",25,"1〜2人世帯","既婚","カード","ある",0,413,25,"4年制大学",3,1,0
2581715,"男性",23,"3〜4人世帯","既婚","カード","ない",170,409,23,"4年制大学",6,3,0
2587225,"男性",44,"3〜4人世帯","既婚","カード","ない",165,396,2,"専門学校",0,13,0
2593109,"男性",22,"5人以上世帯","未婚","カード","ない",98,237,2,"大学院",1,2,0
2593388,"女性",47,"1〜2人世帯","既婚","カード","ある",446,479,5,"4年制大学",3,8,0
2607432,"女性",25,"1〜2人世帯","既婚","カード","ある",0,413,25,"4年制大学",3,1,0
2609319,"男性",19,"5人以上世帯","未婚","現金","ない",0,166,1,"大学院",7,0,1
2611993,"男性",48,"3〜4人世帯","既婚","カード","ない",1120,888,3,"高校",5,12,0
2611998,"男性",23,"3〜4人世帯","既婚","カード","ない",142,341,3,"4年制大学",3,2,0
2620982,"男性",44,"3〜4人世帯","既婚","カード","ない",247,593,5,"専門学校",4,8,0
2637009,"男性",26,"3〜4人世帯","既婚","カード","ない",0,360,3,"4年制大学",10,7,0
2638085,"男性",20,"5人以上世帯","未婚","現金","ない",224,538,0,"4年制大学",24,0,1
2641075,"女性",20,"1〜2人世帯","既婚","カード","ない",192,461,3,"4年制大学",5,1,0
2655686,"男性",29,"5人以上世帯","未婚","カード","ない",184,443,4,"4年制大学",12,3,0
2662338,"男性",33,"3〜4人世帯","既婚","カード","ない",1121,405,3,"4年制大学",7,4,0
2664193,"男性",38,"5人以上世帯","未婚","カード","ない",0,650,38,"専門学校",5,6,0
2666526,"男性",53,"3〜4人世帯","既婚","カード","ない",160,384,3,"4年制大学",13,9,0
2673334,"男性",18,"3〜4人世帯","既婚","カード","ない",543,222,3,"大学院",11,2,0
2681521,"男性",36,"3〜4人世帯","既婚","カード","ない",0,633,3,"専門学校",8,3,0
2682508,"男性",50,"3〜4人世帯","既婚","カード","ない",250,600,2,"4年制大学",8,9,0
2692483,"男性",29,"5人以上世帯","未婚","カード","ない",121,292,1,"4年制大学",18,5,0
2696635,"男性",21,"5人以上世帯","未婚","カード","ない",703,421,4,"専門学校",1,0,0
2698894,"女性",33,"1〜2人世帯","既婚","カード","ある",0,447,4,"4年制大学",3,10,0
2707094,"女性",36,"1〜2人世帯","既婚","カード","ない",262,371,36,"4年制大学",9,4,0
2735033,"男性",33,"3〜4人世帯","既婚","カード","ない",643,296,8,"4年制大学",8,7,0
2740597,"男性",38,"5人以上世帯","未婚","カード","ない",0,650,38,"専門学校",5,6,0
2754861,"男性",22,"5人以上世帯","未婚","カード","ない",81,195,1,"大学院",3,0,1
2757679,"男性",22,"5人以上世帯","未婚","カード","ない",81,195,1,"大学院",3,0,1
2767876,"女性",18,"1〜2人世帯","既婚","カード","ない",118,284,2,"大学院",1,0,0
2781036,"男性",23,"3〜4人世帯","既婚","カード","ない",308,329,8,"4年制大学",0,3,0
2787503,"男性",30,"3〜4人世帯","既婚","カード","ない",257,401,1,"4年制大学",9,2,0
2789338,"男性",28,"5人以上世帯","未婚","カード","ある",0,211,25,"大学院",3,2,1
2795361,"男性",35,"3〜4人世帯","既婚","カード","ない",614,455,1,"専門学校",2,8,0
2803182,"男性",37,"3〜4人世帯","既婚","カード","ある",262,679,8,"専門学校",22,7,0
2804646,"男性",28,"5人以上世帯","未婚","カード","ない",461,296,3,"4年制大学",5,6,0
2806547,"男性",35,"3〜4人世帯","既婚","現金","ある",230,553,0,"4年制大学",2,6,1
2820304,"男性",44,"3〜4人世帯","既婚","カード","ない",0,456,3,"専門学校",5,6,0
2830234,"男性",22,"5人以上世帯","未婚","カード","ない",81,195,1,"大学院",3,0,1
2830246,"男性",35,"3〜4人世帯","既婚","カード","ある",0,359,8,"4年制大学",11,9,0
2834305,"男性",20,"5人以上世帯","未婚","カード","ない",0,393,5,"4年制大学",2,0,0
2844745,"男性",41,"3〜4人世帯","既婚","カード","ない",194,467,1,"4年制大学",4,5,0
2857788,"男性",44,"3〜4人世帯","既婚","カード","ない",1921,523,2,"専門学校",5,5,0
2858749,"男性",84,"3〜4人世帯","既婚","カード","ない",349,838,64,"専門学校",2,9,0
2873282,"男性",33,"3〜4人世帯","既婚","カード","ある",227,546,6,"4年制大学",9,4,0
2873824,"男性",29,"5人以上世帯","未婚","カード","ない",121,292,1,"4年制大学",18,5,0
2903419,"男性",20,"5人以上世帯","未婚","カード","ある",102,245,3,"大学院",8,2,0
2903897,"男性",24,"3〜4人世帯","既婚","カード","ない",130,312,24,"4年制大学",1,4,0
2918263,"男性",50,"3〜4人世帯","既婚","カード","ない",0,643,2,"専門学校",5,6,0
2918863,"男性",47,"3〜4人世帯","既婚","カード","ない",217,521,2,"専門学校",6,8,0
2928450,"男性",50,"3〜4人世帯","既婚","カード","ない",148,524,30,"4年制大学",5,9,0
2935743,"男性",40,"3〜4人世帯","既婚","カード","ない",203,489,4,"専門学校",10,7,0
2939087,"男性",36,"3〜4人世帯","既婚","カード","ある",0,490,2,"4年制大学",11,8,0
2942285,"男性",20,"5人以上世帯","未婚","カード","ない",141,340,3,"4年制大学",4,0,0
2948702,"男性",21,"5人以上世帯","未婚","現金","ない",118,407,0,"4年制大学",1,0,1
2948889,"男性",29,"3〜4人世帯","既婚","カード","ない",151,194,1,"大学院",9,6,1
2949381,"男性",53,"3〜4人世帯","既婚","カード","ない",160,384,3,"4年制大学",13,9,0
2955152,"男性",33,"3〜4人世帯","既婚","カード","ある",152,367,33,"4年制大学",2,4,0
2965581,"男性",23,"3〜4人世帯","既婚","カード","ない",142,341,3,"4年制大学",3,2,0
2971903,"男性",34,"3〜4人世帯","既婚","現金","ある",366,476,0,"4年制大学",4,7,1
2975059,"男性",24,"3〜4人世帯","既婚","カード","ある",0,442,5,"4年制大学",5,2,0
2986705,"男性",32,"3〜4人世帯","既婚","現金","ない",167,401,0,"4年制大学",6,12,1
2989807,"男性",29,"3〜4人世帯","既婚","カード","ない",587,378,2,"4年制大学",4,4,0
2989980,"男性",25,"3〜4人世帯","既婚","現金","ない",193,465,0,"4年制大学",4,5,1
2996681,"男性",22,"5人以上世帯","未婚","カード","ある",463,351,22,"4年制大学",4,2,0
2999195,"男性",44,"3〜4人世帯","既婚","カード","ない",215,518,2,"専門学校",12,16,0
3013503,"男性",38,"3〜4人世帯","既婚","現金","ない",150,362,2,"4年制大学",2,5,0
3015510,"男性",44,"3〜4人世帯","既婚","カード","ある",0,651,6,"専門学校",3,7,0
3019045,"女性",38,"1〜2人世帯","既婚","カード","ある",270,650,38,"専門学校",7,6,0
3022615,"男性",33,"3〜4人世帯","既婚","カード","ない",0,337,3,"4年制大学",3,11,0
3024499,"男性",35,"3〜4人世帯","既婚","カード","ある",202,485,7,"4年制大学",10,10,0
3026865,"男性",23,"3〜4人世帯","既婚","カード","ない",168,404,23,"4年制大学",10,0,0
3030185,"男性",30,"3〜4人世帯","既婚","カード","ある",0,459,7,"4年制大学",26,10,0
3064483,"男性",46,"5人以上世帯","未婚","カード","ある",213,513,26,"4年制大学",5,6,0
3065195,"男性",25,"3〜4人世帯","既婚","カード","ない",188,452,2,"4年制大学",3,4,0
3071991,"女性",20,"1〜2人世帯","既婚","カード","ない",0,411,3,"4年制大学",0,2,0
3073815,"男性",41,"3〜4人世帯","既婚","カード","ない",1118,454,1,"4年制大学",7,5,0
3085779,"女性",47,"1〜2人世帯","既婚","カード","ある",446,479,5,"4年制大学",3,8,0
3100094,"男性",44,"3〜4人世帯","既婚","カード","ある",0,651,6,"専門学校",3,7,0
3100118,"男性",24,"5人以上世帯","未婚","カード","ない",112,269,2,"大学院",3,0,0
3101347,"男性",20,"3〜4人世帯","既婚","カード","ある",236,568,9,"4年制大学",7,0,0
3107708,"男性",36,"3〜4人世帯","既婚","カード","ある",165,397,7,"4年制大学",7,4,0
3110348,"男性",43,"3〜4人世帯","既婚","カード","ない",178,429,6,"4年制大学",12,9,1
3120685,"男性",20,"3〜4人世帯","既婚","カード","ある",236,568,9,"4年制大学",7,0,0
3129747,"男性",22,"5人以上世帯","未婚","カード","ない",81,195,1,"大学院",3,0,1
3133201,"男性",21,"5人以上世帯","未婚","カード","ない",112,269,3,"大学院",12,0,1
3133819,"男性",40,"3〜4人世帯","既婚","カード","ない",119,287,2,"大学院",2,11,0
3135968,"男性",20,"5人以上世帯","未婚","カード","ある",144,346,20,"4年制大学",3,2,0
3140004,"男性",30,"3〜4人世帯","既婚","現金","ない",95,230,3,"大学院",10,5,1
3142496,"女性",19,"1〜2人世帯","既婚","カード","ない",299,387,3,"4年制大学",1,1,0
3143870,"男性",26,"3〜4人世帯","既婚","カード","ない",798,292,2,"4年制大学",2,0,0
3150303,"男性",24,"3〜4人世帯","既婚","カード","ない",159,383,3,"4年制大学",4,3,0
3160156,"男性",63,"3〜4人世帯","既婚","カード","ない",250,602,1,"4年制大学",4,14,0
3168831,"男性",28,"3〜4人世帯","既婚","カード","ない",65,158,1,"大学院",12,5,1
3169304,"男性",35,"3〜4人世帯","既婚","カード","ない",190,456,2,"4年制大学",3,3,0
3171019,"女性",19,"1〜2人世帯","既婚","カード","ない",0,380,6,"4年制大学",5,1,0
3178245,"男性",20,"5人以上世帯","未婚","カード","ない",176,423,5,"高校",19,0,0
3178864,"男性",50,"3〜4人世帯","既婚","カード","ない",148,524,30,"4年制大学",5,9,0
3179891,"男性",20,"5人以上世帯","未婚","現金","ない",224,538,0,"4年制大学",24,0,1
3185405,"男性",35,"3〜4人世帯","既婚","カード","ある",202,485,7,"4年制大学",10,10,0
3187904,"女性",34,"1〜2人世帯","既婚","カード","ある",182,437,3,"4年制大学",1,5,0
3188249,"男性",26,"5人以上世帯","未婚","カード","ない",1335,541,1,"4年制大学",2,6,0
3196271,"男性",31,"3〜4人世帯","既婚","カード","ない",171,412,2,"4年制大学",1,7,0
3199482,"男性",21,"5人以上世帯","未婚","カード","ある",348,338,6,"4年制大学",4,0,0
3207261,"男性",32,"3〜4人世帯","既婚","カード","ない",217,521,1,"4年制大学",6,8,0
3213762,"男性",37,"3〜4人世帯","既婚","カード","ない",329,375,37,"専門学校",10,11,0
3229393,"男性",21,"5人以上世帯","未婚","カード","ない",115,277,2,"4年制大学",6,3,0
3232651,"男性",25,"5人以上世帯","未婚","カード","ない",0,271,22,"大学院",16,5,1
3243371,"男性",34,"3〜4人世帯","既婚","現金","ある",366,476,0,"4年制大学",4,7,1
3259151,"男性",29,"3〜4人世帯","既婚","カード","ない",151,194,1,"大学院",9,6,1
3261933,"男性",48,"3〜4人世帯","既婚","カード","ない",1120,888,3,"高校",5,12,0
3287861,"男性",50,"3〜4人世帯","既婚","カード","ない",250,600,2,"4年制大学",8,9,0
3296743,"男性",63,"3〜4人世帯","既婚","カード","ない",250,602,1,"4年制大学",4,14,0
3303637,"男性",33,"3〜4人世帯","既婚","カード","ない",649,385,3,"4年制大学",4,4,0
3310676,"男性",42,"5人以上世帯","未婚","カード","ある",0,409,3,"4年制大学",8,4,1
3311721,"男性",23,"3〜4人世帯","既婚","カード","ない",142,341,3,"4年制大学",3,2,0
3316603,"男性",20,"5人以上世帯","未婚","カード","ない",176,423,5,"高校",19,0,0
3316845,"男性",45,"3〜4人世帯","既婚","カード","ない",290,697,2,"専門学校",6,5,0
3320118,"女性",29,"1〜2人世帯","既婚","カード","ない",170,408,1,"大学院",1,2,0
3337683,"男性",34,"3〜4人世帯","既婚","カード","ない",165,397,3,"4年制大学",4,11,0
3340407,"男性",29,"3〜4人世帯","既婚","カード","ない",228,549,6,"専門学校",6,11,0
3350255,"男性",25,"5人以上世帯","未婚","カード","ない",0,271,22,"大学院",16,5,1
3350534,"男性",20,"5人以上世帯","未婚","カード","ない",851,222,1,"大学院",4,0,1
3355796,"女性",19,"1〜2人世帯","既婚","カード","ある",166,399,5,"4年制大学",12,0,0
3369245,"男性",31,"3〜4人世帯","既婚","カード","ある",167,402,31,"4年制大学",10,6,0
3371629,"男性",22,"5人以上世帯","未婚","カード","ない",81,195,1,"大学院",3,0,1
3380430,"男性",42,"3〜4人世帯","既婚","現金","ない",212,510,0,"4年制大学",1,5,1
3383828,"男性",32,"3〜4人世帯","既婚","カード","ない",337,810,1,"専門学校",9,6,0
3391778,"男性",38,"5人以上世帯","未婚","カード","ない",0,650,38,"専門学校",5,6,0
3410600,"男性",35,"3〜4人世帯","既婚","カード","ある",202,485,7,"4年制大学",10,10,0
3410661,"男性",42,"3〜4人世帯","既婚","カード","ない",1341,427,6,"4年制大学",1,12,0
3422069,"女性",22,"1〜2人世帯","既婚","カード","ない",701,483,3,"4年制大学",10,2,0
3422719,"男性",50,"3〜4人世帯","既婚","カード","ない",250,600,2,"4年制大学",8,9,0
3431580,"男性",32,"3〜4人世帯","既婚","現金","ない",167,401,0,"4年制大学",6,12,1
3438130,"男性",32,"3〜4人世帯","既婚","カード","ある",194,467,32,"4年制大学",7,5,0
3448877,"男性",43,"5人以上世帯","未婚","現金","ある",162,444,43,"4年制大学",4,10,0
3455416,"男性",36,"3〜4人世帯","既婚","カード","ない",275,660,7,"専門学校",12,11,0
3458812,"男性",28,"3〜4人世帯","既婚","カード","ない",172,413,3,"4年制大学",3,6,0
3462279,"男性",34,"3〜4人世帯","既婚","カード","ない",168,405,4,"4年制大学",14,9,0
3468278,"男性",45,"5人以上世帯","未婚","カード","ない",0,317,3,"4年制大学",5,7,0
3470407,"男性",31,"3〜4人世帯","既婚","カード","ない",171,378,31,"4年制大学",4,7,0
3482706,"男性",51,"3〜4人世帯","既婚","カード","ない",240,578,2,"4年制大学",14,13,0
3483567,"女性",37,"1〜2人世帯","既婚","カード","ある",0,618,5,"4年制大学",3,6,0
3485047,"男性",19,"5人以上世帯","未婚","現金","ない",76,184,5,"大学院",4,0,1
3487929,"男性",36,"3〜4人世帯","既婚","カード","ない",275,660,7,"専門学校",12,11,0
3488780,"女性",38,"1〜2人世帯","既婚","カード","ない",179,430,4,"大学院",4,5,0
3489163,"男性",22,"5人以上世帯","未婚","カード","ある",0,138,19,"大学院",7,3,1
3491815,"男性",25,"3〜4人世帯","既婚","カード","ない",106,256,22,"大学院",14,4,1
3492947,"男性",27,"3〜4人世帯","既婚","カード","ある",167,403,4,"4年制大学",4,3,0
3541601,"男性",28,"5人以上世帯","未婚","現金","ある",205,492,0,"4年制大学",10,4,1
3543640,"女性",32,"1〜2人世帯","既婚","カード","ない",0,274,1,"大学院",11,13,0
3546606,"男性",50,"3〜4人世帯","既婚","カード","ない",148,524,30,"4年制大学",5,9,0
3548985,"男性",45,"3〜4人世帯","既婚","カード","ない",268,644,4,"4年制大学",9,12,0
3553737,"男性",50,"3〜4人世帯","既婚","カード","ない",174,418,30,"4年制大学",7,11,0
3566239,"男性",32,"3〜4人世帯","既婚","カード","ない",217,521,1,"4年制大学",6,8,0
3566617,"女性",29,"1〜2人世帯","既婚","カード","ある",142,343,29,"4年制大学",6,4,0
3572326,"男性",28,"3〜4人世帯","既婚","カード","ある",112,269,28,"4年制大学",5,5,0
3576142,"男性",28,"3〜4人世帯","既婚","カード","ある",184,443,4,"4年制大学",3,9,0
3583367,"男性",28,"3〜4人世帯","既婚","カード","ない",271,302,1,"大学院",2,3,0
3587845,"男性",45,"3〜4人世帯","既婚","カード","ない",290,697,2,"専門学校",6,5,0
3588605,"男性",35,"3〜4人世帯","既婚","カード","ない",184,442,1,"4年制大学",3,4,0
3589316,"男性",31,"3〜4人世帯","既婚","カード","ない",53,466,5,"4年制大学",18,6,0
3593184,"女性",38,"1〜2人世帯","既婚","カード","ない",179,430,4,"大学院",4,5,0
3595907,"男性",39,"3〜4人世帯","既婚","カード","ない",202,485,4,"専門学校",6,4,0
3596827,"女性",28,"1〜2人世帯","既婚","カード","ない",176,424,2,"4年制大学",24,2,0
3597492,"男性",20,"5人以上世帯","未婚","カード","ある",122,294,20,"大学院",3,2,0
3601116,"男性",35,"3〜4人世帯","既婚","カード","ある",0,359,8,"4年制大学",11,9,0
3601998,"男性",29,"3〜4人世帯","既婚","カード","ない",0,554,2,"4年制大学",4,4,0
3603231,"男性",24,"3〜4人世帯","既婚","現金","ある",0,475,0,"4年制大学",1,1,1
3609410,"男性",19,"5人以上世帯","未婚","カード","ない",1747,235,2,"4年制大学",5,1,0
3611197,"女性",33,"1〜2人世帯","既婚","カード","ない",0,380,5,"4年制大学",9,8,0
3618940,"男性",25,"3〜4人世帯","既婚","カード","ある",230,553,7,"4年制大学",2,7,0
3631586,"男性",23,"3〜4人世帯","既婚","カード","ない",308,329,8,"4年制大学",0,3,0
3634047,"男性",27,"5人以上世帯","未婚","カード","ない",79,191,2,"大学院",6,3,1
3635506,"男性",50,"3〜4人世帯","既婚","現金","ある",356,491,0,"4年制大学",8,9,1
3637979,"女性",20,"1〜2人世帯","既婚","カード","ない",194,466,5,"4年制大学",7,0,0
3639930,"男性",31,"3〜4人世帯","既婚","カード","ない",171,412,2,"4年制大学",1,7,0
3643436,"男性",20,"5人以上世帯","未婚","カード","ある",102,245,3,"大学院",8,2,0
3643812,"男性",25,"3〜4人世帯","既婚","現金","ない",193,465,0,"4年制大学",4,5,1
3644208,"女性",19,"1〜2人世帯","既婚","カード","ない",89,215,3,"大学院",12,0,1
3644687,"男性",21,"5人以上世帯","未婚","カード","ある",418,528,3,"専門学校",8,2,0
3645172,"男性",21,"5人以上世帯","未婚","カード","ない",112,269,3,"大学院",12,0,1
3648827,"男性",50,"3〜4人世帯","既婚","カード","ない",0,643,2,"専門学校",5,6,0
3658780,"男性",24,"3〜4人世帯","既婚","カード","ない",159,383,3,"4年制大学",4,3,0
3676726,"男性",41,"3〜4人世帯","既婚","カード","ない",254,610,1,"専門学校",3,7,0
3694744,"男性",34,"3〜4人世帯","既婚","カード","ない",168,405,4,"4年制大学",14,9,0
3700983,"男性",18,"5人以上世帯","未婚","カード","ない",75,180,2,"大学院",12,2,1
3713600,"男性",32,"3〜4人世帯","既婚","カード","ある",194,467,32,"4年制大学",7,5,0
3718171,"男性",43,"3〜4人世帯","既婚","カード","ある",776,518,2,"4年制大学",3,6,0
3722569,"男性",36,"3〜4人世帯","既婚","カード","ない",610,397,3,"4年制大学",6,14,0
3747768,"男性",55,"3〜4人世帯","既婚","カード","ない",0,749,1,"専門学校",0,8,0
3750709,"男性",35,"3〜4人世帯","既婚","カード","ある",371,568,7,"専門学校",10,7,0
3758548,"男性",45,"5人以上世帯","未婚","カード","ない",0,317,3,"4年制大学",5,7,0
3776226,"男性",28,"3〜4人世帯","既婚","カード","ない",0,211,1,"大学院",7,3,1
3779452,"男性",27,"3〜4人世帯","既婚","カード","ない",178,429,1,"4年制大学",9,6,0
3785301,"女性",24,"1〜2人世帯","既婚","カード","ある",0,264,24,"大学院",7,6,0
3787479,"男性",53,"3〜4人世帯","既婚","カード","ない",160,384,3,"4年制大学",13,9,0
3794611,"男性",68,"3〜4人世帯","既婚","カード","ある",328,789,4,"専門学校",10,11,0
3798158,"男性",65,"3〜4人世帯","既婚","カード","ない",380,912,1,"高校",1,11,0
3799718,"男性",32,"3〜4人世帯","既婚","カード","ない",217,521,1,"4年制大学",6,8,0
3805190,"女性",29,"1〜2人世帯","既婚","カード","ある",142,343,29,"4年制大学",6,4,0
3809895,"男性",41,"3〜4人世帯","既婚","カード","ない",254,610,1,"専門学校",3,7,0
3820732,"男性",27,"3〜4人世帯","既婚","カード","ある",145,349,5,"4年制大学",3,3,0
3830065,"男性",23,"3〜4人世帯","既婚","現金","ない",0,403,0,"4年制大学",10,4,1
3835863,"男性",29,"3〜4人世帯","既婚","カード","ない",151,194,1,"大学院",9,6,1
3836772,"男性",50,"3〜4人世帯","既婚","カード","ない",189,454,5,"専門学校",6,10,0
3847521,"男性",68,"3〜4人世帯","既婚","カード","ある",328,789,4,"専門学校",10,11,0
3851468,"男性",24,"3〜4人世帯","既婚","カード","ない",450,337,2,"大学院",14,0,0
3852546,"男性",34,"3〜4人世帯","既婚","カード","ない",168,405,4,"4年制大学",14,9,0
3853079,"男性",48,"3〜4人世帯","既婚","カード","ない",1120,888,3,"高校",5,12,0
3866959,"男性",44,"3〜4人世帯","既婚","カード","ある",0,651,6,"専門学校",3,7,0
3872221,"女性",18,"1〜2人世帯","既婚","カード","ない",127,307,3,"大学院",5,2,0
3886581,"男性",27,"3〜4人世帯","既婚","現金","ある",0,396,0,"4年制大学",5,3,1
3894333,"男性",29,"3〜4人世帯","既婚","カード","ない",127,306,2,"4年制大学",4,9,0
3894823,"男性",22,"3〜4人世帯","既婚","カード","ある",166,399,6,"4年制大学",12,0,0
3939409,"男性",35,"3〜4人世帯","既婚","カード","ある",0,359,8,"4年制大学",11,9,0
3946574,"男性",39,"3〜4人世帯","既婚","カード","ない",153,368,2,"4年制大学",7,9,0
3949017,"男性",24,"3〜4人世帯","既婚","カード","ない",219,527,8,"4年制大学",2,3,0
3956964,"女性",22,"1〜2人世帯","既婚","カード","ない",701,483,3,"4年制大学",10,2,0
3985457,"男性",37,"3〜4人世帯","既婚","カード","ない",329,375,37,"専門学校",10,11,0
3986565,"女性",51,"1〜2人世帯","既婚","カード","ない",287,691,31,"専門学校",7,8,0
3990737,"女性",20,"1〜2人世帯","既婚","カード","ない",194,466,5,"4年制大学",7,0,0
4018022,"男性",59,"3〜4人世帯","既婚","カード","ない",234,562,5,"専門学校",3,14,0
4027406,"男性",36,"3〜4人世帯","既婚","カード","ない",0,633,3,"専門学校",8,3,0
4033838,"男性",44,"3〜4人世帯","既婚","カード","ある",271,651,44,"専門学校",3,6,0
4042060,"女性",23,"1〜2人世帯","既婚","カード","ない",86,208,3,"大学院",7,3,0
4046070,"男性",45,"3〜4人世帯","既婚","カード","ない",328,789,2,"専門学校",1,7,0
4050327,"男性",25,"3〜4人世帯","既婚","現金","ない",193,465,0,"4年制大学",4,5,1
4051817,"男性",25,"3〜4人世帯","既婚","現金","ない",967,421,0,"4年制大学",11,7,1
4055869,"男性",21,"5人以上世帯","未婚","カード","ない",1409,378,2,"4年制大学",5,1,0
4056212,"女性",32,"1〜2人世帯","既婚","カード","ない",170,409,5,"4年制大学",7,3,0
4062383,"男性",46,"5人以上世帯","未婚","カード","ある",213,513,26,"4年制大学",5,6,0
4063095,"男性",31,"3〜4人世帯","既婚","カード","ない",168,405,4,"4年制大学",10,1,0
4080909,"男性",27,"3〜4人世帯","既婚","現金","ある",0,396,0,"4年制大学",5,3,1
4083316,"女性",44,"1〜2人世帯","既婚","カード","ある",160,586,4,"専門学校",3,9,0
4099231,"男性",27,"5人以上世帯","未婚","現金","ない",175,422,0,"4年制大学",9,9,1
4099390,"女性",44,"1〜2人世帯","既婚","カード","ある",160,586,4,"専門学校",3,9,0
4120246,"女性",34,"1〜2人世帯","既婚","カード","ない",205,492,1,"4年制大学",16,4,0
4121872,"男性",26,"5人以上世帯","未婚","カード","ない",187,450,6,"4年制大学",7,5,0
4126904,"男性",43,"3〜4人世帯","既婚","カード","ある",776,518,2,"4年制大学",3,6,0
4133383,"男性",36,"5人以上世帯","未婚","カード","ない",155,374,2,"4年制大学",6,7,0
4148768,"女性",23,"1〜2人世帯","既婚","カード","ない",0,550,7,"4年制大学",6,4,0
4150899,"男性",36,"3〜4人世帯","既婚","カード","ない",187,451,4,"4年制大学",11,4,0
4176131,"男性",53,"3〜4人世帯","既婚","カード","ある",285,684,5,"専門学校",2,10,0
4176826,"男性",44,"3〜4人世帯","既婚","カード","ない",165,396,2,"専門学校",0,13,0
4178646,"男性",27,"3〜4人世帯","既婚","カード","ある",203,488,27,"専門学校",8,4,0
4182366,"男性",28,"3〜4人世帯","既婚","カード","ない",122,294,4,"4年制大学",3,2,0
4188628,"男性",41,"3〜4人世帯","既婚","カード","ない",194,467,1,"4年制大学",4,5,0
4195860,"男性",18,"5人以上世帯","未婚","カード","ない",217,523,4,"4年制大学",6,2,0
4196418,"男性",21,"5人以上世帯","未婚","カード","ない",112,269,3,"大学院",12,0,1
4200992,"男性",59,"3〜4人世帯","既婚","現金","ない",365,877,6,"高校",7,6,0
4202480,"男性",20,"5人以上世帯","未婚","カード","ない",186,447,5,"4年制大学",5,0,0
4230500,"男性",37,"3〜4人世帯","既婚","カード","ない",143,344,6,"4年制大学",15,3,0
4232724,"男性",41,"3〜4人世帯","既婚","カード","ない",179,430,4,"4年制大学",3,11,0
4235037,"男性",28,"3〜4人世帯","既婚","カード","ある",184,443,4,"4年制大学",3,9,0
4236322,"男性",32,"3〜4人世帯","既婚","カード","ある",194,467,32,"4年制大学",7,5,0
4237957,"男性",22,"5人以上世帯","未婚","カード","ない",1227,365,5,"4年制大学",15,1,0
4241926,"男性",36,"3〜4人世帯","既婚","現金","ない",170,408,0,"4年制大学",6,3,1
4260806,"男性",24,"3〜4人世帯","既婚","カード","ない",219,527,8,"4年制大学",2,3,0
4273006,"男性",20,"5人以上世帯","未婚","カード","ない",0,327,3,"4年制大学",6,0,0
4283436,"男性",53,"3〜4人世帯","既婚","カード","ある",285,684,5,"専門学校",2,10,0
4287099,"男性",23,"3〜4人世帯","既婚","現金","ない",0,403,0,"4年制大学",10,4,1
4291953,"男性",50,"3〜4人世帯","既婚","カード","ない",148,524,30,"4年制大学",5,9,0
4300877,"男性",29,"3〜4人世帯","既婚","カード","ない",140,336,29,"4年制大学",10,7,0
4302048,"男性",25,"5人以上世帯","未婚","カード","ある",524,199,22,"大学院",0,4,1
4311542,"男性",20,"5人以上世帯","未婚","カード","ない",851,222,1,"大学院",4,0,1
4314080,"男性",26,"3〜4人世帯","既婚","カード","ない",163,393,3,"4年制大学",5,0,0
4333909,"女性",19,"1〜2人世帯","既婚","カード","ある",166,399,5,"4年制大学",12,0,0
4339461,"男性",42,"3〜4人世帯","既婚","カード","ある",186,447,6,"4年制大学",7,4,0
4348650,"男性",26,"3〜4人世帯","既婚","カード","ある",111,268,26,"大学院",4,0,0
4357046,"男性",27,"3〜4人世帯","既婚","カード","ある",431,400,5,"4年制大学",3,6,0
4370832,"男性",29,"3〜4人世帯","既婚","カード","ない",228,549,6,"専門学校",6,11,0
4373130,"男性",24,"3〜4人世帯","既婚","カード","ない",108,261,1,"大学院",3,1,0
4379806,"男性",36,"3〜4人世帯","既婚","現金","ある",155,373,0,"4年制大学",5,6,1
4390330,"女性",28,"1〜2人世帯","既婚","カード","ない",68,164,25,"大学院",6,4,1
4390797,"男性",40,"5人以上世帯","未婚","カード","ない",1346,471,1,"4年制大学",13,16,0
4399326,"男性",32,"3〜4人世帯","既婚","カード","ある",285,481,3,"4年制大学",4,6,0
4408621,"男性",58,"3〜4人世帯","既婚","カード","ある",369,887,5,"高校",7,9,0
4420422,"男性",25,"3〜4人世帯","既婚","カード","ない",159,383,2,"4年制大学",2,4,0
4425921,"女性",22,"1〜2人世帯","既婚","カード","ない",701,483,3,"4年制大学",10,2,0
4443798,"男性",45,"3〜4人世帯","既婚","カード","ある",595,505,6,"4年制大学",17,5,0
4445330,"男性",24,"5人以上世帯","未婚","カード","ない",240,576,24,"専門学校",2,2,0
4448413,"男性",27,"5人以上世帯","未婚","カード","ない",82,198,1,"大学院",9,8,1
4453385,"男性",27,"3〜4人世帯","既婚","カード","ない",1044,435,3,"4年制大学",2,0,0
4454268,"男性",38,"3〜4人世帯","既婚","現金","ない",150,362,2,"4年制大学",2,5,0
4464148,"男性",46,"3〜4人世帯","既婚","カード","ない",0,599,3,"専門学校",1,16,0
4478525,"男性",36,"5人以上世帯","未婚","カード","ない",155,374,2,"4年制大学",6,7,0
4480696,"女性",28,"1〜2人世帯","既婚","カード","ない",282,679,7,"専門学校",11,4,0
4480808,"男性",34,"3〜4人世帯","既婚","カード","ない",165,397,3,"4年制大学",4,11,0
4483050,"男性",39,"3〜4人世帯","既婚","カード","ない",1205,437,2,"4年制大学",17,5,0
4490808,"男性",45,"3〜4人世帯","既婚","カード","ない",290,697,2,"専門学校",6,5,0
4499810,"男性",34,"3〜4人世帯","既婚","カード","ない",188,453,2,"4年制大学",7,11,0
4508447,"女性",37,"1〜2人世帯","既婚","カード","ある",0,618,5,"4年制大学",3,6,0
4533439,"男性",35,"3〜4人世帯","既婚","カード","ない",0,402,35,"4年制大学",12,8,0
4552557,"男性",42,"3〜4人世帯","既婚","カード","ある",277,665,3,"4年制大学",5,5,0
4553250,"男性",43,"5人以上世帯","未婚","現金","ある",162,444,43,"4年制大学",4,10,0
4561909,"女性",25,"1〜2人世帯","既婚","カード","ある",0,413,25,"4年制大学",3,1,0
4565265,"男性",47,"3〜4人世帯","既婚","カード","ない",168,405,3,"4年制大学",12,9,0
4566167,"男性",21,"5人以上世帯","未婚","カード","ない",173,417,7,"4年制大学",15,1,0
4570416,"男性",55,"3〜4人世帯","既婚","カード","ない",0,749,1,"専門学校",0,8,0
4571774,"女性",18,"1〜2人世帯","既婚","カード","ない",118,284,2,"大学院",1,0,0
4580502,"男性",45,"3〜4人世帯","既婚","カード","ある",0,697,3,"専門学校",0,13,0
4589966,"男性",45,"3〜4人世帯","既婚","カード","ある",0,697,3,"専門学校",0,13,0
4595570,"男性",32,"3〜4人世帯","既婚","カード","ある",179,473,4,"4年制大学",4,5,0
4610704,"女性",32,"1〜2人世帯","既婚","カード","ない",170,409,5,"4年制大学",7,3,0
4610877,"男性",35,"3〜4人世帯","既婚","カード","ない",614,455,1,"専門学校",2,8,0
4622113,"男性",28,"3〜4人世帯","既婚","カード","ある",184,443,4,"4年制大学",3,9,0
4625639,"男性",23,"3〜4人世帯","既婚","カード","ない",168,404,23,"4年制大学",10,0,0
4630062,"男性",28,"3〜4人世帯","既婚","カード","ない",147,353,2,"4年制大学",5,5,0
4630235,"男性",20,"5人以上世帯","未婚","カード","ある",176,424,20,"4年制大学",3,1,0
4630970,"男性",32,"3〜4人世帯","既婚","カード","ある",170,410,32,"4年制大学",8,7,0
4637413,"男性",20,"5人以上世帯","未婚","カード","ない",176,423,5,"高校",19,0,0
4643249,"男性",20,"5人以上世帯","未婚","カード","ない",141,340,3,"4年制大学",4,0,0
4648890,"男性",21,"5人以上世帯","未婚","カード","ない",173,417,7,"4年制大学",15,1,0
4651015,"男性",55,"3〜4人世帯","既婚","カード","ない",995,923,3,"高校",1,7,0
4664887,"男性",38,"5人以上世帯","未婚","カード","ない",0,650,38,"専門学校",5,6,0
4696764,"男性",36,"3〜4人世帯","既婚","カード","ない",275,660,7,"専門学校",12,11,0
4697927,"男性",42,"3〜4人世帯","既婚","カード","ない",268,644,1,"専門学校",6,5,0
4701858,"男性",42,"3〜4人世帯","既婚","カード","ある",186,447,6,"4年制大学",7,4,0
4704509,"男性",28,"3〜4人世帯","既婚","カード","ない",122,294,4,"4年制大学",3,2,0
4713307,"女性",28,"1〜2人世帯","既婚","カード","ない",282,679,7,"専門学校",11,4,0
4714617,"男性",33,"3〜4人世帯","既婚","カード","ない",178,429,3,"4年制大学",10,6,0
4717251,"男性",23,"3〜4人世帯","既婚","カード","ない",684,180,3,"大学院",12,1,1
4718019,"男性",59,"3〜4人世帯","既婚","カード","ない",234,562,5,"専門学校",3,14,0
4719268,"女性",20,"1〜2人世帯","既婚","カード","ない",194,466,5,"4年制大学",7,0,0
4721189,"男性",36,"3〜4人世帯","既婚","カード","ない",0,633,3,"専門学校",8,3,0
4723003,"男性",46,"3〜4人世帯","既婚","カード","ない",181,436,2,"4年制大学",4,4,0
4729838,"女性",29,"1〜2人世帯","既婚","カード","ある",142,343,29,"4年制大学",6,4,0
4736162,"男性",24,"3〜4人世帯","既婚","カード","ある",0,442,5,"4年制大学",5,2,0
4738104,"男性",24,"3〜4人世帯","既婚","カード","ない",450,337,2,"大学院",14,0,0
4747023,"男性",29,"3〜4人世帯","既婚","カード","ない",493,388,29,"4年制大学",8,3,0
4747569,"女性",49,"1〜2人世帯","既婚","カード","ない",0,651,4,"4年制大学",12,10,0
4752611,"女性",38,"1〜2人世帯","既婚","カード","ある",270,650,38,"専門学校",7,6,0
4759978,"男性",55,"3〜4人世帯","既婚","カード","ない",0,749,1,"専門学校",0,8,0
4777731,"男性",26,"3〜4人世帯","既婚","カード","ある",111,268,26,"大学院",4,0,0
4788180,"男性",37,"3〜4人世帯","既婚","カード","ない",329,375,37,"専門学校",10,11,0
4788566,"男性",21,"5人以上世帯","未婚","カード","ない",703,421,4,"専門学校",1,0,0
4792973,"男性",41,"3〜4人世帯","既婚","カード","ある",336,807,41,"高校",10,10,0
4805953,"男性",32,"3〜4人世帯","既婚","現金","ない",167,401,0,"4年制大学",6,12,1
4806383,"男性",50,"3〜4人世帯","既婚","カード","ない",189,454,5,"専門学校",6,10,0
4808447,"男性",63,"3〜4人世帯","既婚","カード","ある",320,769,3,"専門学校",10,17,0
4810468,"男性",30,"3〜4人世帯","既婚","現金","ない",152,365,2,"4年制大学",4,6,0
4810663,"女性",18,"1〜2人世帯","既婚","カード","ある",0,409,6,"4年制大学",11,0,0
4813138,"女性",19,"1〜2人世帯","既婚","カード","ない",494,264,2,"大学院",6,0,0
4813553,"男性",34,"3〜4人世帯","既婚","カード","ない",165,397,3,"4年制大学",4,11,0
4826929,"男性",26,"3〜4人世帯","既婚","カード","ない",0,360,3,"4年制大学",10,7,0
4832026,"男性",28,"3〜4人世帯","既婚","カード","ある",0,498,28,"4年制大学",10,4,0
4839478,"男性",39,"3〜4人世帯","既婚","カード","ない",153,368,2,"4年制大学",7,9,0
4842573,"男性",25,"3〜4人世帯","既婚","現金","ない",193,465,0,"4年制大学",4,5,1
4842711,"男性",44,"3〜4人世帯","既婚","カード","ない",274,658,5,"専門学校",2,5,0
4843576,"男性",36,"3〜4人世帯","既婚","カード","ない",275,660,7,"専門学校",12,11,0
4843849,"男性",21,"5人以上世帯","未婚","カード","ない",703,421,4,"専門学校",1,0,0
4850046,"男性",36,"3〜4人世帯","既婚","カード","ある",165,397,7,"4年制大学",7,4,0
4850763,"男性",29,"3〜4人世帯","既婚","カード","ない",493,388,29,"4年制大学",8,3,0
4854207,"男性",26,"3〜4人世帯","既婚","カード","ない",0,360,3,"4年制大学",10,7,0
4865174,"男性",19,"5人以上世帯","未婚","現金","ない",70,169,2,"大学院",6,1,1
4876777,"女性",20,"1〜2人世帯","既婚","カード","ない",192,461,3,"4年制大学",5,1,0
4877526,"男性",27,"3〜4人世帯","既婚","カード","ない",178,429,1,"4年制大学",9,6,0
4878201,"男性",20,"5人以上世帯","未婚","カード","ある",102,245,3,"大学院",8,2,0
4878586,"女性",20,"1〜2人世帯","既婚","カード","ない",0,411,3,"4年制大学",0,2,0
4884772,"女性",34,"1〜2人世帯","既婚","カード","ある",182,437,3,"4年制大学",1,5,0
4902002,"男性",24,"3〜4人世帯","既婚","カード","ない",0,355,4,"4年制大学",8,4,0
4909979,"男性",31,"3〜4人世帯","既婚","カード","ない",171,412,2,"4年制大学",1,7,0
4922778,"男性",20,"5人以上世帯","未婚","カード","ない",0,393,5,"4年制大学",2,0,0
4928030,"男性",31,"3〜4人世帯","既婚","カード","ある",167,402,31,"4年制大学",10,6,0
4928054,"男性",24,"3〜4人世帯","既婚","カード","ない",219,527,8,"4年制大学",2,3,0
4944576,"男性",33,"3〜4人世帯","既婚","カード","ない",1121,405,3,"4年制大学",7,4,0
4956080,"男性",33,"3〜4人世帯","既婚","カード","ない",178,429,3,"4年制大学",10,6,0
4968296,"男性",23,"3〜4人世帯","既婚","カード","ない",0,358,2,"4年制大学",11,3,0
4970690,"男性",34,"3〜4人世帯","既婚","カード","ある",197,474,34,"4年制大学",15,10,0
4976183,"男性",22,"3〜4人世帯","既婚","カード","ある",166,399,6,"4年制大学",12,0,0
4982129,"女性",32,"1〜2人世帯","既婚","カード","ない",130,313,32,"4年制大学",2,6,0
4984212,"男性",20,"5人以上世帯","未婚","カード","ある",596,414,5,"4年制大学",13,1,0
4984571,"男性",42,"5人以上世帯","未婚","カード","ある",0,409,3,"4年制大学",8,4,1
4988010,"男性",23,"3〜4人世帯","既婚","カード","ない",1564,425,1,"専門学校",4,4,0
4989676,"女性",19,"1〜2人世帯","既婚","カード","ある",166,399,5,"4年制大学",12,0,0
4991983,"男性",68,"3〜4人世帯","既婚","カード","ある",328,789,4,"専門学校",10,11,0
5000522,"男性",44,"3〜4人世帯","既婚","現金","ない",347,834,2,"高校",8,10,0
5001633,"男性",19,"5人以上世帯","未婚","現金","ない",70,169,2,"大学院",6,1,1
5003173,"男性",42,"3〜4人世帯","既婚","現金","ない",212,510,0,"4年制大学",1,5,1
5004923,"男性",23,"3〜4人世帯","既婚","カード","ない",684,180,3,"大学院",12,1,1
5010960,"男性",32,"3〜4人世帯","既婚","カード","ない",208,500,2,"4年制大学",0,5,0
5020301,"男性",18,"3〜4人世帯","既婚","カード","ない",149,358,3,"4年制大学",2,2,0
5022584,"男性",30,"3〜4人世帯","既婚","現金","ない",95,230,3,"大学院",10,5,1
5034650,"男性",35,"3〜4人世帯","既婚","カード","ない",614,455,1,"専門学校",2,8,0
5035719,"女性",25,"1〜2人世帯","既婚","カード","ない",0,425,3,"4年制大学",10,6,0
5047980,"男性",21,"5人以上世帯","未婚","カード","ない",703,421,4,"専門学校",1,0,0
5063002,"女性",28,"1〜2人世帯","既婚","カード","ない",595,254,3,"大学院",2,7,0
5079252,"男性",43,"3〜4人世帯","既婚","カード","ある",776,518,2,"4年制大学",3,6,0
5087680,"女性",19,"1〜2人世帯","既婚","カード","ない",0,380,6,"4年制大学",5,1,0
5091093,"男性",28,"3〜4人世帯","既婚","カード","ある",0,498,28,"4年制大学",10,4,0
5100167,"男性",21,"5人以上世帯","未婚","カード","ない",162,390,4,"4年制大学",10,0,0
5104377,"男性",59,"3〜4人世帯","既婚","カード","ない",234,562,5,"専門学校",3,14,0
5110058,"男性",18,"5人以上世帯","未婚","カード","ない",210,506,2,"専門学校",6,2,0
5113701,"女性",20,"1〜2人世帯","既婚","カード","ない",192,461,3,"4年制大学",5,1,0
5119129,"男性",27,"3〜4人世帯","既婚","カード","ある",145,349,3,"4年制大学",2,4,0
5121950,"女性",19,"1〜2人世帯","既婚","カード","ない",89,215,3,"大学院",12,0,1
5122832,"女性",18,"1〜2人世帯","既婚","カード","ある",0,409,6,"4年制大学",11,0,0
5124945,"男性",24,"3〜4人世帯","既婚","カード","ない",72,174,2,"大学院",6,2,1
5127005,"男性",19,"5人以上世帯","未婚","現金","ない",0,166,1,"大学院",7,0,1
5132969,"男性",21,"5人以上世帯","未婚","カード","ある",418,528,3,"専門学校",8,2,0
5133121,"女性",38,"1〜2人世帯","既婚","カード","ない",179,430,4,"大学院",4,5,0
5157061,"男性",26,"3〜4人世帯","既婚","カード","ある",260,626,5,"専門学校",7,0,0
5159555,"男性",27,"3〜4人世帯","既婚","カード","ある",431,400,5,"4年制大学",3,6,0
5163811,"男性",19,"5人以上世帯","未婚","現金","ない",70,169,2,"大学院",6,1,1
5172505,"男性",28,"5人以上世帯","未婚","カード","ある",0,211,25,"大学院",3,2,1
5173328,"男性",29,"3〜4人世帯","既婚","カード","ない",228,549,6,"専門学校",6,11,0
5177670,"男性",18,"5人以上世帯","未婚","カード","ない",367,161,1,"大学院",11,2,1
5186294,"男性",28,"3〜4人世帯","既婚","カード","ない",271,302,1,"大学院",2,3,0
5188421,"女性",28,"1〜2人世帯","既婚","カード","ない",68,164,25,"大学院",6,4,1
5192532,"男性",38,"3〜4人世帯","既婚","現金","ない",150,362,2,"4年制大学",2,5,0
5206045,"女性",23,"1〜2人世帯","既婚","カード","ない",70,147,1,"大学院",7,4,1
5223693,"男性",22,"3〜4人世帯","既婚","カード","ある",134,323,8,"4年制大学",9,3,0
5224134,"女性",37,"1〜2人世帯","既婚","カード","ある",0,618,5,"4年制大学",3,6,0
5225949,"男性",35,"3〜4人世帯","既婚","カード","ある",202,485,7,"4年制大学",10,10,0
5227324,"男性",24,"5人以上世帯","未婚","カード","ない",112,269,2,"大学院",3,0,0
5232200,"男性",65,"3〜4人世帯","既婚","カード","ない",380,912,1,"高校",1,11,0
5248305,"男性",24,"3〜4人世帯","既婚","カード","ない",114,274,3,"大学院",5,0,0
5249031,"女性",18,"1〜2人世帯","既婚","カード","ない",118,284,2,"大学院",1,0,0
5250390,"男性",36,"3〜4人世帯","既婚","カード","ない",610,397,3,"4年制大学",6,14,0
5251010,"男性",19,"5人以上世帯","未婚","現金","ない",0,375,0,"4年制大学",14,0,1
5253339,"男性",42,"3〜4人世帯","既婚","カード","ない",1341,427,6,"4年制大学",1,12,0
5267468,"男性",35,"3〜4人世帯","既婚","カード","ない",0,402,35,"4年制大学",12,8,0
5287215,"女性",31,"1〜2人世帯","既婚","カード","ない",173,417,3,"4年制大学",4,7,0
5298531,"男性",22,"5人以上世帯","未婚","カード","ない",102,451,3,"4年制大学",5,3,0
5315563,"男性",24,"3〜4人世帯","既婚","カード","ない",0,355,4,"4年制大学",8,4,0
5315580,"男性",27,"3〜4人世帯","既婚","カード","ない",247,593,2,"専門学校",5,5,0
5326028,"男性",44,"3〜4人世帯","既婚","カード","ある",271,651,44,"専門学校",3,6,0
5327601,"男性",31,"3〜4人世帯","既婚","カード","ある",167,402,31,"4年制大学",10,6,0
5331605,"男性",26,"3〜4人世帯","既婚","カード","ある",111,268,26,"大学院",4,0,0
5335124,"男性",21,"5人以上世帯","未婚","カード","ない",146,352,1,"専門学校",7,2,0
5335522,"女性",27,"1〜2人世帯","既婚","カード","ない",835,569,1,"4年制大学",6,8,0
5344884,"女性",32,"1〜2人世帯","既婚","カード","ない",0,274,1,"大学院",11,13,0
5346865,"男性",29,"3〜4人世帯","既婚","カード","ない",0,377,7,"4年制大学",1,4,0
5353917,"男性",26,"5人以上世帯","未婚","カード","ある",295,321,26,"4年制大学",7,4,0
5360356,"男性",28,"3〜4人世帯","既婚","カード","ない",271,302,1,"大学院",2,3,0
5371705,"男性",29,"3〜4人世帯","既婚","カード","ない",122,295,1,"4年制大学",4,3,0
5373350,"男性",45,"3〜4人世帯","既婚","カード","ない",328,789,2,"専門学校",1,7,0
5377218,"男性",44,"5人以上世帯","未婚","カード","ない",279,670,2,"専門学校",2,7,0
5415960,"男性",38,"5人以上世帯","未婚","カード","ない",263,633,2,"専門学校",3,4,0
5416966,"男性",50,"3〜4人世帯","既婚","現金","ある",356,491,0,"4年制大学",8,9,1
5421000,"男性",30,"5人以上世帯","未婚","カード","ない",163,392,1,"4年制大学",6,7,0
5428273,"男性",33,"3〜4人世帯","既婚","現金","ない",205,494,0,"4年制大学",13,1,1
5441254,"男性",35,"3〜4人世帯","既婚","カード","ない",190,456,2,"4年制大学",3,3,0
5444601,"男性",43,"3〜4人世帯","既婚","カード","ない",178,429,6,"4年制大学",12,9,1
5444976,"男性",48,"3〜4人世帯","既婚","カード","ない",1120,888,3,"高校",5,12,0
5445469,"女性",22,"1〜2人世帯","既婚","カード","ない",701,483,3,"4年制大学",10,2,0
5449952,"女性",28,"1〜2人世帯","既婚","カード","ない",176,424,2,"4年制大学",24,2,0
5451315,"男性",34,"3〜4人世帯","既婚","カード","ない",246,591,1,"専門学校",4,6,0
5466466,"男性",31,"3〜4人世帯","既婚","カード","ない",177,425,5,"4年制大学",1,9,0
5467281,"女性",32,"1〜2人世帯","既婚","カード","ない",170,409,5,"4年制大学",7,3,0
5485867,"男性",21,"5人以上世帯","未婚","カード","ある",418,528,3,"専門学校",8,2,0
5491795,"男性",20,"5人以上世帯","未婚","カード","ある",596,414,5,"4年制大学",13,1,0
5505886,"男性",30,"3〜4人世帯","既婚","カード","ある",0,392,30,"4年制大学",4,9,0
5511872,"男性",26,"5人以上世帯","未婚","カード","ない",187,450,6,"4年制大学",7,5,0
5514047,"男性",28,"3〜4人世帯","既婚","カード","ない",122,294,4,"4年制大学",3,2,0
5516930,"男性",20,"5人以上世帯","未婚","カード","ない",186,447,5,"4年制大学",5,0,0
5525391,"男性",47,"3〜4人世帯","既婚","カード","ない",197,473,27,"専門学校",5,5,0
5525825,"男性",27,"3〜4人世帯","既婚","カード","ない",1044,435,3,"4年制大学",2,0,0
5530619,"男性",41,"3〜4人世帯","既婚","カード","ない",1118,454,1,"4年制大学",7,5,0
5539245,"男性",19,"5人以上世帯","未婚","現金","ない",0,375,0,"4年制大学",14,0,1
5540551,"男性",27,"3〜4人世帯","既婚","カード","ある",0,399,27,"4年制大学",3,7,0
5540879,"男性",24,"3〜4人世帯","既婚","カード","ない",450,337,2,"大学院",14,0,0
5541734,"男性",41,"3〜4人世帯","既婚","カード","ない",210,506,4,"専門学校",0,11,0
5555204,"女性",49,"1〜2人世帯","既婚","カード","ない",0,651,4,"4年制大学",12,10,0
5556082,"男性",35,"3〜4人世帯","既婚","カード","ない",155,372,35,"4年制大学",2,3,0
5565569,"男性",30,"3〜4人世帯","既婚","カード","ある",0,392,30,"4年制大学",4,9,0
5570066,"男性",28,"3〜4人世帯","既婚","カード","ない",142,343,3,"4年制大学",2,5,0
5578813,"男性",33,"3〜4人世帯","既婚","カード","ない",1121,405,3,"4年制大学",7,4,0
5583465,"男性",27,"3〜4人世帯","既婚","現金","ある",0,396,0,"4年制大学",5,3,1
5591211,"男性",44,"3〜4人世帯","既婚","現金","ない",347,834,2,"高校",8,10,0
5593445,"男性",49,"3〜4人世帯","既婚","カード","ない",1084,469,1,"4年制大学",6,4,0
5594649,"男性",46,"3〜4人世帯","既婚","カード","ない",181,436,2,"4年制大学",4,4,0
5595322,"男性",24,"3〜4人世帯","既婚","カード","ない",114,274,3,"大学院",5,0,0
5598892,"男性",30,"3〜4人世帯","既婚","現金","ない",95,230,3,"大学院",10,5,1
5602755,"男性",24,"3〜4人世帯","既婚","カード","ない",130,312,24,"4年制大学",1,4,0
5605767,"男性",39,"3〜4人世帯","既婚","カード","ない",485,481,1,"4年制大学",11,4,0
5607417,"男性",44,"3〜4人世帯","既婚","カード","ない",165,396,2,"専門学校",0,13,0
5607807,"男性",26,"3〜4人世帯","既婚","カード","ない",163,393,3,"4年制大学",5,0,0
5609484,"男性",36,"3〜4人世帯","既婚","現金","ある",0,472,0,"4年制大学",10,4,1
5615222,"男性",31,"3〜4人世帯","既婚","カード","ない",53,466,5,"4年制大学",18,6,0
5616038,"男性",42,"3〜4人世帯","既婚","カード","ない",826,617,2,"専門学校",4,5,0
5617487,"男性",23,"3〜4人世帯","既婚","カード","ない",308,329,8,"4年制大学",0,3,0
5619230,"男性",26,"5人以上世帯","未婚","カード","ない",187,450,6,"4年制大学",7,5,0
5630760,"男性",33,"3〜4人世帯","既婚","カード","ある",227,546,6,"4年制大学",9,4,0
5635677,"女性",27,"1〜2人世帯","既婚","カード","ない",925,442,2,"4年制大学",3,7,0
5638571,"男性",35,"3〜4人世帯","既婚","カード","ある",371,568,7,"専門学校",10,7,0
5648983,"男性",30,"3〜4人世帯","既婚","カード","ある",0,392,30,"4年制大学",4,9,0
5658748,"男性",55,"3〜4人世帯","既婚","カード","ない",0,749,1,"専門学校",0,8,0
5663200,"男性",22,"5人以上世帯","未婚","カード","ない",1227,365,5,"4年制大学",15,1,0
5682490,"男性",42,"3〜4人世帯","既婚","カード","ある",0,515,5,"4年制大学",16,13,0
5683068,"男性",22,"5人以上世帯","未婚","カード","ない",98,237,2,"大学院",1,2,0
5686888,"男性",46,"3〜4人世帯","既婚","カード","ない",0,599,3,"専門学校",1,16,0
5694812,"男性",23,"3〜4人世帯","既婚","カード","ない",1564,425,1,"専門学校",4,4,0
5695009,"男性",21,"5人以上世帯","未婚","カード","ない",146,352,1,"専門学校",7,2,0
5696696,"男性",27,"3〜4人世帯","既婚","カード","ある",203,488,27,"専門学校",8,4,0
5699796,"男性",18,"3〜4人世帯","既婚","カード","ない",543,222,3,"大学院",11,2,0
5703318,"男性",24,"5人以上世帯","未婚","カード","ない",112,269,2,"大学院",3,0,0
5710219,"男性",29,"5人以上世帯","未婚","カード","ない",184,443,4,"4年制大学",12,3,0
5714420,"男性",32,"3〜4人世帯","既婚","カード","ある",285,481,3,"4年制大学",4,6,0
5733915,"男性",45,"3〜4人世帯","既婚","カード","ある",595,505,6,"4年制大学",17,5,0
5734040,"女性",34,"1〜2人世帯","既婚","カード","ある",182,437,3,"4年制大学",1,5,0
5734716,"女性",32,"1〜2人世帯","既婚","カード","ない",0,274,1,"大学院",11,13,0
5735744,"男性",43,"3〜4人世帯","既婚","現金","ない",0,643,7,"4年制大学",1,13,0
5742692,"男性",32,"3〜4人世帯","既婚","カード","ない",208,500,2,"4年制大学",0,5,0
5749171,"女性",29,"1〜2人世帯","既婚","カード","ない",170,408,1,"大学院",1,2,0
5763834,"女性",31,"1〜2人世帯","既婚","カード","ない",173,417,3,"4年制大学",4,7,0
5765407,"男性",18,"3〜4人世帯","既婚","カード","ない",149,358,3,"4年制大学",2,2,0
5773160,"男性",42,"3〜4人世帯","既婚","カード","ない",1440,587,1,"専門学校",4,17,0
5777871,"女性",38,"1〜2人世帯","既婚","カード","ある",270,650,38,"専門学校",7,6,0
5788108,"男性",34,"3〜4人世帯","既婚","現金","ない",0,660,0,"4年制大学",7,9,1
5793973,"女性",19,"1〜2人世帯","既婚","カード","ない",0,380,6,"4年制大学",5,1,0
5799457,"女性",27,"1〜2人世帯","既婚","カード","ある",119,287,3,"大学院",8,5,0
5803075,"男性",18,"5人以上世帯","未婚","カード","ない",210,506,2,"専門学校",6,2,0
5806590,"男性",37,"3〜4人世帯","既婚","カード","ある",566,441,1,"専門学校",3,8,0
5807042,"男性",46,"5人以上世帯","未婚","カード","ある",213,513,26,"4年制大学",5,6,0
5807556,"男性",51,"3〜4人世帯","既婚","カード","ない",240,578,2,"4年制大学",14,13,0
5827888,"男性",51,"3〜4人世帯","既婚","カード","ない",240,578,2,"4年制大学",14,13,0
5832301,"男性",27,"5人以上世帯","未婚","カード","ない",79,191,2,"大学院",6,3,1
5840302,"女性",18,"1〜2人世帯","既婚","カード","ある",0,409,6,"4年制大学",11,0,0
5843242,"男性",33,"3〜4人世帯","既婚","現金","ある",176,423,0,"4年制大学",7,8,1
5849711,"男性",21,"5人以上世帯","未婚","カード","ある",348,338,6,"4年制大学",4,0,0
5851787,"男性",28,"3〜4人世帯","既婚","カード","ない",598,234,2,"大学院",5,3,0
5854040,"男性",37,"3〜4人世帯","既婚","カード","ある",262,679,8,"専門学校",22,7,0
5856894,"男性",40,"5人以上世帯","未婚","カード","ない",1346,471,1,"4年制大学",13,16,0
5870034,"女性",27,"1〜2人世帯","既婚","カード","ある",119,287,3,"大学院",8,5,0
5878957,"女性",33,"1〜2人世帯","既婚","カード","ある",0,318,33,"4年制大学",2,4,0
5883918,"女性",30,"1〜2人世帯","既婚","カード","ない",112,271,2,"4年制大学",18,10,0
5896570,"男性",35,"3〜4人世帯","既婚","カード","ない",0,588,1,"専門学校",6,5,0
5897597,"女性",24,"1〜2人世帯","既婚","カード","ある",0,264,24,"大学院",7,6,0
5905631,"男性",28,"5人以上世帯","未婚","カード","ある",0,211,25,"大学院",3,2,1
5909378,"女性",33,"1〜2人世帯","既婚","カード","ある",0,447,4,"4年制大学",3,10,0
5910424,"男性",33,"3〜4人世帯","既婚","現金","ある",176,423,0,"4年制大学",7,8,1
5923598,"男性",30,"3〜4人世帯","既婚","カード","ある",0,392,30,"4年制大学",4,9,0
5927717,"男性",50,"3〜4人世帯","既婚","カード","ない",278,668,2,"専門学校",6,9,0
5934343,"男性",30,"5人以上世帯","未婚","カード","ない",163,392,1,"4年制大学",6,7,0
5937655,"女性",19,"1〜2人世帯","既婚","カード","ない",299,387,3,"4年制大学",1,1,0
5955326,"男性",21,"5人以上世帯","未婚","カード","ない",173,417,7,"4年制大学",15,1,0
5955376,"男性",33,"3〜4人世帯","既婚","カード","ない",178,429,3,"4年制大学",10,6,0
5957783,"男性",20,"5人以上世帯","未婚","カード","ある",596,414,5,"4年制大学",13,1,0
5966091,"男性",19,"5人以上世帯","未婚","現金","ない",0,166,1,"大学院",7,0,1
5968769,"女性",24,"1〜2人世帯","既婚","カード","ない",396,386,2,"4年制大学",16,3,1
5968982,"男性",18,"5人以上世帯","未婚","カード","ない",210,506,2,"専門学校",6,2,0
5969585,"男性",48,"3〜4人世帯","既婚","カード","ない",1120,888,3,"高校",5,12,0
5970109,"男性",46,"3〜4人世帯","既婚","カード","ない",0,599,3,"専門学校",1,16,0
5970422,"男性",45,"3〜4人世帯","既婚","カード","ない",268,644,4,"4年制大学",9,12,0
5987646,"男性",42,"3〜4人世帯","既婚","カード","ある",0,515,5,"4年制大学",16,13,0
5992346,"男性",33,"3〜4人世帯","既婚","カード","ない",0,337,3,"4年制大学",3,11,0
6004326,"男性",24,"5人以上世帯","未婚","カード","ない",240,576,24,"専門学校",2,2,0
6017327,"男性",50,"3〜4人世帯","既婚","カード","ない",148,524,30,"4年制大学",5,9,0
6021452,"男性",20,"3〜4人世帯","既婚","カード","ある",236,568,9,"4年制大学",7,0,0
6029924,"男性",29,"5人以上世帯","未婚","カード","ない",121,292,1,"4年制大学",18,5,0
6042324,"男性",30,"3〜4人世帯","既婚","カード","ある",0,392,30,"4年制大学",4,9,0
6051170,"男性",20,"5人以上世帯","未婚","現金","ない",224,538,0,"4年制大学",24,0,1
6054964,"男性",22,"5人以上世帯","未婚","カード","ある",0,138,19,"大学院",7,3,1
6062760,"男性",20,"5人以上世帯","未婚","カード","ない",141,340,3,"4年制大学",4,0,0
6063484,"男性",24,"3〜4人世帯","既婚","カード","ない",130,312,24,"4年制大学",1,4,0
6073528,"男性",18,"3〜4人世帯","既婚","カード","ある",155,372,3,"4年制大学",1,0,0
6076861,"男性",27,"3〜4人世帯","既婚","カード","ある",145,349,3,"4年制大学",2,4,0
6077693,"男性",35,"3〜4人世帯","既婚","カード","ある",371,568,7,"専門学校",10,7,0
6081244,"男性",33,"3〜4人世帯","既婚","カード","ある",227,546,6,"4年制大学",9,4,0
6082565,"女性",28,"1〜2人世帯","既婚","カード","ない",282,679,7,"専門学校",11,4,0
6089164,"女性",28,"1〜2人世帯","既婚","カード","ない",176,424,2,"4年制大学",24,2,0
6095909,"男性",46,"3〜4人世帯","既婚","カード","ない",0,599,3,"専門学校",1,16,0
6097012,"男性",34,"3〜4人世帯","既婚","現金","ある",366,476,0,"4年制大学",4,7,1
6106059,"男性",29,"3〜4人世帯","既婚","カード","ない",0,377,7,"4年制大学",1,4,0
6114147,"男性",26,"3〜4人世帯","既婚","現金","ある",177,426,0,"4年制大学",6,2,1
6128319,"男性",44,"3〜4人世帯","既婚","カード","ある",0,651,6,"専門学校",3,7,0
6131803,"男性",25,"3〜4人世帯","既婚","現金","ない",967,421,0,"4年制大学",11,7,1
6133565,"男性",30,"3〜4人世帯","既婚","カード","ない",1487,462,3,"4年制大学",12,3,0
6136274,"男性",35,"3〜4人世帯","既婚","カード","ない",184,442,1,"4年制大学",3,4,0
6141347,"女性",21,"1〜2人世帯","既婚","カード","ない",141,339,2,"4年制大学",4,3,0
6142378,"男性",26,"5人以上世帯","未婚","カード","ない",1335,541,1,"4年制大学",2,6,0
6145104,"男性",34,"3〜4人世帯","既婚","現金","ない",0,660,0,"4年制大学",7,9,1
6150471,"男性",24,"3〜4人世帯","既婚","カード","ない",108,261,1,"大学院",3,1,0
6155130,"男性",25,"5人以上世帯","未婚","カード","ない",175,420,1,"4年制大学",9,0,0
6156911,"男性",22,"5人以上世帯","未婚","カード","ない",98,237,2,"大学院",1,2,0
6163679,"男性",41,"3〜4人世帯","既婚","カード","ない",1118,454,1,"4年制大学",7,5,0
6167017,"男性",43,"3〜4人世帯","既婚","現金","ない",0,643,7,"4年制大学",1,13,0
6199505,"男性",36,"3〜4人世帯","既婚","現金","ある",155,373,0,"4年制大学",5,6,1
6214983,"男性",41,"3〜4人世帯","既婚","カード","ない",254,610,1,"専門学校",3,7,0
6220870,"女性",40,"1〜2人世帯","既婚","カード","ない",190,458,4,"4年制大学",16,5,0
6229730,"男性",29,"3〜4人世帯","既婚","カード","ない",127,306,2,"4年制大学",4,9,0
6230010,"男性",27,"5人以上世帯","未婚","カード","ない",681,277,2,"大学院",3,6,0
6230560,"男性",45,"3〜4人世帯","既婚","カード","ない",242,582,7,"専門学校",2,6,0
6236089,"男性",23,"3〜4人世帯","既婚","カード","ない",142,341,3,"4年制大学",3,2,0
6240912,"男性",20,"5人以上世帯","未婚","カード","ない",0,327,3,"4年制大学",6,0,0
6241558,"男性",44,"3〜4人世帯","既婚","カード","ない",274,658,5,"専門学校",2,5,0
6245779,"男性",41,"3〜4人世帯","既婚","カード","ある",336,807,41,"高校",10,10,0
6262952,"女性",20,"1〜2人世帯","既婚","カード","ない",192,461,3,"4年制大学",5,1,0
6270777,"男性",43,"3〜4人世帯","既婚","カード","ある",1085,498,7,"4年制大学",13,9,0
6278500,"男性",28,"3〜4人世帯","既婚","カード","ある",0,498,28,"4年制大学",10,4,0
6284106,"男性",35,"3〜4人世帯","既婚","カード","ない",0,588,1,"専門学校",6,5,0
6290233,"男性",26,"3〜4人世帯","既婚","カード","ない",0,360,3,"4年制大学",10,7,0
6290298,"男性",36,"3〜4人世帯","既婚","カード","ない",275,660,7,"専門学校",12,11,0
6294525,"男性",38,"3〜4人世帯","既婚","現金","ない",150,362,2,"4年制大学",2,5,0
6300218,"男性",26,"5人以上世帯","未婚","カード","ない",198,476,26,"4年制大学",9,6,0
6306217,"男性",21,"5人以上世帯","未婚","カード","ない",146,352,1,"専門学校",7,2,0
6308093,"男性",24,"3〜4人世帯","既婚","現金","ない",80,194,1,"大学院",14,2,1
6311636,"女性",30,"1〜2人世帯","既婚","カード","ない",112,271,2,"4年制大学",18,10,0
6316095,"男性",28,"5人以上世帯","未婚","現金","ある",205,492,0,"4年制大学",10,4,1
6320108,"男性",19,"5人以上世帯","未婚","現金","ない",76,184,5,"大学院",4,0,1
6333570,"男性",22,"5人以上世帯","未婚","カード","ある",0,138,19,"大学院",7,3,1
6340667,"男性",20,"5人以上世帯","未婚","現金","ない",110,264,0,"4年制大学",3,1,1
6352155,"男性",42,"3〜4人世帯","既婚","カード","ない",826,617,2,"専門学校",4,5,0
6353506,"男性",25,"5人以上世帯","未婚","カード","ない",175,420,1,"4年制大学",9,0,0
6354563,"男性",42,"3〜4人世帯","既婚","カード","ある",186,447,6,"4年制大学",7,4,0
6356230,"男性",23,"3〜4人世帯","既婚","カード","ある",162,391,7,"4年制大学",5,5,0
6358701,"男性",27,"3〜4人世帯","既婚","カード","ない",247,593,2,"専門学校",5,5,0
6364807,"男性",29,"3〜4人世帯","既婚","カード","ない",189,454,2,"4年制大学",12,3,0
6365670,"男性",28,"5人以上世帯","未婚","カード","ある",0,211,25,"大学院",3,2,1
6385406,"男性",28,"3〜4人世帯","既婚","カード","ない",196,471,3,"4年制大学",2,5,0
6388974,"男性",35,"3〜4人世帯","既婚","カード","ない",155,372,35,"4年制大学",2,3,0
6395333,"男性",35,"3〜4人世帯","既婚","現金","ある",230,553,0,"4年制大学",2,6,1
6399727,"男性",34,"3〜4人世帯","既婚","カード","ない",213,513,4,"4年制大学",10,10,0
6413265,"男性",26,"3〜4人世帯","既婚","カード","ない",130,314,26,"4年制大学",1,7,0
6418570,"男性",28,"3〜4人世帯","既婚","カード","ない",65,158,1,"大学院",12,5,1
6432161,"男性",42,"3〜4人世帯","既婚","カード","ない",1440,587,1,"専門学校",4,17,0
6439407,"男性",41,"3〜4人世帯","既婚","カード","ない",1118,454,1,"4年制大学",7,5,0
6445844,"男性",45,"3〜4人世帯","既婚","カード","ない",268,644,4,"4年制大学",9,12,0
6448515,"男性",24,"3〜4人世帯","既婚","現金","ない",80,194,1,"大学院",14,2,1
6450573,"男性",50,"3〜4人世帯","既婚","カード","ない",189,454,5,"専門学校",6,10,0
6470109,"男性",38,"5人以上世帯","未婚","カード","ない",263,633,2,"専門学校",3,4,0
6475525,"女性",44,"1〜2人世帯","既婚","カード","ある",160,586,4,"専門学校",3,9,0
6485324,"女性",44,"1〜2人世帯","既婚","カード","ある",160,586,4,"専門学校",3,9,0
6500569,"男性",31,"3〜4人世帯","既婚","カード","ない",168,405,4,"4年制大学",10,1,0
6503009,"男性",41,"3〜4人世帯","既婚","カード","ない",1118,454,1,"4年制大学",7,5,0
6523963,"女性",34,"1〜2人世帯","既婚","カード","ない",205,492,1,"4年制大学",16,4,0
6529420,"男性",44,"3〜4人世帯","既婚","カード","ない",1921,523,2,"専門学校",5,5,0
6541532,"男性",44,"3〜4人世帯","既婚","カード","ある",271,651,44,"専門学校",3,6,0
6555055,"女性",24,"1〜2人世帯","既婚","カード","ある",0,264,24,"大学院",7,6,0
6561569,"男性",32,"3〜4人世帯","既婚","カード","ない",105,254,4,"4年制大学",14,5,0
6570447,"男性",20,"5人以上世帯","未婚","カード","ない",851,222,1,"大学院",4,0,1
6575287,"男性",26,"3〜4人世帯","既婚","カード","ない",798,292,2,"4年制大学",2,0,0
6577367,"男性",38,"3〜4人世帯","既婚","カード","ない",1395,464,2,"4年制大学",6,3,0
6587883,"男性",44,"3〜4人世帯","既婚","カード","ない",0,456,3,"専門学校",5,6,0
6597112,"男性",20,"5人以上世帯","未婚","カード","ある",176,424,20,"4年制大学",3,1,0
6597570,"男性",36,"3〜4人世帯","既婚","カード","ない",187,451,4,"4年制大学",11,4,0
6603261,"男性",36,"3〜4人世帯","既婚","カード","ある",0,490,2,"4年制大学",11,8,0
6611957,"男性",53,"3〜4人世帯","既婚","カード","ない",160,384,3,"4年制大学",13,9,0
6613610,"男性",34,"3〜4人世帯","既婚","現金","ない",0,660,0,"4年制大学",7,9,1
6615644,"男性",32,"3〜4人世帯","既婚","現金","ない",167,401,0,"4年制大学",6,12,1
6616145,"女性",19,"1〜2人世帯","既婚","カード","ない",624,397,4,"4年制大学",4,0,0
6627993,"女性",51,"1〜2人世帯","既婚","カード","ない",287,691,31,"専門学校",7,8,0
6630059,"男性",28,"5人以上世帯","未婚","カード","ある",0,211,25,"大学院",3,2,1
6630742,"女性",31,"1〜2人世帯","既婚","カード","ない",173,417,3,"4年制大学",4,7,0
6637438,"男性",28,"3〜4人世帯","既婚","カード","ない",172,413,3,"4年制大学",3,6,0
6647531,"男性",33,"3〜4人世帯","既婚","現金","ない",205,494,0,"4年制大学",13,1,1
6655079,"男性",18,"5人以上世帯","未婚","カード","ない",0,160,15,"大学院",7,2,1
6655409,"男性",19,"5人以上世帯","未婚","カード","ない",1747,235,2,"4年制大学",5,1,0
6655666,"男性",45,"3〜4人世帯","既婚","カード","ない",242,582,7,"専門学校",2,6,0
6675515,"男性",55,"3〜4人世帯","既婚","カード","ない",995,923,3,"高校",1,7,0
6680339,"男性",24,"3〜4人世帯","既婚","カード","ある",0,442,5,"4年制大学",5,2,0
6702364,"男性",23,"3〜4人世帯","既婚","カード","ない",0,358,2,"4年制大学",11,3,0
6707412,"男性",27,"5人以上世帯","未婚","カード","ない",82,198,1,"大学院",9,8,1
6730152,"男性",20,"5人以上世帯","未婚","カード","ない",141,340,3,"4年制大学",4,0,0
6732594,"男性",32,"3〜4人世帯","既婚","カード","ない",277,276,2,"4年制大学",4,5,0
6742176,"男性",26,"3〜4人世帯","既婚","カード","ない",798,292,2,"4年制大学",2,0,0
6747450,"男性",41,"3〜4人世帯","既婚","カード","ない",179,430,4,"4年制大学",3,11,0
6752282,"男性",30,"3〜4人世帯","既婚","カード","ある",177,426,5,"4年制大学",2,8,0
6770103,"男性",20,"5人以上世帯","未婚","カード","ない",176,423,5,"高校",19,0,0
6774740,"男性",41,"3〜4人世帯","既婚","カード","ない",222,535,7,"専門学校",1,6,0
6781708,"男性",54,"3〜4人世帯","既婚","カード","ない",460,601,34,"専門学校",11,10,0
6786244,"女性",19,"1〜2人世帯","既婚","カード","ない",89,215,3,"大学院",12,0,1
6804492,"女性",33,"1〜2人世帯","既婚","カード","ある",0,447,4,"4年制大学",3,10,0
6805116,"男性",44,"5人以上世帯","未婚","カード","ない",279,670,2,"専門学校",2,7,0
6807171,"男性",35,"3〜4人世帯","既婚","カード","ある",0,359,8,"4年制大学",11,9,0
6808049,"男性",23,"3〜4人世帯","既婚","カード","ない",0,358,2,"4年制大学",11,3,0
6812215,"男性",42,"3〜4人世帯","既婚","カード","ない",826,617,2,"専門学校",4,5,0
6819407,"女性",35,"1〜2人世帯","既婚","カード","ある",156,375,35,"4年制大学",4,4,0
6819784,"男性",20,"3〜4人世帯","既婚","カード","ある",236,568,9,"4年制大学",7,0,0
6825001,"男性",32,"3〜4人世帯","既婚","カード","ある",285,481,3,"4年制大学",4,6,0
6825896,"男性",49,"3〜4人世帯","既婚","カード","ない",1084,469,1,"4年制大学",6,4,0
6828748,"女性",19,"1〜2人世帯","既婚","カード","ない",299,387,3,"4年制大学",1,1,0
6836158,"男性",30,"3〜4人世帯","既婚","カード","ない",257,401,1,"4年制大学",9,2,0
6841281,"女性",29,"1〜2人世帯","既婚","カード","ない",170,408,1,"大学院",1,2,0
6846722,"男性",51,"3〜4人世帯","既婚","カード","ある",280,672,31,"専門学校",5,10,0
6848689,"男性",23,"3〜4人世帯","既婚","カード","ない",684,180,3,"大学院",12,1,1
6849052,"女性",47,"1〜2人世帯","既婚","カード","ある",446,479,5,"4年制大学",3,8,0
6869008,"男性",38,"3〜4人世帯","既婚","カード","ない",207,498,6,"4年制大学",6,13,0
6870804,"男性",44,"3〜4人世帯","既婚","カード","ない",1921,523,2,"専門学校",5,5,0
6889955,"男性",35,"3〜4人世帯","既婚","カード","ある",228,549,35,"専門学校",6,10,0
6892221,"男性",45,"3〜4人世帯","既婚","カード","ある",595,505,6,"4年制大学",17,5,0
6895672,"男性",46,"5人以上世帯","未婚","カード","ある",213,513,26,"4年制大学",5,6,0
6905981,"男性",41,"3〜4人世帯","既婚","カード","ない",210,506,4,"専門学校",0,11,0
6907860,"男性",26,"3〜4人世帯","既婚","カード","ない",163,393,3,"4年制大学",5,0,0
6918379,"男性",34,"3〜4人世帯","既婚","カード","ない",189,454,1,"4年制大学",7,7,0
6922881,"男性",36,"3〜4人世帯","既婚","現金","ある",155,373,0,"4年制大学",5,6,1
6926045,"男性",31,"3〜4人世帯","既婚","カード","ない",168,405,4,"4年制大学",10,1,0
6945907,"女性",33,"1〜2人世帯","既婚","カード","ある",0,318,33,"4年制大学",2,4,0
6951035,"男性",41,"3〜4人世帯","既婚","カード","ない",1118,454,1,"4年制大学",7,5,0
6963069,"女性",28,"1〜2人世帯","既婚","カード","ない",68,164,25,"大学院",6,4,1
6968661,"男性",30,"3〜4人世帯","既婚","カード","ある",177,426,5,"4年制大学",2,8,0
6968785,"男性",34,"3〜4人世帯","既婚","カード","ない",509,211,1,"4年制大学",13,7,1
6973410,"男性",30,"3〜4人世帯","既婚","現金","ない",152,365,2,"4年制大学",4,6,0
6979923,"男性",29,"3〜4人世帯","既婚","カード","ない",228,549,6,"専門学校",6,11,0
6994676,"男性",21,"5人以上世帯","未婚","カード","ある",348,338,6,"4年制大学",4,0,0
6995923,"女性",28,"1〜2人世帯","既婚","カード","ない",176,424,2,"4年制大学",24,2,0
6996872,"女性",32,"1〜2人世帯","既婚","カード","ない",165,396,3,"4年制大学",3,6,0
7012553,"女性",32,"1〜2人世帯","既婚","カード","ない",165,396,3,"4年制大学",3,6,0
7018036,"男性",24,"3〜4人世帯","既婚","カード","ない",130,312,24,"4年制大学",1,4,0
7024765,"男性",26,"3〜4人世帯","既婚","カード","ない",154,370,2,"4年制大学",1,6,0
7031689,"男性",23,"3〜4人世帯","既婚","カード","ない",168,404,23,"4年制大学",10,0,0
7035653,"男性",42,"3〜4人世帯","既婚","カード","ない",1341,427,6,"4年制大学",1,12,0
7044396,"男性",45,"3〜4人世帯","既婚","カード","ある",0,697,3,"専門学校",0,13,0
7050135,"男性",24,"3〜4人世帯","既婚","カード","ない",72,174,2,"大学院",6,2,1
7050240,"男性",41,"3〜4人世帯","既婚","カード","ない",194,467,1,"4年制大学",4,5,0
7073257,"男性",22,"3〜4人世帯","既婚","カード","ある",166,399,6,"4年制大学",12,0,0
7076626,"女性",37,"1〜2人世帯","既婚","カード","ある",0,618,5,"4年制大学",3,6,0
7080809,"男性",34,"3〜4人世帯","既婚","現金","ある",366,476,0,"4年制大学",4,7,1
7083487,"男性",45,"3〜4人世帯","既婚","カード","ある",595,505,6,"4年制大学",17,5,0
7086123,"男性",24,"3〜4人世帯","既婚","カード","ない",0,355,4,"4年制大学",8,4,0
7095807,"男性",35,"3〜4人世帯","既婚","カード","ある",202,485,7,"4年制大学",10,10,0
7103973,"男性",42,"5人以上世帯","未婚","カード","ある",0,409,3,"4年制大学",8,4,1
7110023,"男性",28,"5人以上世帯","未婚","カード","ない",461,296,3,"4年制大学",5,6,0
7143433,"男性",26,"3〜4人世帯","既婚","カード","ない",154,370,2,"4年制大学",1,6,0
7143557,"男性",44,"3〜4人世帯","既婚","カード","ある",0,651,6,"専門学校",3,7,0
7144103,"男性",23,"3〜4人世帯","既婚","カード","ない",644,279,23,"大学院",9,0,0
7148024,"男性",24,"3〜4人世帯","既婚","カード","ない",72,174,2,"大学院",6,2,1
7155254,"男性",28,"3〜4人世帯","既婚","カード","ない",598,234,2,"大学院",5,3,0
7158506,"男性",50,"3〜4人世帯","既婚","現金","ある",356,491,0,"4年制大学",8,9,1
7159675,"男性",45,"3〜4人世帯","既婚","カード","ない",290,697,2,"専門学校",6,5,0
7161248,"男性",31,"3〜4人世帯","既婚","カード","ない",166,400,31,"4年制大学",8,6,0
7171065,"男性",26,"3〜4人世帯","既婚","カード","ない",130,314,26,"4年制大学",1,7,0
7178658,"男性",55,"3〜4人世帯","既婚","カード","ない",339,814,1,"専門学校",4,9,0
7187240,"男性",33,"3〜4人世帯","既婚","現金","ない",205,494,0,"4年制大学",13,1,1
7194592,"女性",27,"1〜2人世帯","既婚","カード","ある",119,287,3,"大学院",8,5,0
7200245,"男性",24,"3〜4人世帯","既婚","カード","ない",114,274,3,"大学院",5,0,0
7204087,"女性",25,"1〜2人世帯","既婚","カード","ない",0,425,3,"4年制大学",10,6,0
7206207,"男性",44,"3〜4人世帯","既婚","カード","ない",215,518,2,"専門学校",12,16,0
7213259,"男性",29,"3〜4人世帯","既婚","カード","ない",0,377,7,"4年制大学",1,4,0
7215558,"男性",45,"3〜4人世帯","既婚","カード","ない",467,674,1,"専門学校",4,7,0
7223776,"男性",23,"3〜4人世帯","既婚","現金","ない",0,403,0,"4年制大学",10,4,1
7232951,"男性",53,"3〜4人世帯","既婚","カード","ある",285,684,5,"専門学校",2,10,0
7240905,"男性",31,"3〜4人世帯","既婚","カード","ない",171,378,31,"4年制大学",4,7,0
7241734,"男性",46,"5人以上世帯","未婚","カード","ある",213,513,26,"4年制大学",5,6,0
7243548,"男性",38,"3〜4人世帯","既婚","カード","ない",1395,464,2,"4年制大学",6,3,0
7244570,"男性",23,"3〜4人世帯","既婚","カード","ない",142,341,3,"4年制大学",3,2,0
7250220,"女性",40,"1〜2人世帯","既婚","カード","ない",190,458,4,"4年制大学",16,5,0
7257943,"男性",41,"3〜4人世帯","既婚","カード","ない",1690,408,2,"4年制大学",8,5,0
7262538,"男性",45,"3〜4人世帯","既婚","カード","ない",467,674,1,"専門学校",4,7,0
7272028,"男性",22,"5人以上世帯","未婚","カード","ある",0,138,19,"大学院",7,3,1
7283357,"男性",23,"3〜4人世帯","既婚","カード","ない",684,180,3,"大学院",12,1,1
7291046,"男性",32,"3〜4人世帯","既婚","カード","ある",194,467,32,"4年制大学",7,5,0
7291625,"男性",59,"3〜4人世帯","既婚","カード","ない",234,562,5,"専門学校",3,14,0
7306362,"男性",29,"3〜4人世帯","既婚","カード","ない",140,336,29,"4年制大学",10,7,0
7315827,"男性",30,"3〜4人世帯","既婚","カード","ある",177,426,5,"4年制大学",2,8,0
7317178,"男性",28,"3〜4人世帯","既婚","カード","ない",0,211,1,"大学院",7,3,1
7319742,"男性",36,"3〜4人世帯","既婚","カード","ない",184,443,2,"専門学校",4,8,0
7323224,"男性",20,"5人以上世帯","未婚","カード","ない",186,447,5,"4年制大学",5,0,0
7331057,"男性",23,"3〜4人世帯","既婚","カード","ない",142,341,3,"4年制大学",3,2,0
7332806,"男性",18,"3〜4人世帯","既婚","カード","ない",543,222,3,"大学院",11,2,0
7333609,"男性",37,"3〜4人世帯","既婚","カード","ない",1285,489,4,"専門学校",5,4,0
7338037,"男性",22,"5人以上世帯","未婚","カード","ある",74,178,19,"大学院",9,0,1
7341468,"男性",38,"5人以上世帯","未婚","カード","ない",263,633,2,"専門学校",3,4,0
7356321,"男性",26,"3〜4人世帯","既婚","カード","ない",154,370,2,"4年制大学",1,6,0
7357301,"男性",42,"3〜4人世帯","既婚","カード","ない",1440,587,1,"専門学校",4,17,0
7357567,"男性",27,"3〜4人世帯","既婚","カード","ある",203,488,27,"専門学校",8,4,0
7362312,"男性",18,"3〜4人世帯","既婚","カード","ない",149,358,3,"4年制大学",2,2,0
7366234,"男性",30,"3〜4人世帯","既婚","カード","ない",1487,462,3,"4年制大学",12,3,0
7367235,"男性",27,"5人以上世帯","未婚","カード","ない",681,277,2,"大学院",3,6,0
7378818,"男性",22,"5人以上世帯","未婚","カード","ない",1227,365,5,"4年制大学",15,1,0
7379325,"男性",24,"3〜4人世帯","既婚","カード","ない",108,261,1,"大学院",3,1,0
7383978,"女性",27,"1〜2人世帯","既婚","カード","ある",119,287,3,"大学院",8,5,0
7386886,"男性",23,"3〜4人世帯","既婚","カード","ある",162,391,7,"4年制大学",5,5,0
7392070,"女性",33,"1〜2人世帯","既婚","カード","ある",0,447,4,"4年制大学",3,10,0
7404183,"男性",27,"3〜4人世帯","既婚","カード","ない",152,367,27,"4年制大学",8,4,0
7404239,"男性",30,"5人以上世帯","未婚","カード","ない",163,392,1,"4年制大学",6,7,0
7411046,"女性",19,"1〜2人世帯","既婚","カード","ない",0,380,6,"4年制大学",5,1,0
7416360,"男性",27,"3〜4人世帯","既婚","カード","ある",167,403,4,"4年制大学",4,3,0
7421138,"男性",32,"3〜4人世帯","既婚","現金","ない",167,401,0,"4年制大学",6,12,1
7427752,"女性",24,"1〜2人世帯","既婚","カード","ない",396,386,2,"4年制大学",16,3,1
7428539,"男性",43,"5人以上世帯","未婚","現金","ある",162,444,43,"4年制大学",4,10,0
7430685,"男性",19,"5人以上世帯","未婚","現金","ない",76,184,5,"大学院",4,0,1
7441734,"女性",22,"1〜2人世帯","既婚","カード","ない",701,483,3,"4年制大学",10,2,0
7461554,"男性",36,"3〜4人世帯","既婚","カード","ある",165,397,7,"4年制大学",7,4,0
7465901,"男性",25,"5人以上世帯","未婚","カード","ある",524,199,22,"大学院",0,4,1
7480262,"男性",41,"3〜4人世帯","既婚","カード","ない",179,430,4,"4年制大学",3,11,0
7488087,"男性",55,"3〜4人世帯","既婚","カード","ない",0,643,35,"専門学校",15,6,0
7493140,"女性",23,"1〜2人世帯","既婚","カード","ない",86,208,3,"大学院",7,3,0
7494995,"男性",32,"3〜4人世帯","既婚","カード","ない",277,276,2,"4年制大学",4,5,0
7502509,"男性",33,"3〜4人世帯","既婚","カード","ない",643,296,8,"4年制大学",8,7,0
7509232,"女性",27,"1〜2人世帯","既婚","カード","ある",380,423,27,"4年制大学",6,4,0
7510024,"男性",40,"3〜4人世帯","既婚","カード","ない",119,287,2,"大学院",2,11,0
7522334,"男性",32,"3〜4人世帯","既婚","カード","ない",208,500,2,"4年制大学",0,5,0
7522481,"男性",45,"3〜4人世帯","既婚","カード","ない",328,789,2,"専門学校",1,7,0
7538792,"男性",30,"3〜4人世帯","既婚","現金","ない",95,230,3,"大学院",10,5,1
7554002,"女性",27,"1〜2人世帯","既婚","カード","ない",835,569,1,"4年制大学",6,8,0
7566872,"男性",36,"3〜4人世帯","既婚","現金","ない",170,408,0,"4年制大学",6,3,1
7569396,"男性",19,"5人以上世帯","未婚","現金","ない",76,184,5,"大学院",4,0,1
7573747,"男性",29,"3〜4人世帯","既婚","カード","ない",493,388,29,"4年制大学",8,3,0
7573942,"男性",50,"3〜4人世帯","既婚","カード","ない",0,643,2,"専門学校",5,6,0
7576464,"男性",32,"3〜4人世帯","既婚","カード","ある",170,410,32,"4年制大学",8,7,0
7580113,"男性",42,"3〜4人世帯","既婚","現金","ない",212,510,0,"4年制大学",1,5,1
7581668,"男性",25,"3〜4人世帯","既婚","カード","ない",106,256,22,"大学院",14,4,1
7587974,"男性",41,"3〜4人世帯","既婚","カード","ない",222,535,7,"専門学校",1,6,0
7591512,"女性",27,"1〜2人世帯","既婚","カード","ない",925,442,2,"4年制大学",3,7,0
7594982,"男性",20,"5人以上世帯","未婚","カード","ない",141,340,3,"4年制大学",4,0,0
7608263,"男性",35,"3〜4人世帯","既婚","カード","ない",184,442,1,"4年制大学",3,4,0
7613679,"男性",37,"3〜4人世帯","既婚","カード","ない",329,375,37,"専門学校",10,11,0
7614935,"男性",44,"3〜4人世帯","既婚","カード","ない",247,593,5,"専門学校",4,8,0
7635868,"男性",36,"3〜4人世帯","既婚","カード","ある",0,490,2,"4年制大学",11,8,0
7650643,"男性",24,"5人以上世帯","未婚","カード","ない",112,269,2,"大学院",3,0,0
7657465,"女性",28,"1〜2人世帯","既婚","カード","ない",176,424,2,"4年制大学",24,2,0
7662144,"男性",38,"3〜4人世帯","既婚","カード","ない",207,498,6,"4年制大学",6,13,0
7664050,"男性",21,"5人以上世帯","未婚","カード","ない",146,352,1,"専門学校",7,2,0
7669907,"女性",27,"1〜2人世帯","既婚","カード","ある",380,423,27,"4年制大学",6,4,0
7672779,"男性",55,"3〜4人世帯","既婚","カード","ない",275,660,3,"専門学校",4,7,0
7678830,"男性",27,"3〜4人世帯","既婚","カード","ある",145,349,3,"4年制大学",2,4,0
7688069,"男性",41,"3〜4人世帯","既婚","カード","ない",194,467,1,"4年制大学",4,5,0
7694536,"男性",45,"3〜4人世帯","既婚","カード","ある",595,505,6,"4年制大学",17,5,0
7700552,"男性",18,"5人以上世帯","未婚","現金","ない",81,195,1,"大学院",7,2,1
7715893,"男性",18,"5人以上世帯","未婚","カード","ない",75,180,2,"大学院",12,2,1
7728761,"男性",63,"3〜4人世帯","既婚","カード","ない",250,602,1,"4年制大学",4,14,0
7733279,"男性",38,"3〜4人世帯","既婚","現金","ない",150,362,2,"4年制大学",2,5,0
7734771,"男性",24,"3〜4人世帯","既婚","カード","ない",108,261,1,"大学院",3,1,0
7739932,"男性",26,"5人以上世帯","未婚","カード","ない",1335,541,1,"4年制大学",2,6,0
7741665,"男性",31,"3〜4人世帯","既婚","カード","ない",171,378,31,"4年制大学",4,7,0
7745261,"男性",22,"5人以上世帯","未婚","カード","ある",463,351,22,"4年制大学",4,2,0
7751629,"男性",27,"3〜4人世帯","既婚","カード","ない",178,429,1,"4年制大学",9,6,0
7751730,"男性",50,"3〜4人世帯","既婚","カード","ない",0,643,2,"専門学校",5,6,0
7804638,"男性",24,"3〜4人世帯","既婚","カード","ない",450,337,2,"大学院",14,0,0
7815031,"男性",55,"3〜4人世帯","既婚","カード","ない",275,660,3,"専門学校",4,7,0
7815043,"男性",23,"3〜4人世帯","既婚","カード","ない",644,279,23,"大学院",9,0,0
7819958,"男性",41,"3〜4人世帯","既婚","カード","ない",179,430,4,"4年制大学",3,11,0
7821377,"男性",34,"3〜4人世帯","既婚","カード","ない",168,405,4,"4年制大学",14,9,0
7831572,"男性",34,"3〜4人世帯","既婚","カード","ない",168,405,4,"4年制大学",14,9,0
7832457,"女性",33,"1〜2人世帯","既婚","カード","ある",0,318,33,"4年制大学",2,4,0
7835415,"女性",23,"1〜2人世帯","既婚","カード","ない",0,550,7,"4年制大学",6,4,0
7836483,"男性",35,"3〜4人世帯","既婚","カード","ない",0,588,1,"専門学校",6,5,0
7846505,"男性",28,"5人以上世帯","未婚","現金","ある",205,492,0,"4年制大学",10,4,1
7860716,"男性",32,"3〜4人世帯","既婚","カード","ない",337,810,1,"専門学校",9,6,0
7865400,"男性",31,"3〜4人世帯","既婚","カード","ない",177,425,5,"4年制大学",1,9,0
7872189,"女性",27,"1〜2人世帯","既婚","カード","ない",925,442,2,"4年制大学",3,7,0
7873792,"男性",25,"5人以上世帯","未婚","カード","ない",147,353,4,"4年制大学",4,3,0
7879356,"男性",43,"3〜4人世帯","既婚","カード","ある",1085,498,7,"4年制大学",13,9,0
7879738,"男性",37,"3〜4人世帯","既婚","カード","ある",566,441,1,"専門学校",3,8,0
7896236,"女性",33,"1〜2人世帯","既婚","カード","ない",0,380,5,"4年制大学",9,8,0
7902674,"男性",35,"3〜4人世帯","既婚","カード","ない",0,402,35,"4年制大学",12,8,0
7908313,"男性",37,"3〜4人世帯","既婚","カード","ない",197,473,37,"4年制大学",9,6,0
7931755,"女性",38,"1〜2人世帯","既婚","カード","ある",270,650,38,"専門学校",7,6,0
7936191,"男性",41,"3〜4人世帯","既婚","カード","ない",210,506,4,"専門学校",0,11,0
7936350,"男性",22,"5人以上世帯","未婚","カード","ない",63,152,3,"大学院",5,0,1
7942082,"女性",32,"1〜2人世帯","既婚","カード","ない",165,396,3,"4年制大学",3,6,0
7942601,"男性",33,"3〜4人世帯","既婚","カード","ない",0,337,3,"4年制大学",3,11,0
7945271,"男性",60,"3〜4人世帯","既婚","カード","ない",2473,827,2,"高校",4,7,0
7959293,"男性",27,"3〜4人世帯","既婚","カード","ある",145,349,5,"4年制大学",3,3,0
7961561,"男性",24,"3〜4人世帯","既婚","カード","ない",219,527,8,"4年制大学",2,3,0
7964421,"男性",18,"5人以上世帯","未婚","カード","ない",210,506,2,"専門学校",6,2,0
7972183,"男性",20,"5人以上世帯","未婚","カード","ない",0,393,5,"4年制大学",2,0,0
7979739,"男性",44,"3〜4人世帯","既婚","現金","ない",347,834,2,"高校",8,10,0
7980500,"男性",32,"3〜4人世帯","既婚","カード","ある",179,473,4,"4年制大学",4,5,0
7983336,"女性",25,"1〜2人世帯","既婚","カード","ある",0,413,25,"4年制大学",3,1,0
7985287,"女性",18,"1〜2人世帯","既婚","カード","ない",118,284,2,"大学院",1,0,0
8008267,"男性",27,"5人以上世帯","未婚","現金","ない",175,422,0,"4年制大学",9,9,1
8012601,"男性",41,"3〜4人世帯","既婚","カード","ない",222,535,7,"専門学校",1,6,0
8017092,"男性",22,"5人以上世帯","未婚","カード","ある",463,351,22,"4年制大学",4,2,0
8018622,"男性",20,"5人以上世帯","未婚","カード","ない",851,222,1,"大学院",4,0,1
8019004,"男性",24,"3〜4人世帯","既婚","カード","ある",0,442,5,"4年制大学",5,2,0
8023189,"男性",59,"3〜4人世帯","既婚","現金","ない",365,877,6,"高校",7,6,0
8031656,"男性",43,"3〜4人世帯","既婚","現金","ない",0,643,7,"4年制大学",1,13,0
8045868,"男性",26,"3〜4人世帯","既婚","カード","ない",798,292,2,"4年制大学",2,0,0
8049726,"男性",27,"3〜4人世帯","既婚","カード","ある",0,399,27,"4年制大学",3,7,0
8071515,"男性",46,"3〜4人世帯","既婚","カード","ない",181,436,2,"4年制大学",4,4,0
8075342,"男性",43,"3〜4人世帯","既婚","カード","ない",178,429,6,"4年制大学",12,9,1
8077726,"男性",59,"3〜4人世帯","既婚","カード","ない",234,562,5,"専門学校",3,14,0
8082295,"男性",31,"3〜4人世帯","既婚","カード","ない",177,425,5,"4年制大学",1,9,0
8082895,"男性",22,"3〜4人世帯","既婚","カード","ある",166,399,6,"4年制大学",12,0,0
8090911,"男性",26,"5人以上世帯","未婚","カード","ある",295,321,26,"4年制大学",7,4,0
8099201,"男性",42,"3〜4人世帯","既婚","カード","ない",1341,427,6,"4年制大学",1,12,0
8101014,"男性",44,"3〜4人世帯","既婚","カード","ない",215,518,2,"専門学校",12,16,0
8109125,"女性",19,"1〜2人世帯","既婚","カード","ない",624,397,4,"4年制大学",4,0,0
8120464,"男性",38,"5人以上世帯","未婚","カード","ない",263,633,2,"専門学校",3,4,0
8126568,"男性",24,"3〜4人世帯","既婚","カード","ない",114,274,3,"大学院",5,0,0
8126923,"男性",51,"3〜4人世帯","既婚","カード","ある",280,672,31,"専門学校",5,10,0
8129309,"男性",24,"5人以上世帯","未婚","カード","ない",91,220,1,"大学院",7,1,1
8131121,"男性",41,"3〜4人世帯","既婚","カード","ない",222,535,7,"専門学校",1,6,0
8138107,"女性",31,"1〜2人世帯","既婚","カード","ない",173,417,3,"4年制大学",4,7,0
8142434,"男性",39,"3〜4人世帯","既婚","カード","ない",1205,437,2,"4年制大学",17,5,0
8154990,"女性",28,"1〜2人世帯","既婚","カード","ない",595,254,3,"大学院",2,7,0
8155721,"男性",33,"3〜4人世帯","既婚","現金","ない",205,494,0,"4年制大学",13,1,1
8158211,"男性",34,"3〜4人世帯","既婚","カード","ない",188,453,2,"4年制大学",7,11,0
8172786,"男性",35,"3〜4人世帯","既婚","カード","ある",371,568,7,"専門学校",10,7,0
8183852,"男性",20,"5人以上世帯","未婚","カード","ある",144,346,20,"4年制大学",3,2,0
8186614,"男性",25,"3〜4人世帯","既婚","カード","ある",230,553,7,"4年制大学",2,7,0
8197374,"男性",60,"3〜4人世帯","既婚","カード","ない",2473,827,2,"高校",4,7,0
8198767,"女性",28,"1〜2人世帯","既婚","カード","ない",68,164,25,"大学院",6,4,1
8208111,"男性",30,"3〜4人世帯","既婚","カード","ある",0,459,7,"4年制大学",26,10,0
8209914,"男性",23,"3〜4人世帯","既婚","カード","ない",1564,425,1,"専門学校",4,4,0
8221712,"男性",29,"3〜4人世帯","既婚","カード","ない",0,554,2,"4年制大学",4,4,0
8233268,"男性",41,"3〜4人世帯","既婚","カード","ない",179,430,4,"4年制大学",3,11,0
8235671,"男性",33,"3〜4人世帯","既婚","カード","ない",649,385,3,"4年制大学",4,4,0
8238870,"男性",43,"3〜4人世帯","既婚","カード","ある",1085,498,7,"4年制大学",13,9,0
8245581,"男性",34,"3〜4人世帯","既婚","カード","ない",188,453,2,"4年制大学",7,11,0
8255297,"男性",29,"3〜4人世帯","既婚","カード","ない",122,295,1,"4年制大学",4,3,0
8259137,"男性",41,"3〜4人世帯","既婚","カード","ない",194,467,1,"4年制大学",4,5,0
8266721,"男性",18,"5人以上世帯","未婚","カード","ない",367,161,1,"大学院",11,2,1
8268811,"男性",27,"3〜4人世帯","既婚","カード","ない",247,593,2,"専門学校",5,5,0
8278768,"女性",24,"1〜2人世帯","既婚","カード","ない",396,386,2,"4年制大学",16,3,1
8294359,"男性",34,"3〜4人世帯","既婚","カード","ない",168,405,4,"4年制大学",14,9,0
8299039,"男性",28,"3〜4人世帯","既婚","カード","ない",0,211,1,"大学院",7,3,1
8309032,"男性",40,"3〜4人世帯","既婚","カード","ない",203,489,4,"専門学校",10,7,0
8328353,"男性",37,"3〜4人世帯","既婚","カード","ない",1285,489,4,"専門学校",5,4,0
8331194,"男性",34,"3〜4人世帯","既婚","カード","ある",197,474,4,"4年制大学",5,7,0
8334734,"男性",40,"3〜4人世帯","既婚","カード","ない",119,287,2,"大学院",2,11,0
8336885,"女性",24,"1〜2人世帯","既婚","カード","ない",396,386,2,"4年制大学",16,3,1
8356697,"男性",36,"3〜4人世帯","既婚","カード","ない",0,633,3,"専門学校",8,3,0
8366820,"女性",28,"1〜2人世帯","既婚","カード","ない",68,164,25,"大学院",6,4,1
8376285,"男性",19,"5人以上世帯","未婚","現金","ない",70,169,2,"大学院",6,1,1
8377766,"男性",34,"3〜4人世帯","既婚","カード","ある",197,474,4,"4年制大学",5,7,0
8395779,"男性",28,"5人以上世帯","未婚","現金","ある",205,492,0,"4年制大学",10,4,1
8399107,"男性",35,"3〜4人世帯","既婚","カード","ある",371,568,7,"専門学校",10,7,0
8402740,"男性",20,"5人以上世帯","未婚","カード","ある",122,294,20,"大学院",3,2,0
8435456,"男性",55,"3〜4人世帯","既婚","カード","ない",995,923,3,"高校",1,7,0
8439129,"男性",24,"3〜4人世帯","既婚","カード","ない",108,261,1,"大学院",3,1,0
8446207,"男性",31,"3〜4人世帯","既婚","カード","ある",167,402,31,"4年制大学",10,6,0
8458258,"男性",20,"5人以上世帯","未婚","カード","ある",122,294,20,"大学院",3,2,0
8465305,"男性",37,"3〜4人世帯","既婚","カード","ある",566,441,1,"専門学校",3,8,0
8465730,"男性",20,"5人以上世帯","未婚","カード","ない",176,423,5,"高校",19,0,0
8483302,"男性",44,"3〜4人世帯","既婚","カード","ない",165,396,2,"専門学校",0,13,0
8485637,"男性",29,"3〜4人世帯","既婚","カード","ない",189,454,2,"4年制大学",12,3,0
8492645,"男性",24,"5人以上世帯","未婚","カード","ない",91,220,1,"大学院",7,1,1
8495080,"男性",29,"3〜4人世帯","既婚","カード","ない",493,388,29,"4年制大学",8,3,0
8497905,"男性",35,"3〜4人世帯","既婚","カード","ない",184,442,1,"4年制大学",3,4,0
8504626,"男性",42,"3〜4人世帯","既婚","カード","ある",0,515,5,"4年制大学",16,13,0
8509870,"男性",51,"3〜4人世帯","既婚","カード","ない",240,578,2,"4年制大学",14,13,0
8521765,"男性",36,"3〜4人世帯","既婚","カード","ない",610,397,3,"4年制大学",6,14,0
8523529,"男性",24,"3〜4人世帯","既婚","カード","ない",450,337,2,"大学院",14,0,0
8530427,"男性",37,"3〜4人世帯","既婚","カード","ない",1285,489,4,"専門学校",5,4,0
8536885,"男性",32,"3〜4人世帯","既婚","現金","ない",167,401,0,"4年制大学",6,12,1
8538416,"男性",37,"3〜4人世帯","既婚","カード","ない",143,344,6,"4年制大学",15,3,0
8541598,"男性",19,"5人以上世帯","未婚","カード","ない",1747,235,2,"4年制大学",5,1,0
8550787,"男性",26,"3〜4人世帯","既婚","カード","ある",260,626,5,"専門学校",7,0,0
8552596,"男性",32,"3〜4人世帯","既婚","カード","ない",337,810,1,"専門学校",9,6,0
8577575,"男性",33,"3〜4人世帯","既婚","現金","ない",205,494,0,"4年制大学",13,1,1
8582214,"男性",44,"3〜4人世帯","既婚","カード","ない",165,396,2,"専門学校",0,13,0
8595002,"男性",36,"3〜4人世帯","既婚","カード","ない",187,451,4,"4年制大学",11,4,0
8603065,"男性",41,"3〜4人世帯","既婚","カード","ない",1690,408,2,"4年制大学",8,5,0
8604076,"男性",44,"3〜4人世帯","既婚","カード","ない",247,593,5,"専門学校",4,8,0
8609032,"男性",24,"3〜4人世帯","既婚","現金","ある",0,475,0,"4年制大学",1,1,1
8612106,"男性",21,"5人以上世帯","未婚","カード","ある",348,338,6,"4年制大学",4,0,0
8617960,"男性",27,"3〜4人世帯","既婚","カード","ない",1044,435,3,"4年制大学",2,0,0
8625564,"男性",23,"3〜4人世帯","既婚","カード","ない",1564,425,1,"専門学校",4,4,0
8626481,"男性",28,"3〜4人世帯","既婚","カード","ない",172,413,3,"4年制大学",3,6,0
8626576,"男性",23,"3〜4人世帯","既婚","カード","ある",162,391,7,"4年制大学",5,5,0
8638342,"男性",33,"3〜4人世帯","既婚","カード","ない",643,296,8,"4年制大学",8,7,0
8645432,"男性",42,"3〜4人世帯","既婚","カード","ある",277,665,3,"4年制大学",5,5,0
8662136,"男性",23,"3〜4人世帯","既婚","カード","ない",0,358,2,"4年制大学",11,3,0
8665094,"男性",19,"5人以上世帯","未婚","現金","ない",0,375,0,"4年制大学",14,0,1
8674091,"男性",26,"3〜4人世帯","既婚","カード","ない",154,370,2,"4年制大学",1,6,0
8675087,"男性",45,"3〜4人世帯","既婚","カード","ある",0,697,3,"専門学校",0,13,0
8682761,"男性",47,"3〜4人世帯","既婚","カード","ない",168,405,3,"4年制大学",12,9,0
8692905,"男性",21,"5人以上世帯","未婚","カード","ない",115,277,2,"4年制大学",6,3,0
8704505,"男性",33,"3〜4人世帯","既婚","現金","ある",176,423,0,"4年制大学",7,8,1
8705744,"女性",21,"1〜2人世帯","既婚","カード","ない",141,339,2,"4年制大学",4,3,0
8708608,"男性",22,"5人以上世帯","未婚","カード","ない",1227,365,5,"4年制大学",15,1,0
8723221,"男性",44,"3〜4人世帯","既婚","カード","ない",215,518,2,"専門学校",12,16,0
8723968,"男性",20,"5人以上世帯","未婚","カード","ない",180,433,3,"4年制大学",0,0,0
8732204,"男性",34,"3〜4人世帯","既婚","カード","ない",213,513,4,"4年制大学",10,10,0
8734497,"男性",63,"3〜4人世帯","既婚","カード","ない",250,602,1,"4年制大学",4,14,0
8737885,"男性",28,"3〜4人世帯","既婚","カード","ある",112,269,28,"4年制大学",5,5,0
8744821,"男性",30,"3〜4人世帯","既婚","現金","ない",171,412,0,"4年制大学",0,3,1
8750444,"男性",20,"5人以上世帯","未婚","カード","ある",102,245,3,"大学院",8,2,0
8751671,"男性",31,"3〜4人世帯","既婚","カード","ない",53,466,5,"4年制大学",18,6,0
8752613,"男性",33,"3〜4人世帯","既婚","カード","ない",0,337,3,"4年制大学",3,11,0
8762419,"男性",19,"5人以上世帯","未婚","現金","ない",70,169,2,"大学院",6,1,1
8796636,"男性",33,"3〜4人世帯","既婚","現金","ある",176,423,0,"4年制大学",7,8,1
8798814,"男性",36,"3〜4人世帯","既婚","現金","ある",0,472,0,"4年制大学",10,4,1
8802648,"男性",26,"5人以上世帯","未婚","カード","ない",198,476,26,"4年制大学",9,6,0
8822052,"男性",20,"5人以上世帯","未婚","現金","ない",224,538,0,"4年制大学",24,0,1
8840223,"女性",47,"1〜2人世帯","既婚","カード","ある",446,479,5,"4年制大学",3,8,0
8843000,"女性",32,"1〜2人世帯","既婚","カード","ない",0,274,1,"大学院",11,13,0
8859264,"男性",36,"3〜4人世帯","既婚","カード","ない",268,644,36,"専門学校",13,5,0
8861233,"男性",40,"3〜4人世帯","既婚","カード","ない",646,448,1,"専門学校",1,5,0
8866864,"男性",39,"3〜4人世帯","既婚","カード","ない",485,481,1,"4年制大学",11,4,0
8868453,"男性",40,"3〜4人世帯","既婚","カード","ない",646,448,1,"専門学校",1,5,0
8869109,"男性",33,"3〜4人世帯","既婚","カード","ない",178,429,3,"4年制大学",10,6,0
8870301,"男性",21,"5人以上世帯","未婚","カード","ない",115,277,2,"4年制大学",6,3,0
8870531,"男性",26,"3〜4人世帯","既婚","カード","ない",163,393,3,"4年制大学",5,0,0
8878972,"男性",26,"3〜4人世帯","既婚","カード","ない",163,393,3,"4年制大学",5,0,0
8913146,"男性",63,"3〜4人世帯","既婚","カード","ある",320,769,3,"専門学校",10,17,0
8927400,"男性",39,"3〜4人世帯","既婚","カード","ない",485,481,1,"4年制大学",11,4,0
8930842,"女性",35,"1〜2人世帯","既婚","カード","ある",156,375,35,"4年制大学",4,4,0
8941045,"男性",28,"3〜4人世帯","既婚","カード","ない",147,353,2,"4年制大学",5,5,0
8951068,"男性",24,"3〜4人世帯","既婚","現金","ある",0,475,0,"4年制大学",1,1,1
8956447,"男性",31,"3〜4人世帯","既婚","カード","ない",168,405,4,"4年制大学",10,1,0
8958567,"男性",40,"5人以上世帯","未婚","カード","ない",1346,471,1,"4年制大学",13,16,0
8961901,"男性",68,"3〜4人世帯","既婚","カード","ある",328,789,4,"専門学校",10,11,0
8979297,"男性",24,"3〜4人世帯","既婚","カード","ない",72,174,2,"大学院",6,2,1
8989987,"男性",25,"3〜4人世帯","既婚","カード","ない",159,383,2,"4年制大学",2,4,0
9001487,"男性",51,"3〜4人世帯","既婚","カード","ない",240,578,2,"4年制大学",14,13,0
9004488,"男性",29,"3〜4人世帯","既婚","カード","ない",151,194,1,"大学院",9,6,1
9014386,"男性",27,"5人以上世帯","未婚","カード","ない",79,191,2,"大学院",6,3,1
9021661,"男性",27,"5人以上世帯","未婚","カード","ない",82,198,1,"大学院",9,8,1
9023134,"男性",26,"5人以上世帯","未婚","カード","ない",1335,541,1,"4年制大学",2,6,0
9025314,"男性",27,"3〜4人世帯","既婚","カード","ある",167,403,4,"4年制大学",4,3,0
9028210,"女性",27,"1〜2人世帯","既婚","カード","ある",119,287,3,"大学院",8,5,0
9046799,"男性",31,"3〜4人世帯","既婚","カード","ない",166,400,31,"4年制大学",8,6,0
9055995,"男性",22,"3〜4人世帯","既婚","カード","ある",166,399,6,"4年制大学",12,0,0
9057162,"女性",23,"1〜2人世帯","既婚","カード","ない",86,208,3,"大学院",7,3,0
9060292,"男性",25,"3〜4人世帯","既婚","カード","ある",230,553,7,"4年制大学",2,7,0
9064945,"女性",19,"1〜2人世帯","既婚","カード","ない",624,397,4,"4年制大学",4,0,0
9066010,"男性",36,"3〜4人世帯","既婚","カード","ない",167,401,3,"4年制大学",3,4,0
9073982,"男性",35,"3〜4人世帯","既婚","現金","ある",230,553,0,"4年制大学",2,6,1
9077066,"男性",20,"5人以上世帯","未婚","カード","ある",176,424,20,"4年制大学",3,1,0
9082960,"男性",35,"3〜4人世帯","既婚","カード","ない",155,372,35,"4年制大学",2,3,0
9085791,"男性",20,"5人以上世帯","未婚","カード","ない",180,433,3,"4年制大学",0,0,0
9089952,"男性",38,"3〜4人世帯","既婚","カード","ない",207,498,6,"4年制大学",6,13,0
9111090,"男性",31,"3〜4人世帯","既婚","カード","ない",171,378,31,"4年制大学",4,7,0
9111960,"男性",25,"3〜4人世帯","既婚","カード","ない",106,256,22,"大学院",14,4,1
9115797,"女性",29,"1〜2人世帯","既婚","カード","ない",170,408,1,"大学院",1,2,0
9132502,"女性",24,"1〜2人世帯","既婚","カード","ある",0,264,24,"大学院",7,6,0
9139184,"男性",19,"5人以上世帯","未婚","カード","ない",1747,235,2,"4年制大学",5,1,0
9148342,"男性",40,"3〜4人世帯","既婚","カード","ない",203,489,4,"専門学校",10,7,0
9159555,"男性",28,"3〜4人世帯","既婚","カード","ある",0,498,28,"4年制大学",10,4,0
9165189,"男性",41,"3〜4人世帯","既婚","カード","ない",254,610,1,"専門学校",3,7,0
9173075,"男性",20,"5人以上世帯","未婚","カード","ない",180,433,3,"4年制大学",0,0,0
9195049,"男性",32,"3〜4人世帯","既婚","カード","ある",285,481,3,"4年制大学",4,6,0
9196411,"男性",19,"5人以上世帯","未婚","現金","ない",0,166,1,"大学院",7,0,1
9199089,"男性",47,"3〜4人世帯","既婚","カード","ない",168,405,3,"4年制大学",12,9,0
9201886,"男性",37,"3〜4人世帯","既婚","カード","ない",143,344,6,"4年制大学",15,3,0
9203938,"男性",20,"5人以上世帯","未婚","カード","ない",0,393,5,"4年制大学",2,0,0
9205653,"男性",55,"3〜4人世帯","既婚","カード","ない",0,749,1,"専門学校",0,8,0
9207562,"男性",42,"3〜4人世帯","既婚","カード","ない",1341,427,6,"4年制大学",1,12,0
9216715,"男性",24,"3〜4人世帯","既婚","カード","ない",126,304,5,"4年制大学",13,1,0
9221522,"男性",50,"3〜4人世帯","既婚","カード","ない",148,524,30,"4年制大学",5,9,0
9221734,"女性",38,"1〜2人世帯","既婚","カード","ない",179,430,4,"大学院",4,5,0
9224603,"男性",34,"3〜4人世帯","既婚","カード","ない",509,211,1,"4年制大学",13,7,1
9226484,"男性",19,"5人以上世帯","未婚","現金","ない",0,375,0,"4年制大学",14,0,1
9230081,"女性",36,"1〜2人世帯","既婚","カード","ない",262,371,36,"4年制大学",9,4,0
9247684,"女性",32,"1〜2人世帯","既婚","カード","ない",165,396,3,"4年制大学",3,6,0
9250527,"男性",18,"5人以上世帯","未婚","現金","ない",81,195,1,"大学院",7,2,1
9268523,"男性",21,"5人以上世帯","未婚","カード","ない",173,417,7,"4年制大学",15,1,0
9274301,"男性",42,"3〜4人世帯","既婚","現金","ない",212,510,0,"4年制大学",1,5,1
9277503,"男性",30,"3〜4人世帯","既婚","現金","ない",171,412,0,"4年制大学",0,3,1
9278034,"男性",28,"3〜4人世帯","既婚","カード","ない",147,353,2,"4年制大学",5,5,0
9303871,"男性",29,"3〜4人世帯","既婚","カード","ない",0,554,2,"4年制大学",4,4,0
9309783,"男性",27,"3〜4人世帯","既婚","カード","ない",178,429,1,"4年制大学",9,6,0
9312439,"男性",50,"3〜4人世帯","既婚","カード","ない",189,454,5,"専門学校",6,10,0
9329194,"男性",33,"3〜4人世帯","既婚","カード","ない",643,296,8,"4年制大学",8,7,0
9330577,"男性",23,"3〜4人世帯","既婚","カード","ない",0,358,2,"4年制大学",11,3,0
9344461,"女性",20,"1〜2人世帯","既婚","カード","ない",192,461,3,"4年制大学",5,1,0
9348742,"男性",27,"3〜4人世帯","既婚","カード","ある",167,403,4,"4年制大学",4,3,0
9349780,"男性",25,"3〜4人世帯","既婚","カード","ない",188,452,2,"4年制大学",3,4,0
9352516,"女性",20,"1〜2人世帯","既婚","カード","ない",192,461,3,"4年制大学",5,1,0
9353034,"男性",41,"3〜4人世帯","既婚","カード","ない",222,535,7,"専門学校",1,6,0
9353810,"男性",21,"5人以上世帯","未婚","カード","ない",146,352,1,"専門学校",7,2,0
9358256,"女性",51,"1〜2人世帯","既婚","カード","ない",287,691,31,"専門学校",7,8,0
9365540,"男性",36,"3〜4人世帯","既婚","カード","ない",610,397,3,"4年制大学",6,14,0
9372159,"男性",43,"5人以上世帯","未婚","現金","ある",162,444,43,"4年制大学",4,10,0
9372171,"男性",38,"5人以上世帯","未婚","カード","ない",263,633,2,"専門学校",3,4,0
9390280,"男性",45,"3〜4人世帯","既婚","カード","ある",0,697,3,"専門学校",0,13,0
9392005,"男性",24,"3〜4人世帯","既婚","カード","ある",0,442,5,"4年制大学",5,2,0
9396361,"女性",40,"1〜2人世帯","既婚","カード","ない",190,458,4,"4年制大学",16,5,0
9404960,"男性",28,"3〜4人世帯","既婚","カード","ある",0,498,28,"4年制大学",10,4,0
9412649,"男性",38,"5人以上世帯","未婚","カード","ない",263,633,2,"専門学校",3,4,0
9443721,"男性",27,"5人以上世帯","未婚","カード","ない",681,277,2,"大学院",3,6,0
9450355,"男性",24,"3〜4人世帯","既婚","カード","ない",0,355,4,"4年制大学",8,4,0
9453004,"男性",26,"3〜4人世帯","既婚","カード","ない",154,370,2,"4年制大学",1,6,0
9458884,"男性",28,"3〜4人世帯","既婚","カード","ない",142,343,3,"4年制大学",2,5,0
9461407,"男性",51,"3〜4人世帯","既婚","カード","ある",280,672,31,"専門学校",5,10,0
9465134,"男性",23,"3〜4人世帯","既婚","カード","ない",308,329,8,"4年制大学",0,3,0
9472625,"男性",42,"3〜4人世帯","既婚","カード","ある",0,515,5,"4年制大学",16,13,0
9472789,"男性",58,"3〜4人世帯","既婚","カード","ある",369,887,5,"高校",7,9,0
9489885,"男性",28,"5人以上世帯","未婚","カード","ない",461,296,3,"4年制大学",5,6,0
9501605,"男性",28,"3〜4人世帯","既婚","カード","ある",184,443,4,"4年制大学",3,9,0
9513014,"男性",18,"5人以上世帯","未婚","カード","ない",0,160,15,"大学院",7,2,1
9513978,"女性",24,"1〜2人世帯","既婚","カード","ない",396,386,2,"4年制大学",16,3,1
9515681,"男性",38,"3〜4人世帯","既婚","カード","ない",1395,464,2,"4年制大学",6,3,0
9518680,"男性",55,"3〜4人世帯","既婚","カード","ない",339,814,1,"専門学校",4,9,0
9521944,"男性",59,"3〜4人世帯","既婚","カード","ない",234,562,5,"専門学校",3,14,0
9530296,"男性",29,"3〜4人世帯","既婚","カード","ない",127,306,2,"4年制大学",4,9,0
9533032,"男性",33,"3〜4人世帯","既婚","カード","ある",227,546,6,"4年制大学",9,4,0
9534191,"男性",22,"5人以上世帯","未婚","カード","ない",102,451,3,"4年制大学",5,3,0
9550167,"男性",25,"5人以上世帯","未婚","カード","ない",0,271,22,"大学院",16,5,1
9554622,"男性",26,"5人以上世帯","未婚","カード","ない",198,476,26,"4年制大学",9,6,0
9557257,"男性",55,"3〜4人世帯","既婚","カード","ない",0,643,35,"専門学校",15,6,0
9562211,"女性",28,"1〜2人世帯","既婚","カード","ない",595,254,3,"大学院",2,7,0
9564043,"男性",24,"3〜4人世帯","既婚","カード","ない",219,527,8,"4年制大学",2,3,0
9565439,"男性",28,"3〜4人世帯","既婚","カード","ある",184,443,4,"4年制大学",3,9,0
9565777,"男性",22,"5人以上世帯","未婚","カード","ある",463,351,22,"4年制大学",4,2,0
9567677,"男性",65,"3〜4人世帯","既婚","カード","ない",380,912,1,"高校",1,11,0
9589474,"男性",28,"3〜4人世帯","既婚","カード","ない",196,471,3,"4年制大学",2,5,0
9590364,"男性",51,"3〜4人世帯","既婚","カード","ある",280,672,31,"専門学校",5,10,0
9600223,"女性",32,"1〜2人世帯","既婚","カード","ない",0,274,1,"大学院",11,13,0
9603269,"男性",34,"3〜4人世帯","既婚","カード","ない",188,453,2,"4年制大学",7,11,0
9611624,"男性",36,"3〜4人世帯","既婚","カード","ない",184,443,2,"専門学校",4,8,0
9612255,"男性",36,"3〜4人世帯","既婚","カード","ない",275,660,7,"専門学校",12,11,0
9614067,"男性",27,"5人以上世帯","未婚","カード","ない",681,277,2,"大学院",3,6,0
9616094,"男性",45,"3〜4人世帯","既婚","現金","ない",377,906,2,"高校",10,8,0
9619010,"男性",31,"3〜4人世帯","既婚","カード","ない",171,412,2,"4年制大学",1,7,0
9624346,"女性",20,"1〜2人世帯","既婚","カード","ない",194,466,5,"4年制大学",7,0,0
9629087,"男性",37,"3〜4人世帯","既婚","カード","ない",1285,489,4,"専門学校",5,4,0
9630029,"男性",37,"3〜4人世帯","既婚","カード","ない",197,473,37,"4年制大学",9,6,0
9632951,"男性",23,"3〜4人世帯","既婚","カード","ある",162,391,7,"4年制大学",5,5,0
9633650,"女性",36,"1〜2人世帯","既婚","カード","ない",262,371,36,"4年制大学",9,4,0
9635311,"男性",18,"5人以上世帯","未婚","カード","ない",75,180,2,"大学院",12,2,1
9640472,"男性",55,"3〜4人世帯","既婚","カード","ない",0,643,35,"専門学校",15,6,0
9644193,"女性",34,"1〜2人世帯","既婚","カード","ある",182,437,3,"4年制大学",1,5,0
9646227,"男性",20,"5人以上世帯","未婚","カード","ない",851,222,1,"大学院",4,0,1
9655627,"男性",22,"5人以上世帯","未婚","カード","ある",463,351,22,"4年制大学",4,2,0
9658046,"女性",19,"1〜2人世帯","既婚","カード","ない",494,264,2,"大学院",6,0,0
9669985,"女性",34,"1〜2人世帯","既婚","カード","ない",205,492,1,"4年制大学",16,4,0
9680234,"男性",35,"3〜4人世帯","既婚","カード","ない",190,456,2,"4年制大学",3,3,0
9684425,"男性",39,"3〜4人世帯","既婚","カード","ない",1205,437,2,"4年制大学",17,5,0
9692079,"女性",34,"1〜2人世帯","既婚","カード","ない",205,492,1,"4年制大学",16,4,0
9698984,"女性",51,"1〜2人世帯","既婚","カード","ない",287,691,31,"専門学校",7,8,0
9712379,"男性",45,"3〜4人世帯","既婚","カード","ない",467,674,1,"専門学校",4,7,0
9719375,"男性",26,"5人以上世帯","未婚","カード","ない",198,476,26,"4年制大学",9,6,0
9725017,"男性",26,"3〜4人世帯","既婚","カード","ない",0,360,3,"4年制大学",10,7,0
9728181,"男性",30,"3〜4人世帯","既婚","カード","ない",257,401,1,"4年制大学",9,2,0
9746005,"男性",33,"3〜4人世帯","既婚","カード","ある",152,367,33,"4年制大学",2,4,0
9749914,"男性",33,"3〜4人世帯","既婚","カード","ない",0,337,3,"4年制大学",3,11,0
9764597,"男性",18,"5人以上世帯","未婚","カード","ない",217,523,4,"4年制大学",6,2,0
9780625,"男性",27,"3〜4人世帯","既婚","現金","ある",0,396,0,"4年制大学",5,3,1
9781104,"男性",25,"3〜4人世帯","既婚","カード","ある",230,553,7,"4年制大学",2,7,0
9786688,"男性",29,"3〜4人世帯","既婚","カード","ない",228,549,6,"専門学校",6,11,0
9789633,"男性",22,"5人以上世帯","未婚","カード","ない",98,237,2,"大学院",1,2,0
9799549,"男性",43,"3〜4人世帯","既婚","カード","ある",1085,498,7,"4年制大学",13,9,0
9799592,"男性",25,"3〜4人世帯","既婚","現金","ない",967,421,0,"4年制大学",11,7,1
