ID,果物･野菜,肉,日用雑貨,缶詰野菜,缶詰肉,冷凍肉,ビール,ワイン,清涼飲料,魚,菓子
1,"F","T","T","F","F","F","F","F","F","F","T"
2,"F","T","F","F","F","F","F","F","F","F","T"
3,"F","F","F","T","F","T","T","F","F","T","F"
4,"F","F","T","F","F","F","F","T","F","F","F"
5,"F","F","F","F","F","F","F","F","F","F","F"
6,"F","T","F","F","F","F","F","T","F","T","F"
7,"T","F","F","F","F","F","F","F","T","F","F"
8,"F","F","F","F","F","F","T","F","F","F","F"
9,"T","F","F","F","F","T","F","F","F","F","F"
10,"T","F","F","F","F","F","F","F","F","T","F"
11,"T","T","T","T","F","F","F","T","F","T","F"
12,"T","F","F","F","F","F","F","F","F","T","F"
13,"F","F","T","F","T","T","F","F","F","T","F"
14,"F","F","F","F","F","F","F","F","T","T","F"
15,"T","F","T","F","F","F","F","F","T","T","F"
16,"F","F","F","F","F","T","T","F","T","F","F"
17,"T","F","F","T","F","F","F","F","F","T","F"
18,"F","F","F","F","F","F","F","F","F","T","F"
19,"F","F","F","F","F","F","T","F","F","T","F"
20,"T","F","F","T","F","F","F","T","F","T","T"
21,"F","F","F","F","F","T","F","F","F","T","F"
22,"F","F","F","F","F","F","F","T","F","F","T"
23,"F","F","F","F","F","F","F","F","F","T","F"
24,"T","T","T","T","T","T","T","T","F","F","F"
25,"F","F","F","F","F","F","T","F","F","F","T"
26,"T","F","T","F","F","T","T","F","F","F","F"
27,"F","T","F","F","F","F","F","T","F","F","T"
28,"F","F","F","F","F","F","F","F","F","F","F"
29,"F","T","F","F","F","F","F","T","F","T","T"
30,"F","F","F","F","T","F","F","F","F","F","F"
31,"F","F","F","F","F","T","T","T","F","T","F"
32,"F","F","F","F","F","T","F","T","F","F","F"
33,"F","F","F","T","T","F","T","T","F","F","F"
34,"T","F","F","F","F","F","F","F","F","F","F"
35,"F","T","F","F","F","F","F","F","T","F","F"
36,"F","F","F","F","F","F","F","F","F","F","F"
37,"T","F","F","F","F","F","F","F","F","F","F"
38,"F","T","F","F","F","F","F","F","F","F","F"
39,"F","F","F","F","F","F","F","F","F","T","T"
40,"F","F","F","F","F","F","F","T","F","F","T"
41,"F","T","F","F","F","F","T","F","F","F","F"
42,"F","F","F","F","F","F","F","F","T","F","F"
43,"F","F","F","T","T","T","T","T","F","T","F"
44,"T","F","F","F","T","F","F","F","F","F","F"
45,"T","T","F","F","F","F","F","F","F","F","F"
46,"F","F","F","F","F","F","F","T","F","F","F"
47,"F","F","F","F","F","F","F","F","F","T","F"
48,"F","F","F","F","F","T","F","T","F","F","T"
49,"F","F","F","F","F","F","F","T","T","F","T"
50,"F","F","F","F","F","T","F","F","F","F","F"
51,"F","F","F","F","F","T","F","F","F","F","F"
52,"T","F","F","F","F","F","T","T","F","T","F"
53,"F","T","F","F","F","F","F","T","T","F","F"
54,"F","F","F","T","F","T","T","F","T","F","F"
55,"F","F","T","F","F","F","T","F","F","F","F"
56,"F","F","F","F","F","F","F","T","F","F","F"
57,"T","F","F","F","F","F","F","F","F","F","F"
58,"T","F","F","T","F","F","T","T","F","F","F"
59,"F","F","F","F","F","F","F","T","F","T","T"
60,"F","F","F","F","F","F","F","F","F","F","T"
61,"F","F","F","F","F","F","F","F","T","F","F"
62,"F","F","F","T","T","F","F","F","T","F","T"
63,"F","F","T","F","T","F","F","F","F","T","F"
64,"F","F","F","F","F","F","F","T","F","F","T"
65,"T","F","T","F","F","F","F","F","F","F","T"
66,"F","F","T","T","T","T","T","F","T","F","F"
67,"F","F","F","F","T","F","F","F","T","T","F"
68,"F","F","F","F","F","F","T","F","F","F","F"
69,"T","F","T","F","F","F","F","F","F","F","F"
70,"T","F","T","T","F","F","F","F","F","F","F"
71,"T","T","T","F","F","F","F","T","F","F","T"
72,"F","F","F","F","T","F","F","F","F","F","F"
73,"F","F","F","F","F","T","F","F","F","F","F"
74,"T","F","F","F","F","F","T","T","F","F","T"
75,"F","F","F","F","F","T","F","F","F","T","F"
76,"F","F","F","F","F","T","F","T","F","F","T"
77,"F","F","F","F","F","T","F","F","F","F","F"
78,"T","F","F","T","F","F","T","F","F","T","F"
79,"F","F","F","F","F","T","F","F","F","T","F"
80,"F","F","F","T","F","T","T","F","F","F","F"
81,"F","F","F","F","F","F","F","F","F","F","F"
82,"T","F","F","F","F","F","F","F","F","F","F"
83,"T","F","F","F","F","F","F","F","F","T","F"
84,"F","F","F","F","T","F","F","F","F","T","F"
85,"F","F","F","F","F","F","T","F","F","F","F"
86,"F","T","F","F","F","T","F","F","F","T","F"
87,"F","F","F","F","F","F","F","F","F","F","F"
88,"F","F","F","F","F","T","F","F","T","F","F"
89,"F","F","F","F","F","F","F","F","F","F","F"
90,"F","F","F","F","F","F","F","T","T","F","T"
91,"F","F","F","T","F","T","T","T","F","T","F"
92,"F","F","F","F","F","F","F","F","F","F","F"
93,"T","F","F","F","F","F","F","T","T","T","F"
94,"F","T","F","F","F","F","T","F","F","F","F"
95,"T","T","F","F","F","F","F","F","F","F","F"
96,"F","F","T","T","F","T","T","F","T","F","F"
97,"F","F","T","F","F","F","F","F","T","F","T"
98,"F","F","F","T","F","T","T","F","F","F","F"
99,"F","T","F","F","F","T","F","F","T","F","F"
100,"F","F","F","T","F","F","F","T","F","F","F"
101,"T","F","F","F","T","F","T","F","F","F","T"
102,"T","F","T","T","F","F","F","F","F","T","F"
103,"F","F","T","F","F","F","F","F","F","F","F"
104,"F","F","T","F","T","F","F","F","F","F","F"
105,"F","F","F","F","F","T","F","F","F","T","F"
106,"F","F","F","F","F","F","F","F","F","F","F"
107,"T","T","F","F","F","F","F","F","F","F","T"
108,"F","F","T","T","F","T","T","F","F","F","F"
109,"F","F","F","T","T","T","T","T","F","T","F"
110,"F","F","F","F","T","F","F","F","T","F","F"
111,"F","F","F","F","T","T","F","F","F","F","F"
112,"F","F","F","T","F","T","T","F","T","T","F"
113,"T","F","F","T","T","T","T","T","F","T","F"
114,"F","F","F","T","T","F","F","F","F","T","T"
115,"F","T","F","F","F","F","T","T","T","F","F"
116,"F","T","F","F","F","F","F","F","T","T","F"
117,"F","F","F","F","F","F","F","F","F","F","F"
118,"T","F","F","F","F","F","F","F","F","F","F"
119,"F","F","T","F","F","F","T","F","F","F","T"
120,"F","F","T","F","F","F","F","T","F","F","F"
121,"T","F","T","F","F","T","F","F","F","T","F"
122,"T","F","F","F","F","F","T","F","F","T","F"
123,"F","F","F","F","F","T","F","T","F","F","T"
124,"F","F","F","T","T","F","F","F","F","F","F"
125,"F","F","F","T","F","T","T","T","F","F","F"
126,"F","F","T","F","F","T","T","F","F","F","T"
127,"T","T","F","T","F","F","F","F","F","T","F"
128,"F","F","F","F","T","F","F","T","F","F","T"
129,"T","F","T","F","F","F","F","F","F","T","F"
130,"F","T","F","F","F","F","F","F","F","F","F"
131,"T","F","F","F","F","F","T","F","T","T","F"
132,"F","F","F","F","F","T","F","F","T","F","F"
133,"F","F","T","T","F","F","F","F","F","F","F"
134,"F","F","F","T","F","F","F","F","F","F","F"
135,"F","F","F","F","F","F","T","F","F","F","F"
136,"F","F","F","T","F","T","F","T","T","F","F"
137,"F","F","F","T","F","F","T","F","T","T","F"
138,"T","F","F","F","F","T","T","F","T","T","F"
139,"F","T","F","T","T","T","T","F","T","F","T"
140,"T","F","F","F","F","F","F","F","F","F","F"
141,"F","F","F","T","T","F","F","T","F","T","T"
142,"F","F","F","F","F","F","F","T","T","F","F"
143,"F","F","F","T","F","T","T","F","F","F","F"
144,"T","F","F","F","F","F","F","F","F","F","F"
145,"F","F","F","T","F","F","F","F","F","F","F"
146,"F","F","F","F","F","F","F","F","F","F","F"
147,"F","T","F","T","T","T","T","T","F","F","T"
148,"F","F","F","F","T","T","T","F","F","F","F"
149,"T","F","F","T","F","T","T","T","F","F","F"
150,"F","F","F","T","F","T","T","F","F","T","F"
151,"F","F","F","F","T","F","F","F","F","F","F"
152,"F","F","F","T","F","F","F","F","F","T","F"
153,"F","T","F","F","T","F","F","F","F","F","F"
154,"F","F","F","T","T","T","T","F","F","F","T"
155,"F","T","T","F","F","F","F","T","F","F","T"
156,"T","T","F","F","F","F","F","F","T","F","F"
157,"F","F","F","T","F","F","F","F","F","F","F"
158,"F","F","F","T","T","T","T","F","F","F","F"
159,"F","F","F","F","T","F","F","F","F","T","F"
160,"F","F","F","T","F","T","F","F","F","F","F"
161,"T","T","F","T","F","T","T","F","F","T","F"
162,"F","F","T","F","F","F","T","T","F","F","T"
163,"F","F","F","T","T","T","T","T","F","F","F"
164,"F","F","F","F","F","F","F","F","F","F","F"
165,"F","F","F","F","F","F","F","T","F","F","F"
166,"T","F","F","F","F","F","F","T","F","F","T"
167,"F","F","F","F","F","T","F","F","F","F","F"
168,"T","F","F","F","F","T","T","F","F","F","F"
169,"F","T","T","T","F","T","F","F","F","T","T"
170,"T","F","F","T","F","T","T","F","F","T","F"
171,"T","F","F","T","F","F","F","T","F","F","F"
172,"F","F","F","F","F","F","F","F","F","F","F"
173,"F","F","F","F","F","F","F","T","T","F","F"
174,"F","T","F","F","F","F","T","F","F","F","F"
175,"F","F","F","F","F","F","T","F","T","T","F"
176,"F","F","F","T","T","T","T","F","T","F","F"
177,"F","F","T","F","F","T","F","T","T","F","T"
178,"F","F","F","F","F","F","F","T","F","F","T"
179,"T","F","F","F","F","F","T","F","F","F","F"
180,"T","F","T","F","F","T","T","F","F","F","F"
181,"F","F","F","T","F","T","T","T","F","T","F"
182,"F","F","F","T","F","F","T","F","F","F","F"
183,"F","F","F","F","T","F","F","F","F","F","F"
184,"T","F","F","F","T","F","F","F","F","T","F"
185,"F","F","F","T","T","F","F","T","F","F","T"
186,"T","F","F","F","F","F","T","F","F","F","F"
187,"T","F","F","F","F","F","F","T","F","F","T"
188,"F","T","F","F","F","F","F","F","F","T","T"
189,"F","T","F","T","F","T","T","T","F","T","T"
190,"F","F","F","T","T","T","T","F","F","T","F"
191,"F","F","F","F","F","F","T","F","F","F","F"
192,"F","F","F","F","F","F","F","F","T","T","F"
193,"F","F","T","F","F","F","F","F","F","F","F"
194,"T","F","F","T","F","T","T","T","F","T","F"
195,"F","F","F","F","F","F","F","F","F","F","F"
196,"T","F","T","F","F","T","F","T","T","T","T"
197,"F","F","F","F","F","T","F","F","F","F","F"
198,"T","F","F","F","F","F","F","T","T","F","T"
199,"F","F","F","T","F","T","T","T","T","F","F"
200,"F","F","F","T","F","T","T","F","F","F","T"
201,"F","F","F","F","F","T","F","F","F","F","T"
202,"F","F","F","T","F","T","T","F","F","T","F"
203,"F","F","F","F","T","F","T","F","F","F","F"
204,"T","F","F","T","T","T","T","F","F","F","F"
205,"F","F","F","F","F","F","T","F","F","F","T"
206,"F","F","F","T","T","T","F","F","F","F","T"
207,"F","F","F","F","F","F","F","F","F","F","T"
208,"F","F","F","F","T","F","F","F","T","F","T"
209,"F","F","F","T","F","F","F","T","F","F","T"
210,"T","F","F","F","F","F","F","F","F","T","T"
211,"F","F","F","F","F","F","F","T","F","F","T"
212,"F","F","F","F","T","F","F","F","F","T","F"
213,"F","F","F","F","T","F","F","F","F","F","F"
214,"T","F","F","F","T","F","F","F","F","T","F"
215,"F","T","F","F","T","F","F","F","F","F","T"
216,"T","F","F","T","F","F","F","T","F","F","F"
217,"T","F","T","F","F","F","F","F","F","F","F"
218,"F","F","F","T","F","F","F","T","F","F","T"
219,"F","F","F","T","F","T","T","T","T","F","F"
220,"F","T","F","T","T","T","F","F","T","F","F"
221,"T","F","F","F","F","F","F","T","F","T","F"
222,"T","T","F","F","T","F","F","F","T","F","F"
223,"F","T","F","F","F","F","F","T","F","F","T"
224,"T","F","F","T","F","T","F","F","F","T","F"
225,"T","F","F","F","F","F","F","T","F","F","T"
226,"T","T","T","F","F","F","F","T","F","F","T"
227,"F","F","F","F","F","F","T","F","F","F","F"
228,"F","F","F","F","F","F","F","F","F","F","F"
229,"F","T","F","F","F","F","F","F","F","F","F"
230,"F","F","F","F","F","F","F","T","F","F","T"
231,"F","F","F","T","F","T","T","F","T","F","T"
232,"T","F","T","F","F","F","F","T","F","T","T"
233,"F","F","T","T","T","F","F","T","F","F","F"
234,"F","F","T","F","T","T","F","T","F","F","F"
235,"F","F","T","F","F","T","F","F","F","F","F"
236,"F","F","F","F","F","F","F","F","F","F","F"
237,"F","F","F","F","F","F","T","F","F","F","F"
238,"F","F","F","F","F","F","F","T","F","T","F"
239,"F","F","F","F","F","F","F","T","F","F","T"
240,"F","F","F","F","F","F","T","F","F","F","F"
241,"F","F","F","F","T","F","F","F","F","F","F"
242,"T","F","F","T","T","T","T","T","F","T","F"
243,"F","F","F","F","F","F","F","F","F","F","F"
244,"T","T","F","F","F","F","F","F","F","F","T"
245,"T","T","F","F","F","F","F","F","T","T","F"
246,"T","F","T","T","F","T","T","F","F","T","F"
247,"F","F","F","F","F","F","F","F","F","T","F"
248,"F","F","F","F","F","F","F","F","F","F","T"
249,"F","F","F","F","F","F","F","F","F","F","T"
250,"F","F","F","F","F","F","F","F","F","F","T"
251,"T","F","T","F","F","F","F","F","F","F","F"
252,"F","F","F","F","F","F","F","F","T","F","F"
253,"F","F","F","T","F","F","F","F","F","F","F"
254,"F","T","F","F","F","T","T","T","F","F","F"
255,"F","F","F","F","F","F","F","F","T","F","F"
256,"F","F","F","F","F","T","F","T","F","F","T"
257,"F","F","F","T","F","F","F","F","F","F","T"
258,"F","F","T","F","F","F","F","T","T","F","T"
259,"T","F","T","T","T","T","F","F","T","T","F"
260,"F","F","F","F","F","F","F","F","F","F","F"
261,"T","F","F","F","F","F","T","T","F","F","T"
262,"F","F","F","T","F","F","F","F","F","F","F"
263,"T","T","F","F","F","F","F","F","F","F","F"
264,"F","T","F","T","F","T","T","F","F","F","F"
265,"T","F","F","F","F","T","F","F","F","T","F"
266,"T","F","F","F","F","F","F","T","F","F","F"
267,"T","F","F","T","F","T","T","T","F","F","F"
268,"F","F","F","T","F","T","F","T","F","T","F"
269,"F","F","F","F","F","T","T","T","F","F","F"
270,"F","T","F","F","F","F","F","F","F","F","F"
271,"F","F","F","F","F","T","F","F","F","F","T"
272,"T","F","F","F","F","F","F","F","F","F","F"
273,"F","F","F","T","F","F","F","T","F","F","T"
274,"T","T","F","T","F","F","F","F","F","T","T"
275,"F","F","F","T","F","F","F","F","F","F","F"
276,"F","F","F","F","F","F","T","T","F","F","T"
277,"F","F","F","F","T","T","F","T","T","F","T"
278,"F","F","F","F","F","F","F","F","F","F","F"
279,"F","F","F","T","F","F","T","T","F","F","T"
280,"F","F","F","F","F","F","F","F","F","F","F"
281,"F","F","F","T","T","T","F","T","F","F","F"
282,"F","F","F","T","T","F","F","T","T","F","F"
283,"T","F","F","F","F","F","F","T","T","F","T"
284,"F","F","F","F","F","F","F","T","F","F","F"
285,"F","F","F","T","T","F","F","T","F","F","F"
286,"F","F","F","F","F","F","F","T","F","F","T"
287,"T","F","F","F","F","T","F","F","T","T","F"
288,"F","T","T","T","F","F","F","T","F","F","T"
289,"T","F","T","F","T","T","F","F","T","F","F"
290,"F","T","T","F","F","T","F","T","F","F","F"
291,"F","T","F","F","F","F","F","T","F","F","T"
292,"T","F","F","F","T","F","F","T","T","T","T"
293,"F","F","T","F","T","T","T","T","F","F","F"
294,"T","F","F","T","F","F","F","T","F","F","F"
295,"T","F","T","F","F","F","F","F","F","F","F"
296,"F","F","F","F","F","T","F","F","F","T","F"
297,"T","T","F","F","F","F","F","F","F","T","F"
298,"F","T","F","F","F","F","F","F","F","F","T"
299,"T","F","F","F","F","F","F","F","F","F","F"
300,"T","F","F","F","F","F","F","F","F","T","F"
301,"T","F","F","F","T","F","F","F","F","F","F"
302,"F","F","F","T","F","F","F","T","T","F","F"
303,"F","F","F","F","F","F","F","F","F","F","F"
304,"F","F","F","T","F","T","T","T","F","F","F"
305,"F","F","F","F","F","F","F","T","F","F","T"
306,"F","T","F","T","T","T","T","F","F","F","F"
307,"F","T","F","F","T","F","F","T","F","F","T"
308,"T","F","F","T","F","T","T","F","F","F","F"
309,"F","F","F","F","F","F","T","F","F","F","F"
310,"F","F","F","F","F","F","T","F","F","F","F"
311,"F","F","F","F","F","F","F","F","F","T","F"
312,"F","F","F","T","F","F","F","F","F","F","F"
313,"F","F","F","F","F","F","F","F","F","F","F"
314,"F","F","F","F","F","F","F","F","F","F","F"
315,"T","F","F","F","F","F","F","F","F","F","T"
316,"F","F","F","F","F","F","F","F","F","F","F"
317,"T","T","T","F","F","F","T","T","F","T","T"
318,"F","F","T","F","F","F","F","F","F","T","F"
319,"F","F","F","T","F","T","T","F","F","F","F"
320,"F","F","T","F","F","F","F","F","F","T","T"
321,"F","T","T","F","T","F","F","F","F","F","F"
322,"F","F","T","F","F","F","F","F","F","F","F"
323,"F","F","F","T","F","T","T","F","F","F","F"
324,"T","F","F","T","T","F","T","F","F","F","F"
325,"F","F","F","T","F","T","T","F","F","F","F"
326,"F","F","F","T","T","T","F","F","F","F","F"
327,"F","F","F","F","F","F","F","F","F","F","F"
328,"T","F","F","F","F","T","F","F","F","T","T"
329,"T","F","F","F","F","T","F","F","F","T","T"
330,"F","F","F","F","F","F","F","F","F","T","F"
331,"F","F","F","F","T","F","F","F","F","F","F"
332,"T","F","T","F","F","F","F","F","F","T","T"
333,"F","F","T","F","F","T","T","T","F","F","T"
334,"F","F","F","F","T","T","F","F","F","F","F"
335,"F","F","F","T","T","F","F","F","F","F","F"
336,"T","T","T","T","F","F","F","T","T","T","F"
337,"F","T","F","T","T","T","T","F","F","F","F"
338,"F","F","F","F","T","F","F","F","T","F","F"
339,"F","F","F","F","F","F","F","F","F","F","F"
340,"T","T","F","F","F","F","F","F","T","F","F"
341,"F","F","F","T","F","F","F","F","F","F","T"
342,"T","F","T","F","F","F","F","F","F","F","T"
343,"F","F","F","T","F","T","T","F","F","T","T"
344,"F","F","T","F","F","F","F","F","F","F","F"
345,"F","F","F","F","F","F","F","T","F","F","F"
346,"F","F","F","F","F","F","T","F","F","F","T"
347,"F","F","F","T","F","T","T","F","F","F","F"
348,"T","F","F","F","F","T","F","T","F","T","T"
349,"F","F","F","F","F","F","F","F","F","F","F"
350,"T","F","F","F","T","F","T","F","F","F","F"
351,"F","F","T","F","T","T","F","T","F","T","T"
352,"F","F","F","F","F","F","F","T","T","T","T"
353,"F","F","F","F","F","F","F","F","F","F","F"
354,"T","F","F","F","F","F","F","F","T","F","F"
355,"F","F","F","T","T","T","T","F","F","F","F"
356,"F","T","F","T","F","T","T","T","F","F","F"
357,"F","T","F","F","F","F","F","F","F","F","T"
358,"F","F","F","T","T","T","T","F","F","F","F"
359,"F","F","T","T","F","T","T","F","F","F","F"
360,"F","F","F","F","F","F","F","F","F","F","F"
361,"F","F","F","T","F","F","F","F","F","F","F"
362,"T","F","F","F","T","F","T","T","F","T","T"
363,"F","F","F","F","F","F","F","F","F","F","F"
364,"F","F","T","T","F","F","F","F","T","F","F"
365,"T","F","F","T","F","F","F","T","T","T","F"
366,"T","F","F","F","T","T","F","F","F","T","T"
367,"T","F","F","F","F","F","F","T","F","F","T"
368,"F","T","F","T","F","T","T","F","F","T","F"
369,"F","F","T","F","F","F","F","T","T","F","F"
370,"F","F","T","F","F","F","F","T","F","F","T"
371,"F","F","F","F","F","F","F","F","F","F","T"
372,"F","T","F","F","F","F","F","F","F","F","F"
373,"T","F","F","F","F","F","F","F","F","T","F"
374,"T","F","F","F","F","F","F","F","F","F","F"
375,"T","F","F","F","F","F","F","F","F","T","T"
376,"T","F","F","F","F","F","F","T","F","T","T"
377,"F","F","T","F","F","F","F","F","F","T","T"
378,"F","F","F","F","F","F","F","F","F","T","F"
379,"F","F","F","F","F","F","F","F","T","T","F"
380,"T","F","F","F","F","F","F","F","F","T","F"
381,"F","T","F","F","F","F","F","F","F","F","F"
382,"F","F","F","T","F","T","F","F","T","F","F"
383,"T","F","F","F","F","F","F","T","T","F","F"
384,"F","F","F","F","F","T","F","F","T","T","F"
385,"F","F","T","F","F","F","F","F","F","T","T"
386,"T","F","F","F","T","T","F","T","F","F","F"
387,"T","F","F","F","F","F","T","F","F","T","F"
388,"T","F","T","F","F","F","F","T","F","T","T"
389,"F","F","T","F","F","F","T","F","F","F","F"
390,"F","F","F","T","F","T","T","F","T","F","F"
391,"F","T","F","F","F","F","F","F","F","F","T"
392,"F","T","F","F","F","T","F","F","F","F","F"
393,"F","F","F","T","F","T","T","F","T","F","F"
394,"T","F","F","T","F","T","T","F","F","T","F"
395,"F","F","F","T","F","T","T","T","F","F","F"
396,"F","F","F","F","F","F","F","F","F","T","F"
397,"F","F","F","F","F","F","F","F","F","F","F"
398,"F","F","F","F","F","F","F","F","F","T","T"
399,"F","F","F","F","F","F","F","F","F","T","T"
400,"F","F","F","T","F","T","T","F","F","F","T"
401,"F","F","F","T","F","T","T","F","F","F","F"
402,"F","F","T","F","F","F","F","F","T","F","F"
403,"T","F","F","F","F","F","F","F","F","T","F"
404,"F","F","F","T","T","T","T","T","F","T","F"
405,"F","F","T","T","F","T","T","F","F","F","F"
406,"T","F","F","F","F","T","F","F","F","T","F"
407,"F","F","F","F","T","F","F","T","F","F","T"
408,"F","T","F","T","F","F","F","T","F","F","F"
409,"F","F","F","F","F","T","F","F","F","F","F"
410,"F","F","F","F","F","F","F","T","F","T","F"
411,"F","F","F","T","T","F","F","T","T","F","F"
412,"T","F","F","T","F","T","T","F","F","F","F"
413,"F","F","T","T","F","T","T","F","F","F","F"
414,"F","T","F","F","F","F","F","T","T","T","T"
415,"F","F","F","F","F","F","F","T","T","F","T"
416,"F","F","F","F","F","F","F","F","F","F","F"
417,"T","T","F","F","F","F","F","F","F","T","F"
418,"F","F","F","F","F","F","F","F","F","F","F"
419,"F","F","T","F","F","F","F","F","F","F","F"
420,"F","T","F","T","F","T","T","F","F","F","T"
421,"F","F","T","F","F","F","F","F","F","T","F"
422,"F","F","F","T","F","T","T","F","F","F","F"
423,"F","F","F","F","F","T","F","F","F","T","F"
424,"F","T","F","F","F","F","T","F","F","F","F"
425,"T","F","F","F","T","T","F","F","F","F","F"
426,"F","F","F","T","T","F","F","T","T","F","F"
427,"F","F","T","F","F","F","F","F","F","F","F"
428,"F","F","F","F","T","F","F","T","F","F","F"
429,"F","F","F","F","T","F","F","T","F","T","T"
430,"F","F","F","F","F","F","F","F","F","F","F"
431,"T","F","T","F","F","F","F","F","F","F","F"
432,"T","F","F","T","T","T","T","F","F","T","F"
433,"T","T","T","F","F","F","T","F","F","T","F"
434,"F","F","F","F","F","F","F","F","F","F","F"
435,"T","T","F","F","T","T","F","F","F","F","F"
436,"F","F","F","T","F","F","F","F","F","F","T"
437,"F","T","T","F","F","F","T","F","F","T","F"
438,"T","F","T","F","T","F","F","F","F","T","F"
439,"F","F","F","T","F","T","F","F","T","F","F"
440,"F","F","T","F","T","F","T","F","T","F","F"
441,"F","F","F","T","T","T","T","F","F","F","F"
442,"T","F","F","T","F","T","T","T","F","T","F"
443,"F","F","F","T","F","T","F","F","F","F","F"
444,"T","F","F","F","F","F","F","T","F","F","F"
445,"T","F","F","F","F","F","T","F","F","T","F"
446,"F","F","T","F","F","F","F","T","F","F","T"
447,"F","T","F","F","F","F","F","F","F","F","F"
448,"F","F","F","T","F","T","T","F","F","F","F"
449,"T","F","F","F","T","F","F","F","F","T","T"
450,"F","F","F","F","T","T","F","F","F","F","T"
451,"F","F","F","F","F","F","F","T","F","F","T"
452,"F","T","F","F","F","F","F","F","F","T","F"
453,"T","T","F","F","T","F","F","F","F","F","T"
454,"T","F","F","F","T","F","F","F","F","F","F"
455,"F","F","F","F","F","F","T","F","F","F","F"
456,"T","F","F","T","F","T","T","F","F","T","F"
457,"F","F","F","F","F","F","F","F","T","T","T"
458,"T","F","F","F","F","F","F","F","T","T","T"
459,"F","F","F","F","T","T","F","F","F","F","F"
460,"F","F","F","F","T","F","F","T","F","F","F"
461,"T","F","F","F","T","F","F","F","F","T","F"
462,"T","T","F","F","F","F","F","F","F","T","F"
463,"F","F","T","T","T","T","T","F","T","F","F"
464,"F","F","F","F","F","F","F","T","F","F","T"
465,"F","F","T","T","F","T","T","F","F","F","F"
466,"F","F","F","T","F","T","T","F","T","F","F"
467,"T","F","F","T","T","T","T","T","F","T","T"
468,"F","T","F","F","F","F","F","F","F","F","F"
469,"F","F","T","T","T","F","F","T","F","F","T"
470,"T","T","F","F","F","F","F","T","F","F","F"
471,"F","F","T","F","F","T","T","F","F","F","F"
472,"T","F","F","F","F","T","F","T","F","F","T"
473,"T","F","F","F","F","F","T","T","F","T","T"
474,"F","F","F","T","T","F","F","F","F","T","T"
475,"F","F","F","T","F","T","T","F","T","F","F"
476,"T","F","F","F","T","F","T","F","F","T","F"
477,"F","F","F","F","F","F","F","F","F","F","T"
478,"F","T","F","F","F","F","T","T","F","F","F"
479,"F","F","T","F","F","F","F","F","F","F","F"
480,"F","F","F","F","F","F","F","F","F","T","F"
481,"T","F","F","F","F","T","F","F","F","T","F"
482,"F","F","F","F","T","T","F","F","F","F","F"
483,"F","F","T","F","T","F","F","F","F","F","F"
484,"T","F","F","F","T","F","F","F","F","T","F"
485,"F","F","F","F","F","F","T","F","F","F","F"
486,"F","F","F","F","F","F","F","F","T","F","T"
487,"F","F","F","F","T","F","F","F","T","F","T"
488,"F","F","F","T","F","F","F","T","F","F","F"
489,"F","F","F","F","F","F","F","F","T","F","F"
490,"F","F","F","T","F","T","T","F","F","T","F"
491,"T","T","F","F","T","F","F","T","F","T","T"
492,"F","F","F","F","F","F","T","T","F","F","T"
493,"T","F","T","T","F","T","F","F","T","F","F"
494,"F","F","F","T","F","T","F","T","F","F","F"
495,"F","F","F","T","F","T","T","F","F","F","F"
496,"F","F","F","F","T","T","F","F","F","T","F"
497,"T","F","T","F","F","F","F","F","T","F","F"
498,"F","F","F","T","F","T","T","F","F","F","F"
499,"F","F","F","F","F","F","F","F","F","F","T"
500,"F","F","F","F","F","F","F","T","T","F","F"
501,"T","F","T","F","F","F","F","F","F","F","F"
502,"T","F","F","F","F","F","T","T","F","F","T"
503,"F","F","F","F","F","F","F","F","F","F","F"
504,"F","F","F","T","F","F","F","F","F","F","T"
505,"T","T","T","F","F","F","F","F","F","F","F"
506,"F","F","F","F","F","F","F","F","T","F","F"
507,"F","T","T","F","F","F","F","F","F","F","F"
508,"F","T","F","F","F","F","F","F","F","F","F"
509,"F","F","F","F","F","F","F","T","F","F","T"
510,"F","T","T","F","F","F","T","F","T","F","T"
511,"F","F","F","F","T","F","F","F","T","T","F"
512,"T","F","F","F","F","F","T","T","F","F","T"
513,"F","F","F","F","F","F","T","F","F","F","F"
514,"F","F","F","T","F","F","F","F","F","F","F"
515,"F","F","F","T","F","T","T","T","F","F","F"
516,"F","T","F","F","F","F","F","F","F","F","T"
517,"F","F","F","F","F","F","F","F","F","F","F"
518,"F","F","F","F","F","F","F","F","F","T","F"
519,"F","T","F","T","F","F","F","F","T","F","T"
520,"T","F","F","T","F","F","F","T","F","F","F"
521,"F","T","F","F","T","F","F","F","F","F","F"
522,"F","F","T","F","F","F","T","F","F","F","F"
523,"F","F","F","T","F","T","F","T","F","F","T"
524,"F","F","F","F","F","F","F","F","F","T","F"
525,"F","F","F","F","F","F","F","T","F","F","F"
526,"T","F","F","T","F","F","F","F","F","T","F"
527,"T","T","F","T","F","F","T","F","F","F","F"
528,"T","T","F","F","F","F","T","T","F","T","F"
529,"T","F","F","F","F","F","T","F","T","T","F"
530,"T","T","F","T","F","F","F","T","T","T","T"
531,"F","F","F","F","F","T","F","F","F","F","F"
532,"T","F","F","T","F","T","T","F","T","F","F"
533,"T","F","F","F","T","F","T","F","F","T","F"
534,"T","F","F","F","T","F","F","T","F","F","T"
535,"F","F","F","F","F","F","F","T","F","T","F"
536,"T","F","T","F","T","T","F","F","T","T","F"
537,"T","F","F","T","F","F","F","F","F","F","F"
538,"F","T","F","T","F","T","T","F","F","F","F"
539,"F","F","F","F","T","F","F","F","F","T","F"
540,"F","T","F","F","F","F","F","F","F","F","F"
541,"F","T","F","T","F","F","T","F","F","F","F"
542,"T","T","F","T","F","T","T","F","F","T","F"
543,"F","F","F","F","F","T","F","T","F","T","T"
544,"F","F","F","T","F","T","T","T","F","F","F"
545,"T","F","F","F","F","F","F","F","F","F","T"
546,"F","F","F","F","F","F","F","T","F","F","F"
547,"F","F","F","T","F","F","F","T","F","F","T"
548,"F","T","F","F","F","F","F","T","F","F","F"
549,"F","F","F","F","F","F","F","T","F","F","T"
550,"F","F","F","F","F","F","F","T","T","F","T"
551,"F","T","F","F","F","T","F","F","F","F","F"
552,"F","T","F","F","T","F","F","F","F","F","F"
553,"T","F","F","F","F","T","T","T","F","T","T"
554,"F","F","T","T","F","F","F","F","T","F","F"
555,"F","F","F","T","F","T","T","F","F","F","F"
556,"F","F","F","T","T","T","T","F","F","F","F"
557,"F","F","F","F","F","F","F","F","F","F","F"
558,"F","F","F","T","T","T","T","F","F","F","F"
559,"F","F","F","F","F","F","F","T","F","F","F"
560,"F","F","T","F","F","F","F","F","T","F","F"
561,"T","F","F","F","F","T","F","T","T","F","F"
562,"F","F","F","F","F","F","F","F","T","T","T"
563,"T","F","F","F","T","F","F","F","F","F","T"
564,"F","F","F","F","F","F","F","T","F","F","F"
565,"F","F","F","T","F","T","T","F","F","F","T"
566,"F","F","F","F","F","F","F","F","F","F","F"
567,"T","F","T","F","F","F","F","F","F","T","F"
568,"F","F","F","T","F","F","F","T","F","T","F"
569,"F","F","F","F","T","F","F","F","F","F","F"
570,"F","F","T","F","T","F","F","F","F","F","F"
571,"F","T","F","F","F","F","F","F","F","F","F"
572,"F","F","F","F","F","F","T","F","F","T","T"
573,"F","F","F","T","F","T","T","F","F","F","F"
574,"F","T","F","F","F","T","F","F","T","F","F"
575,"T","T","F","F","F","F","F","F","T","F","F"
576,"T","F","F","T","T","F","F","F","F","F","T"
577,"T","F","T","F","T","F","F","F","F","T","F"
578,"F","T","F","F","F","F","F","F","T","F","F"
579,"F","T","F","F","F","F","F","F","F","F","F"
580,"F","F","F","F","F","F","F","F","F","F","F"
581,"F","F","F","F","F","F","F","F","F","F","F"
582,"F","F","F","F","F","T","F","F","F","T","F"
583,"T","F","F","F","F","T","F","F","F","F","F"
584,"F","F","T","F","F","F","F","T","T","F","T"
585,"F","F","F","F","F","F","F","T","F","F","F"
586,"F","F","T","F","F","F","T","T","F","T","T"
587,"F","F","F","T","F","T","T","F","F","T","T"
588,"F","F","F","F","T","F","F","F","F","T","F"
589,"F","F","T","F","F","F","F","T","F","F","T"
590,"T","F","F","F","T","F","T","T","F","T","T"
591,"F","T","T","F","F","T","F","F","F","F","F"
592,"F","F","T","F","F","F","F","F","F","F","F"
593,"F","F","F","T","T","T","T","F","F","F","F"
594,"F","F","F","F","F","T","F","F","T","F","F"
595,"F","F","F","T","F","F","F","F","F","F","F"
596,"F","F","F","T","F","F","F","T","F","F","F"
597,"F","T","F","F","F","F","F","F","F","F","F"
598,"F","F","F","F","F","T","F","F","F","T","F"
599,"F","F","T","F","F","F","F","F","F","F","F"
600,"F","F","F","T","F","T","T","F","F","F","F"
601,"F","F","F","F","F","F","T","T","F","F","F"
602,"F","F","F","F","F","F","T","F","F","F","F"
603,"F","F","F","F","F","T","F","F","T","F","T"
604,"T","F","F","F","F","F","T","F","F","T","F"
605,"F","T","F","T","T","T","F","F","F","T","F"
606,"T","F","F","F","F","F","F","F","F","F","F"
607,"T","F","F","T","F","T","T","F","F","F","T"
608,"F","F","F","F","F","F","F","F","T","F","F"
609,"T","F","F","F","F","F","F","F","F","F","F"
610,"T","F","F","F","F","F","F","F","F","T","F"
611,"F","F","T","F","F","F","F","F","F","F","F"
612,"T","F","T","F","T","F","F","F","F","F","F"
613,"F","F","F","F","F","F","F","T","T","T","T"
614,"T","F","T","F","F","T","T","F","F","T","F"
615,"F","F","F","F","F","F","F","F","F","F","F"
616,"T","T","F","F","F","F","T","F","F","F","F"
617,"F","T","F","T","F","T","T","F","T","T","T"
618,"F","F","F","T","F","F","F","F","F","F","F"
619,"T","F","F","F","F","F","T","F","F","F","F"
620,"T","F","T","T","F","T","T","T","F","T","F"
621,"T","F","F","F","F","F","T","F","F","F","F"
622,"F","F","F","F","T","F","T","F","T","F","F"
623,"F","F","F","T","T","F","F","F","F","F","F"
624,"T","F","F","F","T","F","F","F","F","T","T"
625,"F","T","F","F","T","F","F","F","F","F","F"
626,"F","F","F","F","F","F","F","T","F","T","T"
627,"F","F","F","F","T","F","F","T","F","F","T"
628,"F","F","F","T","F","F","F","F","F","F","F"
629,"F","F","T","T","F","F","F","F","F","T","T"
630,"T","F","F","T","F","T","T","F","F","F","F"
631,"F","F","F","F","F","F","F","T","F","F","T"
632,"F","T","F","T","F","F","F","T","T","F","F"
633,"T","F","F","F","F","F","F","F","F","F","T"
634,"F","F","F","F","T","F","F","F","T","T","F"
635,"F","F","F","F","F","F","F","T","F","F","F"
636,"F","F","T","F","F","F","T","F","F","T","F"
637,"F","F","F","F","F","F","F","F","F","F","F"
638,"T","F","F","F","F","F","T","T","F","T","T"
639,"F","F","T","F","F","F","F","T","T","F","T"
640,"T","T","F","F","T","F","F","F","T","F","F"
641,"F","T","F","F","F","T","F","F","F","F","F"
642,"F","F","T","F","F","T","F","T","F","F","T"
643,"T","F","F","F","F","F","F","T","F","T","T"
644,"F","F","F","F","F","F","F","T","F","F","T"
645,"T","F","F","T","F","T","T","F","F","T","F"
646,"F","F","F","T","T","F","T","F","F","F","F"
647,"F","F","F","F","F","F","F","F","F","F","F"
648,"T","F","F","F","F","F","F","F","F","T","F"
649,"T","F","F","T","F","T","F","F","F","T","F"
650,"F","T","F","F","T","F","F","F","F","F","F"
651,"F","T","F","T","F","F","F","T","F","F","F"
652,"F","F","F","F","F","F","F","T","F","F","F"
653,"F","F","F","F","F","F","F","F","F","F","F"
654,"F","F","T","F","T","T","F","F","F","F","F"
655,"F","F","F","F","F","F","F","F","F","T","F"
656,"T","F","F","T","F","T","T","F","F","F","F"
657,"T","F","F","F","F","F","F","F","F","T","F"
658,"F","T","F","F","F","F","F","T","F","F","F"
659,"F","F","F","F","F","F","F","F","F","T","F"
660,"F","T","T","F","F","F","F","T","F","F","F"
661,"F","F","F","F","F","F","F","T","F","F","F"
662,"T","T","F","F","T","F","T","F","F","T","T"
663,"T","F","F","T","F","T","T","T","F","T","F"
664,"T","T","F","T","F","T","T","F","F","T","F"
665,"T","F","T","F","F","F","F","F","F","T","T"
666,"F","F","F","F","F","F","F","F","F","T","F"
667,"T","T","T","F","T","F","F","F","T","F","F"
668,"F","F","F","T","F","T","T","T","F","F","F"
669,"F","T","F","F","F","F","F","T","F","F","T"
670,"F","F","T","T","F","F","F","T","T","T","T"
671,"T","F","F","F","T","F","F","F","F","T","T"
672,"F","F","F","T","T","F","F","T","F","F","F"
673,"T","F","F","F","F","F","F","F","F","F","F"
674,"F","F","F","F","F","F","F","F","F","T","F"
675,"F","F","F","F","F","F","F","T","F","F","T"
676,"F","T","F","F","F","F","T","F","F","T","F"
677,"F","F","T","F","F","F","F","F","F","T","F"
678,"F","F","F","F","F","F","F","T","F","F","T"
679,"T","F","F","F","T","F","F","F","F","F","F"
680,"F","F","F","F","F","F","F","T","F","F","T"
681,"T","F","F","F","F","F","F","T","F","T","F"
682,"F","F","F","F","T","F","F","F","F","F","F"
683,"T","F","F","F","F","F","F","F","F","F","F"
684,"T","T","T","T","F","F","F","F","T","F","T"
685,"F","T","F","F","T","F","F","F","F","F","F"
686,"F","F","F","T","F","F","F","T","F","F","F"
687,"F","F","F","F","F","T","F","F","T","F","F"
688,"F","F","T","F","F","F","F","F","F","F","F"
689,"F","T","F","F","F","F","F","T","T","F","F"
690,"T","F","F","F","F","T","F","F","T","T","F"
691,"T","T","F","F","F","T","F","F","F","F","F"
692,"F","F","F","F","F","T","T","F","F","T","T"
693,"F","T","F","F","T","T","F","F","F","F","F"
694,"F","T","F","T","F","T","T","T","F","F","F"
695,"F","F","F","T","F","F","F","T","F","T","F"
696,"F","F","F","F","T","T","F","F","F","T","F"
697,"F","F","T","F","F","F","F","T","F","F","T"
698,"F","F","F","F","F","F","F","F","F","T","F"
699,"T","F","T","F","F","F","T","F","F","T","F"
700,"T","F","F","T","F","F","F","F","F","T","F"
701,"F","F","F","F","F","F","F","T","F","T","T"
702,"F","F","F","F","F","F","F","F","F","T","F"
703,"F","F","F","T","F","F","F","F","F","F","T"
704,"F","F","F","T","F","F","T","T","T","F","T"
705,"F","T","F","T","T","T","T","F","T","F","F"
706,"F","F","F","F","T","F","F","F","F","F","F"
707,"F","F","F","F","T","T","F","F","F","F","F"
708,"F","F","F","F","T","F","T","F","T","F","F"
709,"F","F","T","F","F","F","F","F","F","F","F"
710,"F","F","F","T","T","F","F","F","F","T","F"
711,"T","T","F","T","F","F","F","F","F","T","F"
712,"F","F","F","T","T","T","F","F","T","F","F"
713,"T","F","F","F","F","F","F","F","F","T","F"
714,"F","F","F","F","F","T","F","F","F","T","F"
715,"F","F","F","T","F","T","T","T","F","F","F"
716,"F","F","T","F","F","F","F","F","F","T","F"
717,"F","F","F","F","F","F","F","F","F","F","F"
718,"F","F","F","F","F","F","F","F","F","F","F"
719,"F","F","F","T","F","F","T","F","F","F","F"
720,"F","F","F","T","F","T","T","F","F","F","T"
721,"F","F","T","T","F","T","T","F","T","F","F"
722,"F","F","F","F","F","F","F","F","F","T","F"
723,"F","F","F","F","F","F","F","F","F","F","F"
724,"F","F","F","F","F","F","F","T","F","T","T"
725,"F","F","F","T","F","F","F","F","F","F","F"
726,"F","T","F","T","F","F","F","F","F","F","F"
727,"F","F","F","F","F","T","F","T","T","F","F"
728,"F","F","F","F","F","F","T","T","F","T","F"
729,"F","F","F","F","T","F","F","F","F","T","F"
730,"T","T","F","T","T","F","F","F","F","F","F"
731,"F","F","F","T","F","T","F","F","F","F","F"
732,"T","F","F","T","F","F","F","T","F","T","F"
733,"T","F","F","T","F","T","T","F","F","T","T"
734,"F","F","F","F","F","T","F","F","F","F","F"
735,"F","F","F","F","F","F","F","F","F","T","F"
736,"F","F","F","T","F","F","T","F","F","T","F"
737,"F","F","F","F","F","T","T","F","F","F","F"
738,"F","T","T","T","T","T","T","T","T","F","F"
739,"F","F","F","T","F","F","F","F","F","F","F"
740,"T","T","F","F","T","F","F","T","T","F","T"
741,"F","F","F","T","F","T","T","F","F","F","F"
742,"F","T","F","F","T","F","F","T","F","F","T"
743,"T","F","F","F","F","T","F","T","F","T","F"
744,"F","F","T","F","F","F","F","F","F","T","T"
745,"F","F","F","F","T","F","F","T","F","F","T"
746,"T","F","F","F","F","F","F","T","F","F","F"
747,"T","F","F","F","F","F","F","F","T","F","F"
748,"F","F","F","F","F","F","F","T","F","T","T"
749,"F","F","F","F","F","F","F","F","T","F","F"
750,"F","T","F","F","F","F","F","F","T","F","F"
751,"F","F","F","T","F","T","F","F","T","T","F"
752,"F","F","F","T","F","T","T","F","F","F","T"
753,"F","F","F","T","T","T","T","F","F","F","F"
754,"T","T","T","T","T","F","F","F","T","F","F"
755,"F","F","F","T","F","T","T","T","T","F","F"
756,"F","F","F","F","T","F","F","T","F","F","T"
757,"F","F","F","T","T","F","F","F","F","F","F"
758,"F","F","F","F","F","F","F","T","F","T","F"
759,"F","F","F","F","F","F","F","F","F","T","F"
760,"F","F","F","F","F","F","T","F","T","F","F"
761,"F","F","F","F","F","F","F","T","F","F","T"
762,"F","F","F","F","F","F","F","F","F","F","T"
763,"T","F","F","T","F","F","T","T","F","T","F"
764,"F","T","T","F","F","T","F","F","F","F","T"
765,"F","T","F","F","F","F","F","F","F","T","F"
766,"F","F","F","F","F","T","T","F","F","F","F"
767,"T","F","F","F","F","F","F","F","F","F","F"
768,"F","F","F","F","F","F","F","T","T","F","F"
769,"F","T","T","F","F","F","F","T","F","F","F"
770,"T","F","F","T","F","F","F","F","T","T","F"
771,"F","F","F","F","F","F","F","T","T","F","T"
772,"F","F","F","F","F","F","T","F","F","F","F"
773,"F","F","F","T","F","F","F","F","F","F","F"
774,"F","F","T","F","F","F","F","F","F","F","F"
775,"F","F","T","F","F","F","F","F","F","F","T"
776,"F","F","F","T","F","T","F","F","T","F","F"
777,"F","F","F","F","F","F","F","F","F","F","F"
778,"F","F","F","F","T","F","F","F","F","F","F"
779,"T","F","F","F","F","F","F","F","F","F","F"
780,"F","F","F","F","F","F","T","T","T","F","F"
781,"F","F","F","T","T","F","F","T","T","F","T"
782,"T","F","F","F","F","F","T","T","F","F","F"
783,"T","F","F","F","F","F","F","T","T","F","F"
784,"F","F","T","T","F","F","T","F","T","F","F"
785,"T","F","T","F","F","F","F","F","F","T","T"
786,"F","F","F","F","F","F","T","F","F","F","F"
787,"F","T","F","F","F","T","F","F","F","F","F"
788,"T","F","T","F","F","F","F","F","F","T","T"
789,"F","F","F","F","T","F","F","F","F","T","F"
790,"F","F","F","F","F","F","T","F","F","F","T"
791,"F","F","F","F","F","F","F","T","T","F","F"
792,"T","F","T","T","T","T","T","F","F","F","F"
793,"T","F","T","T","F","F","F","T","T","T","T"
794,"F","F","F","F","F","F","F","F","F","F","F"
795,"F","F","F","F","F","F","T","F","F","F","T"
796,"F","T","T","F","F","F","F","F","F","F","T"
797,"F","F","F","F","T","F","F","T","F","F","T"
798,"F","F","F","F","F","F","F","F","F","F","F"
799,"T","T","F","F","F","F","F","F","F","T","T"
800,"F","F","T","F","F","F","F","F","F","F","F"
801,"F","F","F","F","F","F","F","T","F","F","F"
802,"F","F","T","F","F","F","F","F","F","T","F"
803,"F","F","F","F","F","F","F","F","F","F","F"
804,"F","F","F","F","F","F","T","F","T","F","F"
805,"F","T","T","F","T","F","F","F","F","F","F"
806,"F","F","F","T","T","T","T","F","F","F","F"
807,"T","F","F","F","F","F","T","F","F","F","F"
808,"T","F","F","T","F","F","F","F","T","F","F"
809,"T","F","F","F","F","F","T","T","F","F","T"
810,"T","T","F","F","T","F","F","F","F","T","F"
811,"F","F","F","F","F","F","F","F","F","T","F"
812,"F","F","F","F","F","F","T","F","F","F","F"
813,"T","T","F","T","F","T","T","F","F","F","F"
814,"F","F","T","T","F","F","T","F","F","F","F"
815,"F","F","F","F","F","T","F","F","F","F","F"
816,"T","F","F","T","F","F","T","T","T","F","T"
817,"T","F","F","F","F","F","F","F","T","T","F"
818,"F","T","F","F","F","F","F","F","T","F","F"
819,"F","T","F","F","F","T","F","T","F","F","T"
820,"F","T","F","F","F","T","F","F","F","F","T"
821,"T","F","F","F","F","F","F","F","F","T","F"
822,"F","F","F","F","F","F","T","F","F","F","F"
823,"F","F","F","T","F","T","T","F","F","F","F"
824,"T","F","T","F","T","T","F","F","F","F","F"
825,"F","F","F","F","F","F","F","T","F","F","T"
826,"T","F","T","T","F","T","T","F","F","F","F"
827,"F","F","F","T","F","F","F","T","F","T","T"
828,"T","F","F","T","F","F","F","T","F","F","T"
829,"F","F","F","F","F","F","F","F","F","F","F"
830,"F","T","F","T","T","F","F","T","T","T","T"
831,"F","F","F","T","F","T","T","F","F","F","F"
832,"F","T","F","F","F","F","F","F","F","F","F"
833,"T","F","T","F","F","T","F","F","F","T","F"
834,"F","F","F","F","F","T","F","F","F","F","F"
835,"T","F","F","F","T","F","T","F","F","F","F"
836,"T","F","T","F","F","F","F","T","F","F","T"
837,"T","T","F","T","F","F","F","T","T","T","T"
838,"F","T","F","F","F","F","F","F","F","F","F"
839,"T","F","F","T","F","F","F","F","F","F","F"
840,"F","F","T","F","F","T","T","F","F","F","T"
841,"F","F","F","F","T","F","F","T","F","T","T"
842,"F","T","T","F","T","F","F","F","F","F","T"
843,"F","F","F","F","F","F","F","T","F","F","F"
844,"T","F","F","T","F","T","T","F","F","F","T"
845,"T","F","F","T","F","T","T","F","F","T","T"
846,"F","F","T","F","F","F","F","F","F","F","T"
847,"F","F","T","F","F","F","F","T","F","F","T"
848,"T","F","T","T","F","F","F","F","F","F","F"
849,"F","F","F","F","T","T","F","F","F","F","T"
850,"F","F","F","F","T","F","F","T","F","F","F"
851,"F","F","F","T","F","T","T","T","F","F","F"
852,"F","F","F","T","F","F","T","F","F","F","F"
853,"T","T","F","F","F","F","F","F","T","T","F"
854,"T","F","T","F","F","F","F","F","F","T","F"
855,"F","F","F","F","T","F","F","F","F","F","F"
856,"F","T","T","T","F","T","T","F","F","F","F"
857,"T","T","T","F","F","F","F","F","T","T","F"
858,"F","F","F","F","T","T","T","F","F","F","F"
859,"F","F","F","F","F","F","F","F","F","F","F"
860,"F","F","F","T","F","T","F","F","F","F","F"
861,"F","F","F","F","F","F","F","F","T","F","F"
862,"T","F","F","F","F","F","F","F","F","F","T"
863,"F","F","F","T","F","T","T","F","F","F","F"
864,"F","T","F","T","T","T","T","F","T","T","F"
865,"F","F","F","F","T","F","T","F","F","F","F"
866,"F","F","F","F","F","F","F","T","F","F","T"
867,"T","F","F","F","F","F","F","F","T","F","T"
868,"F","F","F","F","F","F","T","F","T","F","F"
869,"F","F","F","F","F","F","F","F","T","F","T"
870,"F","T","F","T","F","F","F","F","T","F","F"
871,"F","F","F","F","T","F","F","T","F","F","T"
872,"F","F","F","F","F","F","T","F","F","T","F"
873,"F","F","F","F","T","F","T","F","F","T","F"
874,"T","F","F","F","F","F","T","F","T","T","F"
875,"F","F","F","F","F","F","F","F","F","F","F"
876,"F","F","F","F","F","F","T","F","F","F","F"
877,"F","F","T","F","F","F","F","F","T","F","F"
878,"F","F","T","T","F","F","T","T","T","F","F"
879,"T","T","F","F","F","F","F","F","T","T","F"
880,"T","T","F","T","T","T","T","F","F","T","F"
881,"T","F","F","F","F","F","F","F","F","F","F"
882,"F","F","T","T","F","F","F","F","F","F","F"
883,"T","F","T","T","F","T","T","F","F","T","F"
884,"T","F","T","F","F","F","F","F","F","T","F"
885,"F","T","T","T","F","T","T","F","F","T","T"
886,"F","F","F","F","F","F","F","F","F","F","F"
887,"F","F","F","T","F","F","F","F","F","F","F"
888,"T","F","F","F","F","F","F","T","F","F","F"
889,"F","F","T","F","F","F","F","F","F","F","F"
890,"F","F","F","F","F","T","F","F","T","F","F"
891,"T","F","F","F","T","T","F","F","F","F","F"
892,"F","F","F","T","F","T","T","F","F","T","F"
893,"F","F","F","F","F","F","T","F","F","F","T"
894,"T","F","F","T","T","T","T","T","T","T","F"
895,"F","F","F","F","F","F","T","F","F","F","F"
896,"F","T","F","T","F","F","F","T","F","F","T"
897,"F","F","F","F","F","F","F","T","F","F","T"
898,"F","T","F","F","F","F","F","F","T","F","F"
899,"F","F","T","F","T","T","F","F","F","T","T"
900,"F","T","F","F","F","T","F","F","F","F","T"
901,"F","F","F","F","F","F","F","T","F","F","F"
902,"F","F","F","F","T","F","F","F","F","F","F"
903,"F","F","F","F","F","F","F","F","F","F","F"
904,"F","F","F","T","F","T","T","T","F","F","F"
905,"F","T","F","F","F","F","F","F","F","T","F"
906,"T","F","F","F","F","F","T","T","F","T","F"
907,"T","F","F","F","F","T","F","F","F","F","F"
908,"F","F","T","F","F","F","F","F","F","F","F"
909,"F","F","F","T","F","T","T","F","F","F","T"
910,"T","F","F","T","F","T","F","F","F","F","F"
911,"T","T","F","F","T","F","F","F","T","T","F"
912,"T","T","F","T","F","T","T","F","F","F","F"
913,"F","F","F","T","F","F","F","F","F","T","T"
914,"F","F","F","F","F","F","F","F","F","F","F"
915,"F","F","F","T","T","F","T","F","F","F","F"
916,"F","F","F","T","T","F","F","T","T","T","T"
917,"T","T","F","F","F","F","F","T","F","F","F"
918,"T","T","F","T","F","T","T","F","F","F","F"
919,"F","T","F","F","F","F","F","F","F","T","F"
920,"T","F","F","F","F","F","F","F","F","T","F"
921,"F","F","T","F","F","F","F","F","F","T","F"
922,"F","F","F","F","F","F","T","T","F","F","T"
923,"T","F","F","F","F","T","F","F","F","F","T"
924,"F","F","F","T","F","T","F","T","F","F","F"
925,"F","T","F","F","F","F","F","F","F","F","F"
926,"F","F","T","F","F","F","F","T","F","F","F"
927,"F","F","F","F","F","F","F","F","T","F","F"
928,"T","F","F","T","F","F","F","T","T","T","T"
929,"T","F","T","F","F","F","F","F","F","T","F"
930,"T","T","F","F","F","F","F","T","F","F","T"
931,"T","F","F","F","T","T","F","F","T","T","T"
932,"F","F","F","F","F","T","T","F","F","F","T"
933,"F","F","F","T","T","F","T","T","F","F","T"
934,"T","F","F","F","T","T","F","F","F","F","F"
935,"F","F","F","F","T","T","T","F","F","F","F"
936,"F","F","F","T","F","T","F","F","F","F","F"
937,"T","F","F","T","F","F","F","F","F","F","F"
938,"T","F","F","F","F","F","F","F","T","T","F"
939,"F","F","F","F","F","T","T","F","F","F","T"
940,"T","F","F","T","F","T","T","F","T","F","T"
941,"F","F","F","F","T","F","F","T","T","T","T"
942,"F","F","F","F","F","F","F","F","T","F","T"
943,"F","F","F","T","F","F","F","F","F","F","T"
944,"F","F","F","T","F","T","T","F","F","F","T"
945,"F","T","T","T","F","T","T","F","F","F","T"
946,"F","F","F","T","F","T","T","F","F","T","F"
947,"F","F","F","F","T","F","F","T","F","F","F"
948,"T","F","F","F","F","T","F","T","F","F","F"
949,"F","F","F","F","T","F","F","F","T","F","F"
950,"F","T","F","T","F","T","T","T","F","F","F"
951,"F","T","F","T","T","T","T","F","T","F","T"
952,"F","F","F","F","F","F","F","F","F","F","F"
953,"F","T","F","F","F","F","F","F","F","F","T"
954,"T","T","F","F","F","T","F","F","F","F","F"
955,"F","F","T","F","F","F","F","F","F","F","F"
956,"F","F","F","F","F","F","T","F","T","F","F"
957,"F","F","F","F","F","F","F","T","T","F","T"
958,"F","T","F","F","F","T","F","F","F","F","F"
959,"F","T","F","F","T","F","T","T","F","F","F"
960,"F","T","F","T","T","T","F","F","F","F","T"
961,"T","F","F","T","F","F","F","T","T","F","F"
962,"F","F","F","F","F","F","F","F","F","T","F"
963,"F","F","T","F","F","T","F","F","F","F","F"
964,"F","F","F","F","T","F","F","F","F","F","F"
965,"F","F","T","F","F","F","F","T","F","F","T"
966,"F","F","F","T","F","T","T","F","F","F","F"
967,"T","F","F","F","F","F","T","F","F","T","F"
968,"F","F","F","F","F","F","T","F","F","F","F"
969,"T","F","F","T","F","F","F","F","F","T","T"
970,"T","T","F","T","T","T","T","F","F","T","F"
971,"T","F","F","F","F","T","F","T","F","F","T"
972,"F","F","F","F","F","F","F","T","F","F","F"
973,"F","F","F","F","F","T","F","F","F","F","F"
974,"F","F","T","T","F","T","T","T","F","F","F"
975,"T","F","F","F","T","F","F","F","F","T","F"
976,"T","F","F","F","F","F","F","T","F","F","T"
977,"F","T","T","T","F","F","F","T","F","T","F"
978,"F","F","F","F","F","F","T","T","F","F","F"
979,"F","F","F","F","F","F","T","F","F","F","F"
980,"T","F","T","F","F","F","F","F","F","F","F"
981,"F","F","F","T","F","T","T","F","F","F","F"
982,"T","F","T","F","T","T","F","F","F","T","F"
983,"F","F","F","F","F","F","F","F","F","F","F"
984,"F","F","F","T","F","T","T","F","F","F","F"
985,"T","F","T","F","F","F","F","F","F","T","F"
986,"T","F","F","F","F","F","F","F","F","T","F"
987,"F","F","F","F","F","F","F","F","F","F","F"
988,"F","F","F","T","F","F","F","T","F","T","T"
989,"T","F","T","F","F","T","T","T","F","T","T"
990,"T","F","F","T","F","T","T","F","F","F","F"
991,"T","F","F","F","F","T","F","F","F","F","F"
992,"F","F","F","T","F","T","T","F","F","T","F"
993,"T","T","F","F","F","F","F","F","T","F","F"
994,"T","F","F","T","T","F","F","F","F","F","F"
995,"F","F","F","T","F","T","T","F","F","T","T"
996,"F","F","F","T","F","F","F","F","F","F","F"
997,"F","F","F","T","F","F","F","F","F","T","F"
998,"F","T","F","F","F","F","F","F","F","F","F"
999,"T","F","F","F","F","F","F","T","F","F","T"
1000,"F","F","T","F","F","F","F","F","T","F","T"
