顧客番号,性別,年齢,プラン区分,通信区分,入会チャネル,インターネット,発話時間,総通話時間,メール,通信量変化,入会後年数,パケット,comment,解約フラグ
1022741,"男性",47,"プランB","タイプ01","AA","ない",197,473,27,"down",5,5,"新しい料金プランについて知りたい。すぐに解約の可能性大。無料通話分を増やしたい。",0
1028601,"男性",63,"プランB","タイプ01","AA","ない",250,602,1,"stable",4,14,"着信音の変更方法が知りたい。HPを参照するように伝える。",0
1030518,"女性",19,"プランA","タイプ01","AA","ない",494,264,2,"up",6,0,"メールの使い方を知りたい。HPを参照するように伝える。",0
1032066,"男性",26,"プランB","タイプ01","AA","ない",154,370,2,"stable",1,6,"電話機の使い方を、教えてほしい。ショップに行って教えてもらうように伝える。",0
1033704,"男性",43,"プランC","タイプ02","BB","ある",162,444,43,"stable",4,10,"近くのお店の場所を知りたい。付属品を購入したい。",0
1035617,"男性",47,"プランB","タイプ01","AA","ない",217,521,2,"down",6,8,"近くのお店の場所を知りたい。付属品を購入したい。",0
1036530,"男性",24,"プランC","タイプ02","AA","ない",91,220,1,"up",7,1,"すぐに上司に転送",1
1046982,"男性",45,"プランB","タイプ01","AA","ない",467,674,1,"down",4,7,"着信音の変更方法が知りたい。HPを参照するように伝える。",0
1069745,"女性",27,"プランA","タイプ01","AA","ある",119,287,3,"up",8,5,"今週末までに、もう１回線追加申し込みをしたい。お客様窓口に転送。",0
1075474,"男性",42,"プランB","タイプ01","AA","ある",277,665,3,"stable",5,5,"電話機の使い方を、教えてほしい。ショップに行って教えてもらうように伝える。",0
1078012,"男性",28,"プランB","タイプ01","AA","ない",65,158,1,"up",12,5,"電話機が最悪",1
1082240,"男性",27,"プランB","タイプ01","AA","ある",431,400,5,"stable",3,6,"新しい料金プランについて知りたい。すぐに解約の可能性大。無料通話分を増やしたい。",0
1082296,"男性",50,"プランB","タイプ01","AA","ない",0,643,2,"down",5,6,"職場に電話が転送されない。他の機能はうまくいっているかどうか尋ねる。また、HPを参照するように伝える。",0
1087407,"男性",23,"プランB","タイプ01","AA","ない",308,329,8,"stable",0,3,"カスタマーサポートがひどい。",0
1093545,"男性",50,"プランB","タイプ01","AA","ない",278,668,2,"down",6,9,"近くのお店の場所を知りたい。付属品を購入したい。",0
1093872,"男性",24,"プランC","タイプ02","AA","ない",112,269,2,"up",3,0,"今週末までに、もう１回線追加申し込みをしたい。お客様窓口に転送。",0
1094805,"男性",34,"プランB","タイプ01","BB","ある",366,476,0,"stable",4,7,"メールの使い方を知りたい。HPを参照するように伝える。",1
1101270,"男性",34,"プランB","タイプ01","AA","ない",165,397,3,"stable",4,11,"電話機の使い方を、教えてほしい。ショップに行って教えてもらうように伝える。",0
1106384,"男性",41,"プランB","タイプ01","AA","ない",194,467,1,"stable",4,5,"着信音の変更方法が知りたい。HPを参照するように伝える。",0
1106686,"男性",29,"プランB","タイプ01","AA","ない",493,388,29,"stable",8,3,"近くのお店の場所を知りたい。付属品を購入したい。",0
1119846,"男性",35,"プランB","タイプ01","AA","ない",0,588,1,"down",6,5,"着信音の変更方法が知りたい。HPを参照するように伝える。",0
1121521,"男性",30,"プランB","タイプ01","AA","ない",1487,462,3,"stable",12,3,"電話機の性能がほんとうに悪い。自宅付近だとほとんど何も聞こえない。",0
1123257,"女性",19,"プランA","タイプ01","AA","ない",624,397,4,"stable",4,0,"請求書の見方がわからない。１分間当たりの料金を伝える。",0
1125933,"男性",30,"プランB","タイプ01","AA","ない",1487,462,3,"stable",12,3,"電話機の性能がほんとうに悪い。自宅付近だとほとんど何も聞こえない。",0
1132734,"男性",25,"プランB","タイプ01","AA","ない",106,256,22,"up",14,4,"HPがよくない。自分では、必要な情報が、さがせない。",1
1138765,"男性",24,"プランB","タイプ01","AA","ない",159,383,3,"stable",4,3,"電話機の使い方を、教えてほしい。ショップに行って教えてもらうように伝える。",0
1155114,"女性",33,"プランA","タイプ01","AA","ある",0,447,4,"stable",3,10,"請求書の見方がわからない。１分間当たりの料金を伝える。",0
1174195,"男性",32,"プランB","タイプ01","AA","ない",277,276,2,"stable",4,5,"電話機の使い方を、教えてほしい。ショップに行って教えてもらうように伝える。",0
1178072,"男性",38,"プランB","タイプ01","AA","ない",207,498,6,"stable",6,13,"キャッチホンの設定をオフにしたい。HPを参照するように伝える。",0
1181692,"男性",33,"プランB","タイプ01","AA","ある",152,367,33,"stable",2,4,"近くのお店の場所を知りたい。付属品を購入したい。",0
1185858,"男性",36,"プランB","タイプ01","AA","ない",268,644,36,"down",13,5,"近くのお店の場所を知りたい。付属品を購入したい。",0
1187754,"男性",29,"プランB","タイプ01","AA","ない",0,554,2,"stable",4,4,"電話の基本的な使い方が、わからない。ショップに行って教えてもらうように伝える。",0
1188874,"男性",32,"プランB","タイプ01","AA","ある",179,473,4,"stable",4,5,"請求書の見方がわからない。１分間当たりの料金を伝える。",0
1200925,"女性",25,"プランA","タイプ01","AA","ない",0,425,3,"stable",10,6,"電話の基本的な使い方が、わからない。ショップに行って教えてもらうように伝える。",0
1206503,"男性",32,"プランB","タイプ01","AA","ある",179,473,4,"stable",4,5,"請求書の見方がわからない。１分間当たりの料金を伝える。",0
1207222,"男性",33,"プランB","タイプ01","AA","ある",227,546,6,"stable",9,4,"今週末までに、奥さん用に新しい回線がほしい。",0
1213036,"男性",22,"プランC","タイプ02","AA","ない",98,237,2,"up",1,2,"インターネットサービスについて知りたい。HPを参照するように伝える。",0
1218077,"男性",36,"プランB","タイプ01","AA","ない",184,443,2,"down",4,8,"電話機の使い方を、教えてほしい。ショップに行って教えてもらうように伝える。",0
1230223,"男性",24,"プランB","タイプ01","AA","ない",0,355,4,"stable",8,4,"請求書の見方がわからない。１分間当たりの料金を伝える。",0
1240720,"男性",26,"プランC","タイプ02","AA","ある",295,321,26,"stable",7,4,"XVYX社のPDA付きの新しい電話がほしい。",0
1258270,"男性",36,"プランB","タイプ01","AA","ない",184,443,2,"down",4,8,"電話機の使い方を、教えてほしい。ショップに行って教えてもらうように伝える。",0
1273557,"男性",19,"プランC","タイプ02","BB","ない",0,375,0,"stable",14,0,"初めからバッテリーの調子が悪い。今すぐ新しい電話器がほしい。",1
1278770,"男性",20,"プランC","タイプ02","AA","ない",0,327,3,"stable",6,0,"電話の基本的な使い方が、わからない。ショップに行って教えてもらうように伝える。",0
1284210,"男性",42,"プランC","タイプ02","AA","ある",0,409,3,"stable",8,4,"電話機の取説をなくしたので、新しいのがほしい。HPを参照するように伝える。",1
1289025,"女性",27,"プランA","タイプ01","AA","ある",380,423,27,"stable",6,4,"カスタマーサポートがひどい。",0
1303430,"男性",28,"プランB","タイプ01","AA","ない",0,211,1,"up",7,3,"すぐに上司に転送",1
1306446,"男性",25,"プランB","タイプ01","AA","ない",159,383,2,"stable",2,4,"電話機の使い方を、教えてほしい。ショップに行って教えてもらうように伝える。",0
1309739,"男性",43,"プランB","タイプ01","AA","ない",178,429,6,"stable",12,9,"電話をもう１台追加契約したい。",1
1327962,"男性",36,"プランB","タイプ01","AA","ない",167,401,3,"stable",3,4,"電話機の使い方を、教えてほしい。ショップに行って教えてもらうように伝える。",0
1331642,"女性",29,"プランA","タイプ01","AA","ない",170,408,1,"up",1,2,"家族割引を利用したい。お客様窓口に転送。",0
1334719,"男性",24,"プランB","タイプ01","AA","ある",0,442,5,"stable",5,2,"住所変更",0
1353272,"男性",54,"プランB","タイプ01","AA","ない",460,601,34,"down",11,10,"家族割引を利用したい。お客様窓口に転送。",0
1360080,"男性",21,"プランC","タイプ02","AA","ある",418,528,3,"down",8,2,"電話機を紛失。解約センターに電話。もう一度連絡してもらうまで、解約しないことを伝える。再度連絡予定。",0
1371227,"男性",29,"プランB","タイプ01","AA","ない",0,554,2,"stable",4,4,"電話の基本的な使い方が、わからない。ショップに行って教えてもらうように伝える。",0
1371489,"男性",33,"プランB","タイプ01","AA","ある",152,367,33,"stable",2,4,"近くのお店の場所を知りたい。付属品を購入したい。",0
1377745,"男性",45,"プランB","タイプ01","AA","ある",0,697,3,"down",0,13,"電話機の取説をなくしたので、新しいのがほしい。HPを参照するように伝える。",0
1379391,"男性",55,"プランB","タイプ01","AA","ない",995,923,3,"instable",1,7,"住所変更",0
1392901,"女性",23,"プランA","タイプ01","AA","ない",70,147,1,"up",7,4,"すぐに上司に転送",1
1397011,"女性",32,"プランA","タイプ01","AA","ない",130,313,32,"stable",2,6,"近くのお店の場所を知りたい。付属品を購入したい。",0
1408167,"男性",39,"プランB","タイプ01","AA","ない",202,485,4,"down",6,4,"請求書の見方がわからない。１分間当たりの料金を伝える。",0
1410544,"女性",30,"プランA","タイプ01","AA","ない",112,271,2,"stable",18,10,"調子が悪いのは、電話機のせいなのか、それともバッテリーのせいなのか、わからない。",0
1414986,"男性",18,"プランC","タイプ02","AA","ない",210,506,2,"down",6,2,"電話機の使い方を、教えてほしい。ショップに行って教えてもらうように伝える。",0
1418774,"男性",65,"プランB","タイプ01","AA","ない",380,912,1,"instable",1,11,"着信音の変更方法が知りたい。HPを参照するように伝える。",0
1424429,"男性",44,"プランC","タイプ02","AA","ない",279,670,2,"down",2,7,"電話機の使い方を、教えてほしい。ショップに行って教えてもらうように伝える。",0
1427040,"女性",30,"プランA","タイプ01","AA","ない",112,271,2,"stable",18,10,"調子が悪いのは、電話機のせいなのか、それともバッテリーのせいなのか、わからない。",0
1435376,"男性",24,"プランB","タイプ01","BB","ある",0,475,0,"stable",1,1,"初めからバッテリーの調子が悪い。今すぐ新しい電話器がほしい。",1
1441303,"男性",40,"プランB","タイプ01","AA","ない",646,448,1,"down",1,5,"着信音の変更方法が知りたい。HPを参照するように伝える。",0
1441657,"男性",32,"プランB","タイプ01","AA","ある",285,481,3,"stable",4,6,"電話機の使い方を、教えてほしい。ショップに行って教えてもらうように伝える。",0
1447551,"男性",34,"プランB","タイプ01","AA","ない",509,211,1,"stable",13,7,"電話機が最悪",1
1448661,"男性",22,"プランB","タイプ01","AA","ある",134,323,8,"stable",9,3,"XVYX社のPDA付きの新しい電話がほしい。",0
1453300,"男性",28,"プランB","タイプ01","AA","ない",196,471,3,"stable",2,5,"電話機の使い方を、教えてほしい。ショップに行って教えてもらうように伝える。",0
1455544,"男性",47,"プランB","タイプ01","AA","ない",168,405,3,"stable",12,9,"近くのお店の場所を知りたい。付属品を購入したい。",0
1459542,"男性",42,"プランB","タイプ01","AA","ある",277,665,3,"stable",5,5,"電話機の使い方を、教えてほしい。ショップに行って教えてもらうように伝える。",0
1460141,"男性",30,"プランB","タイプ01","BB","ない",171,412,0,"stable",0,3,"メールの使い方を知りたい。HPを参照するように伝える。",1
1463256,"男性",27,"プランB","タイプ01","AA","ある",0,399,27,"stable",3,7,"カスタマーサポートがひどい。",0
1474113,"男性",38,"プランB","タイプ01","AA","ない",207,498,6,"stable",6,13,"キャッチホンの設定をオフにしたい。HPを参照するように伝える。",0
1475451,"男性",24,"プランC","タイプ02","AA","ない",91,220,1,"up",7,1,"すぐに上司に転送",1
1476542,"男性",23,"プランB","タイプ01","AA","ない",1564,425,1,"down",4,4,"家族割引を利用したい。お客様窓口に転送。",0
1478755,"女性",47,"プランA","タイプ01","AA","ある",446,479,5,"stable",3,8,"新しい着替えパネルがほしい。",0
1481382,"男性",25,"プランB","タイプ01","AA","ない",159,383,2,"stable",2,4,"電話機の使い方を、教えてほしい。ショップに行って教えてもらうように伝える。",0
1483639,"男性",34,"プランB","タイプ01","BB","ある",366,476,0,"stable",4,7,"メールの使い方を知りたい。HPを参照するように伝える。",1
1483667,"男性",55,"プランB","タイプ01","AA","ない",995,923,3,"instable",1,7,"住所変更",0
1486406,"男性",25,"プランB","タイプ01","AA","ない",153,368,7,"stable",4,5,"通話が聞こえづらい。雑音がひどい。",0
1500871,"男性",30,"プランB","タイプ01","BB","ない",152,365,2,"stable",4,6,"電話機の使い方を、教えてほしい。ショップに行って教えてもらうように伝える。",0
1508340,"女性",36,"プランA","タイプ01","AA","ない",262,371,36,"stable",9,4,"近くのお店の場所を知りたい。付属品を購入したい。",0
1511910,"男性",25,"プランC","タイプ02","AA","ない",0,271,22,"up",16,5,"充電器を紛失。すぐに購入できる場所は。ショップに行くように伝える。",1
1523389,"女性",35,"プランA","タイプ01","AA","ある",156,375,35,"stable",4,4,"近くのお店の場所を知りたい。付属品を購入したい。",0
1539476,"女性",20,"プランA","タイプ01","AA","ない",194,466,5,"stable",7,0,"住所変更",0
1541506,"女性",23,"プランA","タイプ01","AA","ない",86,208,3,"up",7,3,"インターネットサービスについて知りたい。HPを参照するように伝える。",0
1541556,"男性",31,"プランB","タイプ01","AA","ない",177,425,5,"stable",1,9,"新しい料金プランについて知りたい。すぐに解約の可能性大。無料通話分を増やしたい。",0
1558637,"女性",29,"プランA","タイプ01","AA","ある",142,343,29,"stable",6,4,"近くのお店の場所を知りたい。付属品を購入したい。",0
1562106,"男性",45,"プランB","タイプ01","AA","ない",242,582,7,"down",2,6,"新しい着替えパネルがほしい。",0
1563701,"男性",28,"プランB","タイプ01","AA","ない",65,158,1,"up",12,5,"電話機が最悪",1
1564569,"女性",27,"プランA","タイプ01","AA","ない",835,569,1,"stable",6,8,"家族割引を利用したい。お客様窓口に転送。",0
1568812,"男性",45,"プランB","タイプ01","AA","ない",328,789,2,"down",1,7,"電話機の使い方を、教えてほしい。ショップに行って教えてもらうように伝える。",0
1569183,"男性",63,"プランB","タイプ01","AA","ある",320,769,3,"down",10,17,"近くのお店の場所を知りたい。付属品を購入したい。",0
1573606,"男性",23,"プランB","タイプ01","AA","ある",162,391,7,"stable",5,5,"住所変更",0
1574027,"男性",21,"プランC","タイプ02","AA","ない",112,269,3,"up",12,0,"電話機が駄目。市内でも受信状態がひどい場所が多い。",1
1576778,"男性",36,"プランB","タイプ01","AA","ない",610,397,3,"stable",6,14,"電話機を紛失。解約センターに電話。もう一度連絡してもらうまで、解約しないことを伝える。再度連絡予定。",0
1581840,"男性",25,"プランB","タイプ01","AA","ない",188,452,2,"stable",3,4,"電話機の使い方を、教えてほしい。ショップに行って教えてもらうように伝える。",0
1581977,"女性",28,"プランA","タイプ01","AA","ない",68,164,25,"up",6,4,"高速道路上以外では、受信状態がよくない。いつこの問題が解決されるのか知りたい。",1
1583662,"男性",36,"プランB","タイプ01","AA","ある",0,490,2,"stable",11,8,"充電器の調子が悪い。その結果、通話ができなくなっている。今すぐ解約したい。",0
1586448,"男性",27,"プランB","タイプ01","AA","ある",145,349,3,"stable",2,4,"電話機の使い方を、教えてほしい。ショップに行って教えてもらうように伝える。",0
1593922,"男性",20,"プランC","タイプ02","AA","ない",186,447,5,"stable",5,0,"住所変更",0
1595090,"男性",40,"プランB","タイプ01","AA","ない",119,287,2,"up",2,11,"今週末までに、もう１回線追加申し込みをしたい。お客様窓口に転送。",0
1599070,"男性",20,"プランC","タイプ02","AA","ある",176,424,20,"stable",3,1,"キャッチホンの設定をオフにしたい。HPを参照するように伝える。",0
1601599,"男性",29,"プランC","タイプ02","AA","ない",121,292,1,"stable",18,5,"家族割引を利用したい。お客様窓口に転送。",0
1603161,"男性",23,"プランB","タイプ01","AA","ある",162,391,7,"stable",5,5,"住所変更",0
1622792,"男性",24,"プランB","タイプ01","BB","ない",80,194,1,"up",14,2,"すぐに上司に転送",1
1624180,"男性",27,"プランC","タイプ02","AA","ない",681,277,2,"up",3,6,"電話機を紛失。解約センターに電話。もう一度連絡してもらうまで、解約しないことを伝える。再度連絡予定。",0
1630311,"男性",31,"プランB","タイプ01","AA","ある",167,402,31,"stable",10,6,"近くのお店の場所を知りたい。付属品を購入したい。",0
1647992,"男性",53,"プランB","タイプ01","AA","ない",160,384,3,"stable",13,9,"近くのお店の場所を知りたい。付属品を購入したい。",0
1652674,"男性",25,"プランB","タイプ01","AA","ない",153,368,7,"stable",4,5,"住所変更。遠くに引っ越すので、番号が変わるのかどうか知りたい。",0
1658324,"男性",29,"プランB","タイプ01","AA","ない",587,378,2,"stable",4,4,"電話機を紛失。解約センターに電話。もう一度連絡してもらうまで、解約しないことを伝える。再度連絡予定。",0
1662255,"男性",22,"プランC","タイプ02","AA","ある",74,178,19,"up",9,0,"HPがよくない。自分では、必要な情報が、さがせない。",1
1672614,"男性",37,"プランB","タイプ01","AA","ない",329,375,37,"down",10,11,"近くのお店の場所を知りたい。付属品を購入したい。",0
1673538,"男性",24,"プランB","タイプ01","BB","ない",80,194,1,"up",14,2,"すぐに上司に転送",1
1675593,"男性",40,"プランC","タイプ02","AA","ない",1346,471,1,"stable",13,16,"着信音の変更方法が知りたい。HPを参照するように伝える。",0
1681829,"男性",45,"プランB","タイプ01","AA","ない",467,674,1,"down",4,7,"着信音の変更方法が知りたい。HPを参照するように伝える。",0
1688508,"男性",50,"プランB","タイプ01","AA","ない",174,418,30,"stable",7,11,"家族割引を利用したい。お客様窓口に転送。",0
1691271,"男性",19,"プランC","タイプ02","BB","ない",76,184,5,"up",4,0,"電波が弱い。バッテリーを交換しても駄目。",1
1698104,"男性",21,"プランC","タイプ02","AA","ない",162,390,4,"stable",10,0,"請求書の見方がわからない。１分間当たりの料金を伝える。",0
1699156,"女性",23,"プランA","タイプ01","AA","ない",70,147,1,"up",7,4,"すぐに上司に転送",1
1711057,"男性",25,"プランC","タイプ02","AA","ない",147,353,4,"stable",4,3,"請求書の見方がわからない。１分間当たりの料金を伝える。",0
1712764,"男性",32,"プランB","タイプ01","AA","ない",277,276,2,"stable",4,5,"電話機の使い方を、教えてほしい。ショップに行って教えてもらうように伝える。",0
1722325,"男性",34,"プランB","タイプ01","BB","ない",0,660,0,"stable",7,9,"メールの使い方を知りたい。HPを参照するように伝える。",1
1725232,"女性",32,"プランA","タイプ01","AA","ない",170,409,5,"stable",7,3,"今週末までに、奥さん用に新しい回線がほしい。",0
1725508,"男性",18,"プランB","タイプ01","AA","ある",155,372,3,"stable",1,0,"電話機の使い方を、教えてほしい。ショップに行って教えてもらうように伝える。",0
1737450,"男性",41,"プランB","タイプ01","AA","ある",197,479,4,"stable",6,11,"初めからバッテリーの調子が悪い。今すぐ新しい電話器がほしい。",0
1742225,"男性",23,"プランB","タイプ01","AA","ない",0,358,2,"stable",11,3,"電話の基本的な使い方が、わからない。ショップに行って教えてもらうように伝える。",0
1745005,"男性",36,"プランB","タイプ01","AA","ない",187,451,4,"stable",11,4,"請求書の見方がわからない。１分間当たりの料金を伝える。",0
1758951,"男性",54,"プランB","タイプ01","AA","ない",460,601,34,"down",11,10,"家族割引を利用したい。お客様窓口に転送。",0
1765634,"男性",36,"プランB","タイプ01","AA","ない",167,401,3,"stable",3,4,"電話機の使い方を、教えてほしい。ショップに行って教えてもらうように伝える。",0
1784152,"男性",28,"プランC","タイプ02","AA","ない",461,296,3,"stable",5,6,"電話機を紛失。解約センターに電話。もう一度連絡してもらうまで、解約しないことを伝える。再度連絡予定。",0
1795006,"男性",20,"プランC","タイプ02","BB","ない",110,264,0,"stable",3,1,"初めからバッテリーの調子が悪い。今すぐ新しい電話器がほしい。",1
1806699,"男性",46,"プランB","タイプ01","AA","ない",181,436,2,"stable",4,4,"近くのお店の場所を知りたい。付属品を購入したい。",0
1812574,"男性",55,"プランB","タイプ01","AA","ない",339,814,1,"down",4,9,"着信音の変更方法が知りたい。HPを参照するように伝える。",0
1812636,"男性",30,"プランB","タイプ01","AA","ある",0,459,7,"stable",26,10,"新しい番号にしたい。お客様窓口に転送。",0
1813106,"男性",36,"プランB","タイプ01","AA","ない",0,633,3,"down",8,3,"電話の基本的な使い方が、わからない。ショップに行って教えてもらうように伝える。",0
1815278,"男性",21,"プランC","タイプ02","AA","ない",162,390,4,"stable",10,0,"請求書の見方がわからない。１分間当たりの料金を伝える。",0
1823079,"女性",51,"プランA","タイプ01","AA","ない",287,691,31,"down",7,8,"家族割引を利用したい。お客様窓口に転送。",0
1824672,"男性",30,"プランC","タイプ02","AA","ない",163,392,1,"stable",6,7,"家族割引を利用したい。お客様窓口に転送。",0
1829229,"男性",55,"プランB","タイプ01","AA","ない",339,814,1,"down",4,9,"着信音の変更方法が知りたい。HPを参照するように伝える。",0
1838097,"男性",34,"プランB","タイプ01","AA","ない",509,211,1,"stable",13,7,"電話機が最悪",1
1858040,"男性",22,"プランB","タイプ01","AA","ある",166,399,6,"stable",12,0,"家族用に回線を追加したい。料金プランについて知りたい。",0
1885725,"男性",26,"プランB","タイプ01","BB","ある",177,426,0,"stable",6,2,"初めからバッテリーの調子が悪い。今すぐ新しい電話器がほしい。",1
1889492,"男性",26,"プランB","タイプ01","BB","ある",177,426,0,"stable",6,2,"初めからバッテリーの調子が悪い。今すぐ新しい電話器がほしい。",1
1892750,"男性",18,"プランC","タイプ02","AA","ない",367,161,1,"up",11,2,"今週末までに、もう１回線追加申し込みをしたい。お客様窓口に転送。",1
1894459,"女性",35,"プランA","タイプ01","AA","ある",156,375,35,"stable",4,4,"近くのお店の場所を知りたい。付属品を購入したい。",0
1902589,"男性",23,"プランB","タイプ01","AA","ない",644,279,23,"up",9,0,"他社は料金が安くて、契約期間のないものがある。今の契約をすぐ破棄したい。",0
1903229,"男性",37,"プランB","タイプ01","AA","ある",262,679,8,"down",22,7,"新しい料金プランについて知りたい。すぐに解約の可能性大。無料通話分を増やしたい。",0
1904135,"男性",33,"プランB","タイプ01","BB","ある",176,423,0,"stable",7,8,"メールの使い方を知りたい。HPを参照するように伝える。",1
1906563,"男性",33,"プランB","タイプ01","AA","ない",0,337,3,"stable",3,11,"電話の基本的な使い方が、わからない。ショップに行って教えてもらうように伝える。",0
1914326,"男性",25,"プランB","タイプ01","AA","ない",188,452,2,"stable",3,4,"電話機の使い方を、教えてほしい。ショップに行って教えてもらうように伝える。",0
1916174,"男性",18,"プランB","タイプ01","AA","ある",155,372,3,"stable",1,0,"電話機の使い方を、教えてほしい。ショップに行って教えてもらうように伝える。",0
1931072,"男性",28,"プランB","タイプ01","AA","ない",172,413,3,"stable",3,6,"電話機の使い方を、教えてほしい。ショップに行って教えてもらうように伝える。",0
1945630,"男性",36,"プランB","タイプ01","AA","ない",167,401,3,"stable",3,4,"電話機の使い方を、教えてほしい。ショップに行って教えてもらうように伝える。",0
1946018,"男性",28,"プランC","タイプ02","BB","ある",205,492,0,"stable",10,4,"メールの使い方を知りたい。HPを参照するように伝える。",1
1946041,"女性",29,"プランA","タイプ01","AA","ない",170,408,1,"up",1,2,"家族割引を利用したい。お客様窓口に転送。",0
1956699,"女性",25,"プランA","タイプ01","AA","ない",0,425,3,"stable",10,6,"電話の基本的な使い方が、わからない。ショップに行って教えてもらうように伝える。",0
1958892,"男性",35,"プランB","タイプ01","AA","ある",228,549,35,"down",6,10,"近くのお店の場所を知りたい。付属品を購入したい。",0
1960534,"男性",47,"プランB","タイプ01","AA","ない",168,405,3,"stable",12,9,"近くのお店の場所を知りたい。付属品を購入したい。",0
1967409,"男性",32,"プランB","タイプ01","AA","ない",277,276,2,"stable",4,5,"電話機の使い方を、教えてほしい。ショップに行って教えてもらうように伝える。",0
1979672,"男性",27,"プランB","タイプ01","AA","ある",203,488,27,"down",8,4,"新しい料金プランについて知りたい。すぐに解約の可能性大。無料通話分を増やしたい。",0
1989543,"女性",31,"プランA","タイプ01","AA","ない",173,417,3,"stable",4,7,"電話機の使い方を、教えてほしい。ショップに行って教えてもらうように伝える。",0
1991616,"男性",37,"プランB","タイプ01","AA","ない",1285,489,4,"down",5,4,"請求書の見方がわからない。１分間当たりの料金を伝える。",0
2003127,"男性",34,"プランB","タイプ01","AA","ない",165,397,3,"stable",4,11,"電話機の使い方を、教えてほしい。ショップに行って教えてもらうように伝える。",0
2003217,"男性",42,"プランB","タイプ01","AA","ある",277,665,3,"stable",5,5,"電話機の使い方を、教えてほしい。ショップに行って教えてもらうように伝える。",0
2003880,"男性",27,"プランB","タイプ01","AA","ある",203,488,27,"down",8,4,"新しい料金プランについて知りたい。すぐに解約の可能性大。無料通話分を増やしたい。",0
2007560,"男性",41,"プランB","タイプ01","AA","ない",254,610,1,"down",3,7,"着信音の変更方法が知りたい。HPを参照するように伝える。",0
2012710,"男性",26,"プランB","タイプ01","AA","ある",260,626,5,"down",7,0,"今週末までに、奥さん用に新しい回線がほしい。",0
2013170,"男性",38,"プランB","タイプ01","AA","ない",1395,464,2,"stable",6,3,"電話機を紛失。解約センターに電話。もう一度連絡してもらうまで、解約しないことを伝える。再度連絡予定。",0
2013478,"男性",22,"プランC","タイプ02","AA","ある",463,351,22,"stable",4,2,"カスタマーサポートがひどい。",0
2023400,"男性",21,"プランC","タイプ02","AA","ない",703,421,4,"down",1,0,"請求書の見方がわからない。１分間当たりの料金を伝える。",0
2025040,"男性",29,"プランB","タイプ01","AA","ない",189,454,2,"stable",12,3,"電話機の使い方を、教えてほしい。ショップに行って教えてもらうように伝える。",0
2025604,"男性",43,"プランB","タイプ01","AA","ある",776,518,2,"stable",3,6,"電話機を紛失。解約センターに電話。もう一度連絡してもらうまで、解約しないことを伝える。再度連絡予定。",0
2031383,"男性",45,"プランC","タイプ02","AA","ない",0,317,3,"stable",5,7,"職場に電話が転送されない。他の機能はうまくいっているかどうか尋ねる。また、HPを参照するように伝える。",0
2032567,"男性",20,"プランC","タイプ02","BB","ない",110,264,0,"stable",3,1,"初めからバッテリーの調子が悪い。今すぐ新しい電話器がほしい。",1
2050757,"男性",58,"プランB","タイプ01","AA","ある",369,887,5,"instable",7,9,"キャッチホンの設定をオフにしたい。HPを参照するように伝える。",0
2060303,"男性",24,"プランB","タイプ01","AA","ない",450,337,2,"up",14,0,"カスタマーサポートをもっと改善してほしい。",0
2061517,"男性",46,"プランB","タイプ01","AA","ない",0,599,3,"down",1,16,"職場に電話が転送されない。他の機能はうまくいっているかどうか尋ねる。また、HPを参照するように伝える。",0
2082871,"男性",31,"プランB","タイプ01","AA","ない",53,466,5,"stable",18,6,"新しい番号にしたい。お客様窓口に転送。",0
2094850,"男性",44,"プランB","タイプ01","AA","ある",0,651,6,"down",3,7,"新しい着替えパネルがほしい。",0
2095791,"女性",36,"プランA","タイプ01","AA","ない",262,371,36,"stable",9,4,"近くのお店の場所を知りたい。付属品を購入したい。",0
2101780,"男性",34,"プランB","タイプ01","AA","ない",213,513,4,"stable",10,10,"請求書の見方がわからない。１分間当たりの料金を伝える。",0
2101781,"男性",31,"プランB","タイプ01","AA","ない",53,466,5,"stable",18,6,"新しい番号にしたい。お客様窓口に転送。",0
2109428,"男性",28,"プランC","タイプ02","AA","ない",461,296,3,"stable",5,6,"電話機を紛失。解約センターに電話。もう一度連絡してもらうまで、解約しないことを伝える。再度連絡予定。",0
2113637,"男性",50,"プランB","タイプ01","BB","ある",356,491,0,"stable",8,9,"メールの使い方を知りたい。HPを参照するように伝える。",1
2117115,"男性",35,"プランB","タイプ01","AA","ない",155,372,35,"stable",2,3,"近くのお店の場所を知りたい。付属品を購入したい。",0
2136970,"女性",38,"プランA","タイプ01","AA","ない",179,430,4,"up",4,5,"請求書の見方がわからない。１分間当たりの料金を伝える。",0
2146490,"女性",19,"プランA","タイプ01","AA","ない",89,215,3,"up",12,0,"電話機が駄目。市内でも受信状態がひどい場所が多い。",1
2148998,"女性",34,"プランA","タイプ01","AA","ある",182,437,3,"stable",1,5,"電話機の使い方を、教えてほしい。ショップに行って教えてもらうように伝える。",0
2153318,"男性",22,"プランB","タイプ01","AA","ある",134,323,8,"stable",9,3,"高速道路上以外では、受信状態がよくない。いつこの問題が解決されるのか知りたい。",0
2153723,"男性",35,"プランB","タイプ01","AA","ない",190,456,2,"stable",3,3,"電話機の使い方を、教えてほしい。ショップに行って教えてもらうように伝える。",0
2156070,"女性",27,"プランA","タイプ01","AA","ある",380,423,27,"stable",6,4,"新しい料金プランについて知りたい。すぐに解約の可能性大。無料通話分を増やしたい。",0
2160164,"男性",26,"プランC","タイプ02","AA","ある",295,321,26,"stable",7,4,"XVYX社のPDA付きの新しい電話がほしい。",0
2160611,"男性",50,"プランB","タイプ01","AA","ない",0,643,2,"down",5,6,"職場に電話が転送されない。他の機能はうまくいっているかどうか尋ねる。また、HPを参照するように伝える。",0
2161398,"男性",28,"プランB","タイプ01","AA","ない",142,343,3,"stable",2,5,"電話機の使い方を、教えてほしい。ショップに行って教えてもらうように伝える。",0
2170711,"女性",49,"プランA","タイプ01","AA","ない",0,651,4,"stable",12,10,"初めからバッテリーの調子が悪い。今すぐ新しい電話器がほしい。",0
2172328,"男性",30,"プランB","タイプ01","AA","ある",177,426,5,"stable",2,8,"新しい料金プランについて知りたい。すぐに解約の可能性大。無料通話分を増やしたい。",0
2183185,"女性",38,"プランA","タイプ01","AA","ある",270,650,38,"down",7,6,"近くのお店の場所を知りたい。付属品を購入したい。",0
2198428,"女性",32,"プランA","タイプ01","AA","ない",170,409,5,"stable",7,3,"今週末までに、奥さん用に新しい回線がほしい。",0
2212263,"男性",42,"プランB","タイプ01","AA","ある",186,447,6,"stable",7,4,"キャッチホンの設定をオフにしたい。HPを参照するように伝える。",0
2218898,"男性",39,"プランB","タイプ01","AA","ない",1205,437,2,"stable",17,5,"電話機の性能がほんとうに悪い。自宅付近だとほとんど何も聞こえない。",0
2220905,"男性",35,"プランB","タイプ01","BB","ある",230,553,0,"stable",2,6,"メールの使い方を知りたい。HPを参照するように伝える。",1
2236943,"女性",37,"プランA","タイプ01","AA","ある",0,618,5,"stable",3,6,"新しい着替えパネルがほしい。",0
2238480,"男性",55,"プランB","タイプ01","AA","ない",0,643,35,"down",15,6,"家族割引を利用したい。お客様窓口に転送。",0
2246263,"男性",31,"プランB","タイプ01","AA","ない",166,400,31,"stable",8,6,"近くのお店の場所を知りたい。付属品を購入したい。",0
2249596,"男性",33,"プランB","タイプ01","AA","ある",152,367,33,"stable",2,4,"近くのお店の場所を知りたい。付属品を購入したい。",0
2252569,"男性",39,"プランB","タイプ01","AA","ない",1205,437,2,"stable",17,5,"他社は料金が安くて、契約期間のないものがある。今の契約をすぐ破棄したい。",0
2253000,"男性",20,"プランC","タイプ02","AA","ある",596,414,5,"stable",13,1,"電話機が最悪",0
2255475,"男性",29,"プランB","タイプ01","AA","ない",140,336,29,"stable",10,7,"近くのお店の場所を知りたい。付属品を購入したい。",0
2279936,"男性",33,"プランB","タイプ01","AA","ない",1121,405,3,"stable",7,4,"電話機を紛失。解約センターに電話。もう一度連絡してもらうまで、解約しないことを伝える。再度連絡予定。",0
2288515,"男性",44,"プランB","タイプ01","AA","ある",271,651,44,"down",3,6,"近くのお店の場所を知りたい。付属品を購入したい。",0
2294690,"男性",27,"プランB","タイプ01","AA","ない",1044,435,3,"stable",2,0,"電話機を紛失。解約センターに電話。もう一度連絡してもらうまで、解約しないことを伝える。再度連絡予定。",0
2310030,"女性",18,"プランA","タイプ01","AA","ある",0,409,6,"stable",11,0,"家族用に回線を追加したい。料金プランについて知りたい。",0
2313186,"男性",36,"プランB","タイプ01","AA","ない",268,644,36,"down",13,5,"近くのお店の場所を知りたい。付属品を購入したい。",0
2325821,"男性",45,"プランB","タイプ01","AA","ない",328,789,2,"down",1,7,"近くのお店の場所を知りたい。付属品を購入したい。",0
2326884,"男性",23,"プランB","タイプ01","AA","ない",170,409,23,"stable",6,3,"カスタマーサポートがひどい。",0
2330466,"男性",27,"プランB","タイプ01","AA","ない",152,367,27,"stable",8,4,"カスタマーサポートがひどい。",0
2347959,"男性",55,"プランB","タイプ01","AA","ない",275,660,3,"down",4,7,"近くのお店の場所を知りたい。付属品を購入したい。",0
2351744,"男性",22,"プランC","タイプ02","AA","ない",102,451,3,"stable",5,3,"インターネットサービスについて知りたい。HPを参照するように伝える。",0
2375211,"男性",27,"プランB","タイプ01","AA","ある",145,349,5,"stable",3,3,"新しい料金プランについて知りたい。すぐに解約の可能性大。無料通話分を増やしたい。",0
2376546,"男性",37,"プランB","タイプ01","AA","ある",566,441,1,"down",3,8,"着信音の変更方法が知りたい。HPを参照するように伝える。",0
2379799,"男性",28,"プランB","タイプ01","AA","ない",142,343,3,"stable",2,5,"電話機の使い方を、教えてほしい。ショップに行って教えてもらうように伝える。",0
2381890,"男性",27,"プランC","タイプ02","AA","ない",82,198,1,"up",9,8,"すぐに上司に転送",1
2388231,"男性",46,"プランB","タイプ01","AA","ない",0,599,3,"down",1,16,"職場に電話が転送されない。他の機能はうまくいっているかどうか尋ねる。また、HPを参照するように伝える。",0
2391858,"男性",30,"プランB","タイプ01","AA","ある",177,426,5,"stable",2,8,"新しい料金プランについて知りたい。すぐに解約の可能性大。無料通話分を増やしたい。",0
2391872,"男性",30,"プランB","タイプ01","AA","ある",0,459,7,"stable",26,10,"新しい番号にしたい。お客様窓口に転送。",0
2392952,"男性",21,"プランC","タイプ02","BB","ない",118,407,0,"stable",1,0,"初めからバッテリーの調子が悪い。今すぐ新しい電話器がほしい。",1
2412494,"男性",20,"プランC","タイプ02","AA","ある",122,294,20,"up",3,2,"高速道路上以外では、受信状態がよくない。いつこの問題が解決されるのか知りたい。",0
2420982,"男性",29,"プランB","タイプ01","AA","ない",151,194,1,"up",9,6,"電話機が最悪",1
2422355,"男性",44,"プランB","タイプ01","AA","ない",1921,523,2,"down",5,5,"住所変更",0
2428060,"男性",26,"プランB","タイプ01","AA","ある",260,626,5,"down",7,0,"今週末までに、奥さん用に新しい回線がほしい。",0
2433325,"男性",44,"プランB","タイプ01","AA","ない",0,456,3,"down",5,6,"職場に電話が転送されない。他の機能はうまくいっているかどうか尋ねる。また、HPを参照するように伝える。",0
2444593,"男性",55,"プランB","タイプ01","AA","ない",275,660,3,"down",4,7,"近くのお店の場所を知りたい。付属品を購入したい。",0
2455930,"男性",42,"プランC","タイプ02","AA","ある",0,409,3,"stable",8,4,"電話機の取説をなくしたので、新しいのがほしい。HPを参照するように伝える。",1
2466580,"男性",28,"プランB","タイプ01","AA","ない",65,158,1,"up",12,5,"電話機が最悪",1
2466890,"男性",41,"プランB","タイプ01","AA","ある",336,807,41,"instable",10,10,"近くのお店の場所を知りたい。付属品を購入したい。",0
2468004,"男性",25,"プランC","タイプ02","AA","ない",0,271,22,"up",16,5,"充電器を紛失。すぐに購入できる場所は。ショップに行くように伝える。",1
2472884,"男性",58,"プランB","タイプ01","AA","ある",369,887,5,"instable",7,9,"キャッチホンの設定をオフにしたい。HPを参照するように伝える。",0
2475826,"男性",25,"プランB","タイプ01","AA","ない",188,452,2,"stable",3,4,"電話機の使い方を、教えてほしい。ショップに行って教えてもらうように伝える。",0
2478841,"男性",42,"プランB","タイプ01","AA","ない",1341,427,6,"stable",1,12,"新しい着替えパネルがほしい。",0
2479377,"男性",29,"プランB","タイプ01","AA","ない",587,378,2,"stable",4,4,"電話機を紛失。解約センターに電話。もう一度連絡してもらうまで、解約しないことを伝える。再度連絡予定。",0
2480110,"女性",28,"プランA","タイプ01","AA","ない",282,679,7,"down",11,4,"家族用に回線を追加したい。料金プランについて知りたい。",0
2501578,"男性",35,"プランB","タイプ01","AA","ない",0,402,35,"stable",12,8,"近くのお店の場所を知りたい。付属品を購入したい。",0
2510872,"男性",22,"プランC","タイプ02","AA","ある",74,178,19,"up",9,0,"HPがよくない。自分では、必要な情報が、さがせない。",1
2528682,"男性",42,"プランB","タイプ01","AA","ある",277,665,3,"stable",5,5,"電話機の使い方を、教えてほしい。ショップに行って教えてもらうように伝える。",0
2536946,"男性",30,"プランB","タイプ01","BB","ない",171,412,0,"stable",0,3,"メールの使い方を知りたい。HPを参照するように伝える。",1
2550390,"男性",40,"プランB","タイプ01","AA","ない",646,448,1,"down",1,5,"着信音の変更方法が知りたい。HPを参照するように伝える。",0
2575691,"女性",25,"プランA","タイプ01","AA","ある",0,413,25,"stable",3,1,"カスタマーサポートがひどい。",0
2581715,"男性",23,"プランB","タイプ01","AA","ない",170,409,23,"stable",6,3,"カスタマーサポートがひどい。",0
2587225,"男性",44,"プランB","タイプ01","AA","ない",165,396,2,"down",0,13,"電話機の使い方を、教えてほしい。ショップに行って教えてもらうように伝える。",0
2593109,"男性",22,"プランC","タイプ02","AA","ない",98,237,2,"up",1,2,"インターネットサービスについて知りたい。HPを参照するように伝える。",0
2593388,"女性",47,"プランA","タイプ01","AA","ある",446,479,5,"stable",3,8,"新しい着替えパネルがほしい。",0
2607432,"女性",25,"プランA","タイプ01","AA","ある",0,413,25,"stable",3,1,"カスタマーサポートがひどい。",0
2609319,"男性",19,"プランC","タイプ02","BB","ない",0,166,1,"up",7,0,"今週末までに、もう１回線追加申し込みをしたい。お客様窓口に転送。",1
2611993,"男性",48,"プランB","タイプ01","AA","ない",1120,888,3,"instable",5,12,"住所変更",0
2611998,"男性",23,"プランB","タイプ01","AA","ない",142,341,3,"stable",3,2,"電話機の使い方を、教えてほしい。ショップに行って教えてもらうように伝える。",0
2620982,"男性",44,"プランB","タイプ01","AA","ない",247,593,5,"down",4,8,"住所変更。遠くに引っ越すので、番号が変わるのかどうか知りたい。",0
2637009,"男性",26,"プランB","タイプ01","AA","ない",0,360,3,"stable",10,7,"電話の基本的な使い方が、わからない。ショップに行って教えてもらうように伝える。",0
2638085,"男性",20,"プランC","タイプ02","BB","ない",224,538,0,"stable",24,0,"初めからバッテリーの調子が悪い。今すぐ新しい電話器がほしい。",1
2641075,"女性",20,"プランA","タイプ01","AA","ない",192,461,3,"stable",5,1,"電話機の使い方を、教えてほしい。ショップに行って教えてもらうように伝える。",0
2650340,"男性",21,"プランC","タイプ02","AA","ない",162,390,4,"stable",10,0,"請求書の見方がわからない。１分間当たりの料金を伝える。",0
2655686,"男性",29,"プランC","タイプ02","AA","ない",184,443,4,"stable",12,3,"請求書の見方がわからない。１分間当たりの料金を伝える。",0
2662338,"男性",33,"プランB","タイプ01","AA","ない",1121,405,3,"stable",7,4,"電話機を紛失。解約センターに電話。もう一度連絡してもらうまで、解約しないことを伝える。再度連絡予定。",0
2664193,"男性",38,"プランC","タイプ02","AA","ない",0,650,38,"down",5,6,"近くのお店の場所を知りたい。付属品を購入したい。",0
2666526,"男性",53,"プランB","タイプ01","AA","ない",160,384,3,"stable",13,9,"近くのお店の場所を知りたい。付属品を購入したい。",0
2673334,"男性",18,"プランB","タイプ01","AA","ない",543,222,3,"up",11,2,"カスタマーサポートをもっと改善してほしい。",0
2675780,"男性",37,"プランB","タイプ01","AA","ない",143,344,6,"stable",15,3,"新しい番号にしたい。お客様窓口に転送。",0
2680470,"男性",24,"プランB","タイプ01","AA","ない",114,274,3,"up",5,0,"インターネットサービスについて知りたい。HPを参照するように伝える。",0
2681521,"男性",36,"プランB","タイプ01","AA","ない",0,633,3,"down",8,3,"電話の基本的な使い方が、わからない。ショップに行って教えてもらうように伝える。",0
2682508,"男性",50,"プランB","タイプ01","AA","ない",250,600,2,"stable",8,9,"近くのお店の場所を知りたい。付属品を購入したい。",0
2692483,"男性",29,"プランC","タイプ02","AA","ない",121,292,1,"stable",18,5,"家族割引を利用したい。お客様窓口に転送。",0
2696635,"男性",21,"プランC","タイプ02","AA","ない",703,421,4,"down",1,0,"請求書の見方がわからない。１分間当たりの料金を伝える。",0
2698894,"女性",33,"プランA","タイプ01","AA","ある",0,447,4,"stable",3,10,"請求書の見方がわからない。１分間当たりの料金を伝える。",0
2707094,"女性",36,"プランA","タイプ01","AA","ない",262,371,36,"stable",9,4,"近くのお店の場所を知りたい。付属品を購入したい。",0
2735033,"男性",33,"プランB","タイプ01","AA","ない",643,296,8,"stable",8,7,"充電器の調子が悪い。その結果、通話ができなくなっている。今すぐ解約したい。",0
2740597,"男性",38,"プランC","タイプ02","AA","ない",0,650,38,"down",5,6,"近くのお店の場所を知りたい。付属品を購入したい。",0
2754861,"男性",22,"プランC","タイプ02","AA","ない",81,195,1,"up",3,0,"すぐに上司に転送",1
2757679,"男性",22,"プランC","タイプ02","AA","ない",81,195,1,"up",3,0,"すぐに上司に転送",1
2767876,"女性",18,"プランA","タイプ01","AA","ない",118,284,2,"up",1,0,"職場に電話が転送されない。他の機能はうまくいっているかどうか尋ねる。また、HPを参照するように伝える。",0
2781036,"男性",23,"プランB","タイプ01","AA","ない",308,329,8,"stable",0,3,"カスタマーサポートがひどい。",0
2787503,"男性",30,"プランB","タイプ01","AA","ない",257,401,1,"stable",9,2,"家族割引を利用したい。お客様窓口に転送。",0
2789338,"男性",28,"プランC","タイプ02","AA","ある",0,211,25,"up",3,2,"高速道路上以外では、受信状態がよくない。いつこの問題が解決されるのか知りたい。",1
2795361,"男性",35,"プランB","タイプ01","AA","ない",614,455,1,"down",2,8,"着信音の変更方法が知りたい。HPを参照するように伝える。",0
2803182,"男性",37,"プランB","タイプ01","AA","ある",262,679,8,"down",22,7,"新しい料金プランについて知りたい。すぐに解約の可能性大。無料通話分を増やしたい。",0
2804646,"男性",28,"プランC","タイプ02","AA","ない",461,296,3,"stable",5,6,"電話機を紛失。解約センターに電話。もう一度連絡してもらうまで、解約しないことを伝える。再度連絡予定。",0
2806547,"男性",35,"プランB","タイプ01","BB","ある",230,553,0,"stable",2,6,"メールの使い方を知りたい。HPを参照するように伝える。",1
2820304,"男性",44,"プランB","タイプ01","AA","ない",0,456,3,"down",5,6,"職場に電話が転送されない。他の機能はうまくいっているかどうか尋ねる。また、HPを参照するように伝える。",0
2830234,"男性",22,"プランC","タイプ02","AA","ない",81,195,1,"up",3,0,"すぐに上司に転送",1
2830246,"男性",35,"プランB","タイプ01","AA","ある",0,359,8,"stable",11,9,"新しい料金プランについて知りたい。すぐに解約の可能性大。無料通話分を増やしたい。",0
2834305,"男性",20,"プランC","タイプ02","AA","ない",0,393,5,"stable",2,0,"新しい料金プランについて知りたい。すぐに解約の可能性大。無料通話分を増やしたい。",0
2840220,"男性",30,"プランB","タイプ01","BB","ない",171,412,0,"stable",0,3,"メールの使い方を知りたい。HPを参照するように伝える。",1
2844745,"男性",41,"プランB","タイプ01","AA","ない",194,467,1,"stable",4,5,"着信音の変更方法が知りたい。HPを参照するように伝える。",0
2857788,"男性",44,"プランB","タイプ01","AA","ない",1921,523,2,"down",5,5,"住所変更",0
2858749,"男性",84,"プランB","タイプ01","AA","ない",349,838,64,"down",2,9,"家族割引を利用したい。お客様窓口に転送。",0
2873282,"男性",33,"プランB","タイプ01","AA","ある",227,546,6,"stable",9,4,"今週末までに、奥さん用に新しい回線がほしい。",0
2873824,"男性",29,"プランC","タイプ02","AA","ない",121,292,1,"stable",18,5,"家族割引を利用したい。お客様窓口に転送。",0
2889840,"男性",50,"プランB","タイプ01","AA","ない",174,418,30,"stable",7,11,"家族割引を利用したい。お客様窓口に転送。",0
2903419,"男性",20,"プランC","タイプ02","AA","ある",102,245,3,"up",8,2,"インターネットサービスについて知りたい。HPを参照するように伝える。",0
2903897,"男性",24,"プランB","タイプ01","AA","ない",130,312,24,"stable",1,4,"他社は料金が安くて、契約期間のないものがある。今の契約をすぐ破棄したい。",0
2918263,"男性",50,"プランB","タイプ01","AA","ない",0,643,2,"down",5,6,"職場に電話が転送されない。他の機能はうまくいっているかどうか尋ねる。また、HPを参照するように伝える。",0
2918863,"男性",47,"プランB","タイプ01","AA","ない",217,521,2,"down",6,8,"近くのお店の場所を知りたい。付属品を購入したい。",0
2928450,"男性",50,"プランB","タイプ01","AA","ない",148,524,30,"stable",5,9,"家族割引を利用したい。お客様窓口に転送。",0
2935743,"男性",40,"プランB","タイプ01","AA","ない",203,489,4,"down",10,7,"請求書の見方がわからない。１分間当たりの料金を伝える。",0
2939087,"男性",36,"プランB","タイプ01","AA","ある",0,490,2,"stable",11,8,"充電器の調子が悪い。その結果、通話ができなくなっている。今すぐ解約したい。",0
2942285,"男性",20,"プランC","タイプ02","AA","ない",141,340,3,"stable",4,0,"インターネットサービスについて知りたい。HPを参照するように伝える。",0
2948430,"女性",38,"プランA","タイプ01","AA","ない",179,430,4,"up",4,5,"請求書の見方がわからない。１分間当たりの料金を伝える。",0
2948702,"男性",21,"プランC","タイプ02","BB","ない",118,407,0,"stable",1,0,"初めからバッテリーの調子が悪い。今すぐ新しい電話器がほしい。",1
2948889,"男性",29,"プランB","タイプ01","AA","ない",151,194,1,"up",9,6,"電話機が最悪",1
2949381,"男性",53,"プランB","タイプ01","AA","ない",160,384,3,"stable",13,9,"近くのお店の場所を知りたい。付属品を購入したい。",0
2955152,"男性",33,"プランB","タイプ01","AA","ある",152,367,33,"stable",2,4,"近くのお店の場所を知りたい。付属品を購入したい。",0
2956730,"男性",28,"プランB","タイプ01","AA","ない",196,471,3,"stable",2,5,"電話機の使い方を、教えてほしい。ショップに行って教えてもらうように伝える。",0
2965581,"男性",23,"プランB","タイプ01","AA","ない",142,341,3,"stable",3,2,"電話機の使い方を、教えてほしい。ショップに行って教えてもらうように伝える。",0
2971903,"男性",34,"プランB","タイプ01","BB","ある",366,476,0,"stable",4,7,"メールの使い方を知りたい。HPを参照するように伝える。",1
2975059,"男性",24,"プランB","タイプ01","AA","ある",0,442,5,"stable",5,2,"住所変更",0
2986705,"男性",32,"プランB","タイプ01","BB","ない",167,401,0,"stable",6,12,"メールの使い方を知りたい。HPを参照するように伝える。",1
2989807,"男性",29,"プランB","タイプ01","AA","ない",587,378,2,"stable",4,4,"電話機を紛失。解約センターに電話。もう一度連絡してもらうまで、解約しないことを伝える。再度連絡予定。",0
2989980,"男性",25,"プランB","タイプ01","BB","ない",193,465,0,"stable",4,5,"初めからバッテリーの調子が悪い。今すぐ新しい電話器がほしい。",1
2996681,"男性",22,"プランC","タイプ02","AA","ある",463,351,22,"stable",4,2,"カスタマーサポートがひどい。",0
2996910,"女性",18,"プランA","タイプ01","AA","ない",127,307,3,"up",5,2,"職場に電話が転送されない。他の機能はうまくいっているかどうか尋ねる。また、HPを参照するように伝える。",0
2999195,"男性",44,"プランB","タイプ01","AA","ない",215,518,2,"down",12,16,"電話機の使い方を、教えてほしい。ショップに行って教えてもらうように伝える。",0
3013503,"男性",38,"プランB","タイプ01","BB","ない",150,362,2,"stable",2,5,"電話機の使い方を、教えてほしい。ショップに行って教えてもらうように伝える。",0
3015510,"男性",44,"プランB","タイプ01","AA","ある",0,651,6,"down",3,7,"新しい着替えパネルがほしい。",0
3019045,"女性",38,"プランA","タイプ01","AA","ある",270,650,38,"down",7,6,"近くのお店の場所を知りたい。付属品を購入したい。",0
3022615,"男性",33,"プランB","タイプ01","AA","ない",0,337,3,"stable",3,11,"電話の基本的な使い方が、わからない。ショップに行って教えてもらうように伝える。",0
3024499,"男性",35,"プランB","タイプ01","AA","ある",202,485,7,"stable",10,10,"今週末までに、奥さん用に新しい回線がほしい。",0
3026865,"男性",23,"プランB","タイプ01","AA","ない",168,404,23,"stable",10,0,"カスタマーサポートがひどい。",0
3030185,"男性",30,"プランB","タイプ01","AA","ある",0,459,7,"stable",26,10,"新しい番号にしたい。お客様窓口に転送。",0
3050100,"男性",20,"プランC","タイプ02","AA","ある",102,245,3,"up",8,2,"職場に電話が転送されない。他の機能はうまくいっているかどうか尋ねる。また、HPを参照するように伝える。",0
3064483,"男性",46,"プランC","タイプ02","AA","ある",213,513,26,"stable",5,6,"新しい料金プランについて知りたい。すぐに解約の可能性大。無料通話分を増やしたい。",0
3065195,"男性",25,"プランB","タイプ01","AA","ない",188,452,2,"stable",3,4,"電話機の使い方を、教えてほしい。ショップに行って教えてもらうように伝える。",0
3071991,"女性",20,"プランA","タイプ01","AA","ない",0,411,3,"stable",0,2,"新しい着替えパネルがほしい。",0
3073815,"男性",41,"プランB","タイプ01","AA","ない",1118,454,1,"stable",7,5,"着信音の変更方法が知りたい。HPを参照するように伝える。",0
3085779,"女性",47,"プランA","タイプ01","AA","ある",446,479,5,"stable",3,8,"新しい着替えパネルがほしい。",0
3100094,"男性",44,"プランB","タイプ01","AA","ある",0,651,6,"down",3,7,"新しい着替えパネルがほしい。",0
3100118,"男性",24,"プランC","タイプ02","AA","ない",112,269,2,"up",3,0,"今週末までに、もう１回線追加申し込みをしたい。お客様窓口に転送。",0
3101347,"男性",20,"プランB","タイプ01","AA","ある",236,568,9,"stable",7,0,"キャッチホンの設定をオフにしたい。HPを参照するように伝える。",0
3107708,"男性",36,"プランB","タイプ01","AA","ある",165,397,7,"stable",7,4,"今週末までに、奥さん用に新しい回線がほしい。",0
3110348,"男性",43,"プランB","タイプ01","AA","ない",178,429,6,"stable",12,9,"電話をもう１台追加契約したい。",1
3120685,"男性",20,"プランB","タイプ01","AA","ある",236,568,9,"stable",7,0,"キャッチホンの設定をオフにしたい。HPを参照するように伝える。",0
3129747,"男性",22,"プランC","タイプ02","AA","ない",81,195,1,"up",3,0,"すぐに上司に転送",1
3133201,"男性",21,"プランC","タイプ02","AA","ない",112,269,3,"up",12,0,"電話機が駄目。市内でも受信状態がひどい場所が多い。",1
3133819,"男性",40,"プランB","タイプ01","AA","ない",119,287,2,"up",2,11,"今週末までに、もう１回線追加申し込みをしたい。お客様窓口に転送。",0
3135968,"男性",20,"プランC","タイプ02","AA","ある",144,346,20,"stable",3,2,"キャッチホンの設定をオフにしたい。HPを参照するように伝える。",0
3140004,"男性",30,"プランB","タイプ01","BB","ない",95,230,3,"up",10,5,"電話機が駄目。市内でも受信状態がひどい場所が多い。",1
3142496,"女性",19,"プランA","タイプ01","AA","ない",299,387,3,"stable",1,1,"電話機の使い方を、教えてほしい。ショップに行って教えてもらうように伝える。",0
3143870,"男性",26,"プランB","タイプ01","AA","ない",798,292,2,"stable",2,0,"電話機を紛失。解約センターに電話。もう一度連絡してもらうまで、解約しないことを伝える。再度連絡予定。",0
3150303,"男性",24,"プランB","タイプ01","AA","ない",159,383,3,"stable",4,3,"電話機の使い方を、教えてほしい。ショップに行って教えてもらうように伝える。",0
3160156,"男性",63,"プランB","タイプ01","AA","ない",250,602,1,"stable",4,14,"着信音の変更方法が知りたい。HPを参照するように伝える。",0
3168831,"男性",28,"プランB","タイプ01","AA","ない",65,158,1,"up",12,5,"電話機が最悪",1
3169304,"男性",35,"プランB","タイプ01","AA","ない",190,456,2,"stable",3,3,"電話機の使い方を、教えてほしい。ショップに行って教えてもらうように伝える。",0
3171019,"女性",19,"プランA","タイプ01","AA","ない",0,380,6,"stable",5,1,"住所変更",0
3178245,"男性",20,"プランC","タイプ02","AA","ない",176,423,5,"instable",19,0,"電話機が最悪",0
3178864,"男性",50,"プランB","タイプ01","AA","ない",148,524,30,"stable",5,9,"近くのお店の場所を知りたい。付属品を購入したい。",0
3179891,"男性",20,"プランC","タイプ02","BB","ない",224,538,0,"stable",24,0,"初めからバッテリーの調子が悪い。今すぐ新しい電話器がほしい。",1
3185405,"男性",35,"プランB","タイプ01","AA","ある",202,485,7,"stable",10,10,"今週末までに、奥さん用に新しい回線がほしい。",0
3187904,"女性",34,"プランA","タイプ01","AA","ある",182,437,3,"stable",1,5,"電話機の使い方を、教えてほしい。ショップに行って教えてもらうように伝える。",0
3188249,"男性",26,"プランC","タイプ02","AA","ない",1335,541,1,"stable",2,6,"家族割引を利用したい。お客様窓口に転送。",0
3196271,"男性",31,"プランB","タイプ01","AA","ない",171,412,2,"stable",1,7,"電話機の使い方を、教えてほしい。ショップに行って教えてもらうように伝える。",0
3199482,"男性",21,"プランC","タイプ02","AA","ある",348,338,6,"stable",4,0,"通話が聞こえづらい。雑音がひどい。",0
3207261,"男性",32,"プランB","タイプ01","AA","ない",217,521,1,"stable",6,8,"家族割引を利用したい。お客様窓口に転送。",0
3213762,"男性",37,"プランB","タイプ01","AA","ない",329,375,37,"down",10,11,"近くのお店の場所を知りたい。付属品を購入したい。",0
3229393,"男性",21,"プランC","タイプ02","AA","ない",115,277,2,"stable",6,3,"インターネットサービスについて知りたい。HPを参照するように伝える。",0
3232651,"男性",25,"プランC","タイプ02","AA","ない",0,271,22,"up",16,5,"充電器を紛失。すぐに購入できる場所は。ショップに行くように伝える。",1
3243371,"男性",34,"プランB","タイプ01","BB","ある",366,476,0,"stable",4,7,"メールの使い方を知りたい。HPを参照するように伝える。",1
3259151,"男性",29,"プランB","タイプ01","AA","ない",151,194,1,"up",9,6,"電話機が最悪",1
3261933,"男性",48,"プランB","タイプ01","AA","ない",1120,888,3,"instable",5,12,"住所変更",0
3272110,"女性",24,"プランA","タイプ01","AA","ある",0,264,24,"up",7,6,"XVYX社のPDA付きの新しい電話がほしい。",0
3287861,"男性",50,"プランB","タイプ01","AA","ない",250,600,2,"stable",8,9,"近くのお店の場所を知りたい。付属品を購入したい。",0
3296743,"男性",63,"プランB","タイプ01","AA","ない",250,602,1,"stable",4,14,"着信音の変更方法が知りたい。HPを参照するように伝える。",0
3303637,"男性",33,"プランB","タイプ01","AA","ない",649,385,3,"stable",4,4,"電話機を紛失。解約センターに電話。もう一度連絡してもらうまで、解約しないことを伝える。再度連絡予定。",0
3310676,"男性",42,"プランC","タイプ02","AA","ある",0,409,3,"stable",8,4,"電話機の取説をなくしたので、新しいのがほしい。HPを参照するように伝える。",1
3311721,"男性",23,"プランB","タイプ01","AA","ない",142,341,3,"stable",3,2,"電話機の使い方を、教えてほしい。ショップに行って教えてもらうように伝える。",0
3316603,"男性",20,"プランC","タイプ02","AA","ない",176,423,5,"instable",19,0,"電話機が最悪",0
3316845,"男性",45,"プランB","タイプ01","AA","ない",290,697,2,"down",6,5,"近くのお店の場所を知りたい。付属品を購入したい。",0
3320118,"女性",29,"プランA","タイプ01","AA","ない",170,408,1,"up",1,2,"家族割引を利用したい。お客様窓口に転送。",0
3337683,"男性",34,"プランB","タイプ01","AA","ない",165,397,3,"stable",4,11,"電話機の使い方を、教えてほしい。ショップに行って教えてもらうように伝える。",0
3340407,"男性",29,"プランB","タイプ01","AA","ない",228,549,6,"down",6,11,"今週末までに、奥さん用に新しい回線がほしい。",0
3350255,"男性",25,"プランC","タイプ02","AA","ない",0,271,22,"up",16,5,"充電器を紛失。すぐに購入できる場所は。ショップに行くように伝える。",1
3350534,"男性",20,"プランC","タイプ02","AA","ない",851,222,1,"up",4,0,"今週末までに、もう１回線追加申し込みをしたい。お客様窓口に転送。",1
3355796,"女性",19,"プランA","タイプ01","AA","ある",166,399,5,"stable",12,0,"家族用に回線を追加したい。料金プランについて知りたい。",0
3369245,"男性",31,"プランB","タイプ01","AA","ある",167,402,31,"stable",10,6,"近くのお店の場所を知りたい。付属品を購入したい。",0
3371629,"男性",22,"プランC","タイプ02","AA","ない",81,195,1,"up",3,0,"今週末までに、もう１回線追加申し込みをしたい。お客様窓口に転送。",1
3378220,"女性",36,"プランA","タイプ01","AA","ない",262,371,36,"stable",9,4,"近くのお店の場所を知りたい。付属品を購入したい。",0
3380430,"男性",42,"プランB","タイプ01","BB","ない",212,510,0,"stable",1,5,"メールの使い方を知りたい。HPを参照するように伝える。",1
3383828,"男性",32,"プランB","タイプ01","AA","ない",337,810,1,"down",9,6,"家族割引を利用したい。お客様窓口に転送。",0
3391778,"男性",38,"プランC","タイプ02","AA","ない",0,650,38,"down",5,6,"近くのお店の場所を知りたい。付属品を購入したい。",0
3409440,"男性",59,"プランB","タイプ01","BB","ない",365,877,6,"instable",7,6,"キャッチホンの設定をオフにしたい。HPを参照するように伝える。",0
3410600,"男性",35,"プランB","タイプ01","AA","ある",202,485,7,"stable",10,10,"今週末までに、奥さん用に新しい回線がほしい。",0
3410661,"男性",42,"プランB","タイプ01","AA","ない",1341,427,6,"stable",1,12,"新しい着替えパネルがほしい。",0
3422069,"女性",22,"プランA","タイプ01","AA","ない",701,483,3,"stable",10,2,"電話機を紛失。解約センターに電話。もう一度連絡してもらうまで、解約しないことを伝える。再度連絡予定。",0
3422719,"男性",50,"プランB","タイプ01","AA","ない",250,600,2,"stable",8,9,"近くのお店の場所を知りたい。付属品を購入したい。",0
3431580,"男性",32,"プランB","タイプ01","BB","ない",167,401,0,"stable",6,12,"メールの使い方を知りたい。HPを参照するように伝える。",1
3438130,"男性",32,"プランB","タイプ01","AA","ある",194,467,32,"stable",7,5,"近くのお店の場所を知りたい。付属品を購入したい。",0
3448877,"男性",43,"プランC","タイプ02","BB","ある",162,444,43,"stable",4,10,"近くのお店の場所を知りたい。付属品を購入したい。",0
3455416,"男性",36,"プランB","タイプ01","AA","ない",275,660,7,"down",12,11,"家族用に回線を追加したい。料金プランについて知りたい。",0
3458812,"男性",28,"プランB","タイプ01","AA","ない",172,413,3,"stable",3,6,"電話機の使い方を、教えてほしい。ショップに行って教えてもらうように伝える。",0
3462279,"男性",34,"プランB","タイプ01","AA","ない",168,405,4,"stable",14,9,"請求書の見方がわからない。１分間当たりの料金を伝える。",0
3468278,"男性",45,"プランC","タイプ02","AA","ない",0,317,3,"stable",5,7,"職場に電話が転送されない。他の機能はうまくいっているかどうか尋ねる。また、HPを参照するように伝える。",0
3470407,"男性",31,"プランB","タイプ01","AA","ない",171,378,31,"stable",4,7,"近くのお店の場所を知りたい。付属品を購入したい。",0
3482706,"男性",51,"プランB","タイプ01","AA","ない",240,578,2,"stable",14,13,"近くのお店の場所を知りたい。付属品を購入したい。",0
3483567,"女性",37,"プランA","タイプ01","AA","ある",0,618,5,"stable",3,6,"新しい着替えパネルがほしい。",0
3485047,"男性",19,"プランC","タイプ02","BB","ない",76,184,5,"up",4,0,"通話が聞こえづらい。雑音がひどい。",1
3487929,"男性",36,"プランB","タイプ01","AA","ない",275,660,7,"down",12,11,"電話をもう１台追加契約したい。",0
3488780,"女性",38,"プランA","タイプ01","AA","ない",179,430,4,"up",4,5,"請求書の見方がわからない。１分間当たりの料金を伝える。",0
3489163,"男性",22,"プランC","タイプ02","AA","ある",0,138,19,"up",7,3,"HPがよくない。自分では、必要な情報が、さがせない。",1
3491815,"男性",25,"プランB","タイプ01","AA","ない",106,256,22,"up",14,4,"HPがよくない。自分では、必要な情報が、さがせない。",1
3492947,"男性",27,"プランB","タイプ01","AA","ある",167,403,4,"stable",4,3,"請求書の見方がわからない。１分間当たりの料金を伝える。",0
3541601,"男性",28,"プランC","タイプ02","BB","ある",205,492,0,"stable",10,4,"メールの使い方を知りたい。HPを参照するように伝える。",1
3543640,"女性",32,"プランA","タイプ01","AA","ない",0,274,1,"up",11,13,"家族割引を利用したい。お客様窓口に転送。",0
3546606,"男性",50,"プランB","タイプ01","AA","ない",148,524,30,"stable",5,9,"近くのお店の場所を知りたい。付属品を購入したい。",0
3548985,"男性",45,"プランB","タイプ01","AA","ない",268,644,4,"stable",9,12,"初めからバッテリーの調子が悪い。今すぐ新しい電話器がほしい。",0
3553737,"男性",50,"プランB","タイプ01","AA","ない",174,418,30,"stable",7,11,"近くのお店の場所を知りたい。付属品を購入したい。",0
3559760,"男性",47,"プランB","タイプ01","AA","ない",217,521,2,"down",6,8,"近くのお店の場所を知りたい。付属品を購入したい。",0
3560780,"男性",32,"プランB","タイプ01","AA","ない",277,276,2,"stable",4,5,"電話機の使い方を、教えてほしい。ショップに行って教えてもらうように伝える。",0
3566239,"男性",32,"プランB","タイプ01","AA","ない",217,521,1,"stable",6,8,"家族割引を利用したい。お客様窓口に転送。",0
3566617,"女性",29,"プランA","タイプ01","AA","ある",142,343,29,"stable",6,4,"近くのお店の場所を知りたい。付属品を購入したい。",0
3572326,"男性",28,"プランB","タイプ01","AA","ある",112,269,28,"stable",5,5,"近くのお店の場所を知りたい。付属品を購入したい。",0
3576142,"男性",28,"プランB","タイプ01","AA","ある",184,443,4,"stable",3,9,"請求書の見方がわからない。１分間当たりの料金を伝える。",0
3583367,"男性",28,"プランB","タイプ01","AA","ない",271,302,1,"up",2,3,"家族割引を利用したい。お客様窓口に転送。",0
3587845,"男性",45,"プランB","タイプ01","AA","ない",290,697,2,"down",6,5,"近くのお店の場所を知りたい。付属品を購入したい。",0
3588605,"男性",35,"プランB","タイプ01","AA","ない",184,442,1,"stable",3,4,"着信音の変更方法が知りたい。HPを参照するように伝える。",0
3589316,"男性",31,"プランB","タイプ01","AA","ない",53,466,5,"stable",18,6,"新しい番号にしたい。お客様窓口に転送。",0
3593184,"女性",38,"プランA","タイプ01","AA","ない",179,430,4,"up",4,5,"請求書の見方がわからない。１分間当たりの料金を伝える。",0
3595907,"男性",39,"プランB","タイプ01","AA","ない",202,485,4,"down",6,4,"請求書の見方がわからない。１分間当たりの料金を伝える。",0
3596827,"女性",28,"プランA","タイプ01","AA","ない",176,424,2,"stable",24,2,"電話機の使い方を、教えてほしい。ショップに行って教えてもらうように伝える。",0
3597492,"男性",20,"プランC","タイプ02","AA","ある",122,294,20,"up",3,2,"高速道路上以外では、受信状態がよくない。いつこの問題が解決されるのか知りたい。",0
3601116,"男性",35,"プランB","タイプ01","AA","ある",0,359,8,"stable",11,9,"新しい料金プランについて知りたい。すぐに解約の可能性大。無料通話分を増やしたい。",0
3601998,"男性",29,"プランB","タイプ01","AA","ない",0,554,2,"stable",4,4,"電話の基本的な使い方が、わからない。ショップに行って教えてもらうように伝える。",0
3603231,"男性",24,"プランB","タイプ01","BB","ある",0,475,0,"stable",1,1,"初めからバッテリーの調子が悪い。今すぐ新しい電話器がほしい。",1
3609410,"男性",19,"プランC","タイプ02","AA","ない",1747,235,2,"stable",5,1,"メールの使い方を知りたい。HPを参照するように伝える。",0
3611197,"女性",33,"プランA","タイプ01","AA","ない",0,380,5,"stable",9,8,"今週末までに、奥さん用に新しい回線がほしい。",0
3618940,"男性",25,"プランB","タイプ01","AA","ある",230,553,7,"stable",2,7,"新しい料金プランについて知りたい。すぐに解約の可能性大。無料通話分を増やしたい。",0
3631586,"男性",23,"プランB","タイプ01","AA","ない",308,329,8,"stable",0,3,"カスタマーサポートがひどい。",0
3634047,"男性",27,"プランC","タイプ02","AA","ない",79,191,2,"up",6,3,"受話器がもっと大きいほうがよい。長時間だと疲れる。",1
3635506,"男性",50,"プランB","タイプ01","BB","ある",356,491,0,"stable",8,9,"メールの使い方を知りたい。HPを参照するように伝える。",1
3637979,"女性",20,"プランA","タイプ01","AA","ない",194,466,5,"stable",7,0,"住所変更",0
3639930,"男性",31,"プランB","タイプ01","AA","ない",171,412,2,"stable",1,7,"電話機の使い方を、教えてほしい。ショップに行って教えてもらうように伝える。",0
3643436,"男性",20,"プランC","タイプ02","AA","ある",102,245,3,"up",8,2,"インターネットサービスについて知りたい。HPを参照するように伝える。",0
3643812,"男性",25,"プランB","タイプ01","BB","ない",193,465,0,"stable",4,5,"初めからバッテリーの調子が悪い。今すぐ新しい電話器がほしい。",1
3644208,"女性",19,"プランA","タイプ01","AA","ない",89,215,3,"up",12,0,"電話機が駄目。市内でも受信状態がひどい場所が多い。",1
3644687,"男性",21,"プランC","タイプ02","AA","ある",418,528,3,"down",8,2,"メールの使い方を知りたい。HPを参照するように伝える。",0
3645172,"男性",21,"プランC","タイプ02","AA","ない",112,269,3,"up",12,0,"電話機が駄目。市内でも受信状態がひどい場所が多い。",1
3648827,"男性",50,"プランB","タイプ01","AA","ない",0,643,2,"down",5,6,"職場に電話が転送されない。他の機能はうまくいっているかどうか尋ねる。また、HPを参照するように伝える。",0
3658780,"男性",24,"プランB","タイプ01","AA","ない",159,383,3,"stable",4,3,"電話機の使い方を、教えてほしい。ショップに行って教えてもらうように伝える。",0
3676726,"男性",41,"プランB","タイプ01","AA","ない",254,610,1,"down",3,7,"着信音の変更方法が知りたい。HPを参照するように伝える。",0
3694744,"男性",34,"プランB","タイプ01","AA","ない",168,405,4,"stable",14,9,"請求書の見方がわからない。１分間当たりの料金を伝える。",0
3697020,"男性",42,"プランC","タイプ02","AA","ある",0,409,3,"stable",8,4,"電話機の取説をなくしたので、新しいのがほしい。HPを参照するように伝える。",1
3700240,"女性",21,"プランA","タイプ01","AA","ない",141,339,2,"stable",4,3,"インターネットサービスについて知りたい。HPを参照するように伝える。",0
3700983,"男性",18,"プランC","タイプ02","AA","ない",75,180,2,"up",12,2,"住所変更。遠くに引っ越すので、番号が変わるのかどうか知りたい。",1
3713600,"男性",32,"プランB","タイプ01","AA","ある",194,467,32,"stable",7,5,"近くのお店の場所を知りたい。付属品を購入したい。",0
3718171,"男性",43,"プランB","タイプ01","AA","ある",776,518,2,"stable",3,6,"住所変更",0
3722569,"男性",36,"プランB","タイプ01","AA","ない",610,397,3,"stable",6,14,"電話機を紛失。解約センターに電話。もう一度連絡してもらうまで、解約しないことを伝える。再度連絡予定。",0
3747768,"男性",55,"プランB","タイプ01","AA","ない",0,749,1,"down",0,8,"着信音の変更方法が知りたい。HPを参照するように伝える。",0
3750709,"男性",35,"プランB","タイプ01","AA","ある",371,568,7,"down",10,7,"今週末までに、奥さん用に新しい回線がほしい。",0
3758548,"男性",45,"プランC","タイプ02","AA","ない",0,317,3,"stable",5,7,"職場に電話が転送されない。他の機能はうまくいっているかどうか尋ねる。また、HPを参照するように伝える。",0
3776226,"男性",28,"プランB","タイプ01","AA","ない",0,211,1,"up",7,3,"すぐに上司に転送",1
3779452,"男性",27,"プランB","タイプ01","AA","ない",178,429,1,"stable",9,6,"家族割引を利用したい。お客様窓口に転送。",0
3785301,"女性",24,"プランA","タイプ01","AA","ある",0,264,24,"up",7,6,"XVYX社のPDA付きの新しい電話がほしい。",0
3787479,"男性",53,"プランB","タイプ01","AA","ない",160,384,3,"stable",13,9,"近くのお店の場所を知りたい。付属品を購入したい。",0
3794611,"男性",68,"プランB","タイプ01","AA","ある",328,789,4,"down",10,11,"初めからバッテリーの調子が悪い。今すぐ新しい電話器がほしい。",0
3798158,"男性",65,"プランB","タイプ01","AA","ない",380,912,1,"instable",1,11,"着信音の変更方法が知りたい。HPを参照するように伝える。",0
3799718,"男性",32,"プランB","タイプ01","AA","ない",217,521,1,"stable",6,8,"家族割引を利用したい。お客様窓口に転送。",0
3805190,"女性",29,"プランA","タイプ01","AA","ある",142,343,29,"stable",6,4,"近くのお店の場所を知りたい。付属品を購入したい。",0
3809895,"男性",41,"プランB","タイプ01","AA","ない",254,610,1,"down",3,7,"着信音の変更方法が知りたい。HPを参照するように伝える。",0
3814030,"女性",19,"プランA","タイプ01","AA","ない",624,397,4,"stable",4,0,"着信音の変更方法が知りたい。HPを参照するように伝える。",0
3820732,"男性",27,"プランB","タイプ01","AA","ある",145,349,5,"stable",3,3,"新しい料金プランについて知りたい。すぐに解約の可能性大。無料通話分を増やしたい。",0
3830065,"男性",23,"プランB","タイプ01","BB","ない",0,403,0,"stable",10,4,"初めからバッテリーの調子が悪い。今すぐ新しい電話器がほしい。",1
3835863,"男性",29,"プランB","タイプ01","AA","ない",151,194,1,"up",9,6,"電話機が最悪",1
3836772,"男性",50,"プランB","タイプ01","AA","ない",189,454,5,"down",6,10,"キャッチホンの設定をオフにしたい。HPを参照するように伝える。",0
3847521,"男性",68,"プランB","タイプ01","AA","ある",328,789,4,"down",10,11,"初めからバッテリーの調子が悪い。今すぐ新しい電話器がほしい。",0
3851468,"男性",24,"プランB","タイプ01","AA","ない",450,337,2,"up",14,0,"カスタマーサポートをもっと改善してほしい。",0
3852546,"男性",34,"プランB","タイプ01","AA","ない",168,405,4,"stable",14,9,"請求書の見方がわからない。１分間当たりの料金を伝える。",0
3853079,"男性",48,"プランB","タイプ01","AA","ない",1120,888,3,"instable",5,12,"住所変更",0
3866959,"男性",44,"プランB","タイプ01","AA","ある",0,651,6,"down",3,7,"新しい着替えパネルがほしい。",0
3872221,"女性",18,"プランA","タイプ01","AA","ない",127,307,3,"up",5,2,"職場に電話が転送されない。他の機能はうまくいっているかどうか尋ねる。また、HPを参照するように伝える。",0
3886581,"男性",27,"プランB","タイプ01","BB","ある",0,396,0,"stable",5,3,"メールの使い方を知りたい。HPを参照するように伝える。",1
3894333,"男性",29,"プランB","タイプ01","AA","ない",127,306,2,"stable",4,9,"今週末までに、もう１回線追加申し込みをしたい。お客様窓口に転送。",0
3894823,"男性",22,"プランB","タイプ01","AA","ある",166,399,6,"stable",12,0,"家族用に回線を追加したい。料金プランについて知りたい。",0
3939409,"男性",35,"プランB","タイプ01","AA","ある",0,359,8,"stable",11,9,"新しい料金プランについて知りたい。すぐに解約の可能性大。無料通話分を増やしたい。",0
3946574,"男性",39,"プランB","タイプ01","AA","ない",153,368,2,"stable",7,9,"電話機の使い方を、教えてほしい。ショップに行って教えてもらうように伝える。",0
3949017,"男性",24,"プランB","タイプ01","AA","ない",219,527,8,"stable",2,3,"カスタマーサポートがひどい。",0
3956964,"女性",22,"プランA","タイプ01","AA","ない",701,483,3,"stable",10,2,"電話機を紛失。解約センターに電話。もう一度連絡してもらうまで、解約しないことを伝える。再度連絡予定。",0
3961960,"男性",23,"プランB","タイプ01","BB","ない",0,403,0,"stable",10,4,"初めからバッテリーの調子が悪い。今すぐ新しい電話器がほしい。",1
3969810,"男性",59,"プランB","タイプ01","BB","ない",365,877,6,"instable",7,6,"キャッチホンの設定をオフにしたい。HPを参照するように伝える。",0
3985457,"男性",37,"プランB","タイプ01","AA","ない",329,375,37,"down",10,11,"近くのお店の場所を知りたい。付属品を購入したい。",0
3986565,"女性",51,"プランA","タイプ01","AA","ない",287,691,31,"down",7,8,"家族割引を利用したい。お客様窓口に転送。",0
3990737,"女性",20,"プランA","タイプ01","AA","ない",194,466,5,"stable",7,0,"住所変更",0
4006200,"男性",27,"プランC","タイプ02","AA","ない",79,191,2,"up",6,3,"受話器がもっと大きいほうがよい。長時間だと疲れる。",1
4018022,"男性",59,"プランB","タイプ01","AA","ない",234,562,5,"down",3,14,"新しい着替えパネルがほしい。",0
4027406,"男性",36,"プランB","タイプ01","AA","ない",0,633,3,"down",8,3,"電話の基本的な使い方が、わからない。ショップに行って教えてもらうように伝える。",0
4033838,"男性",44,"プランB","タイプ01","AA","ある",271,651,44,"down",3,6,"近くのお店の場所を知りたい。付属品を購入したい。",0
4042060,"女性",23,"プランA","タイプ01","AA","ない",86,208,3,"up",7,3,"インターネットサービスについて知りたい。HPを参照するように伝える。",0
4043220,"男性",35,"プランB","タイプ01","AA","ある",228,549,35,"down",6,10,"近くのお店の場所を知りたい。付属品を購入したい。",0
4046070,"男性",45,"プランB","タイプ01","AA","ない",328,789,2,"down",1,7,"近くのお店の場所を知りたい。付属品を購入したい。",0
4050327,"男性",25,"プランB","タイプ01","BB","ない",193,465,0,"stable",4,5,"初めからバッテリーの調子が悪い。今すぐ新しい電話器がほしい。",1
4051817,"男性",25,"プランB","タイプ01","BB","ない",967,421,0,"stable",11,7,"初めからバッテリーの調子が悪い。今すぐ新しい電話器がほしい。",1
4055869,"男性",21,"プランC","タイプ02","AA","ない",1409,378,2,"stable",5,1,"電話機を紛失。解約センターに電話。もう一度連絡してもらうまで、解約しないことを伝える。再度連絡予定。",0
4056212,"女性",32,"プランA","タイプ01","AA","ない",170,409,5,"stable",7,3,"今週末までに、奥さん用に新しい回線がほしい。",0
4062383,"男性",46,"プランC","タイプ02","AA","ある",213,513,26,"stable",5,6,"新しい料金プランについて知りたい。すぐに解約の可能性大。無料通話分を増やしたい。",0
4063095,"男性",31,"プランB","タイプ01","AA","ない",168,405,4,"stable",10,1,"請求書の見方がわからない。１分間当たりの料金を伝える。",0
4080909,"男性",27,"プランB","タイプ01","BB","ある",0,396,0,"stable",5,3,"メールの使い方を知りたい。HPを参照するように伝える。",1
4083316,"女性",44,"プランA","タイプ01","AA","ある",160,586,4,"down",3,9,"初めからバッテリーの調子が悪い。今すぐ新しい電話器がほしい。",0
4099231,"男性",27,"プランC","タイプ02","BB","ない",175,422,0,"stable",9,9,"メールの使い方を知りたい。HPを参照するように伝える。",1
4099390,"女性",44,"プランA","タイプ01","AA","ある",160,586,4,"down",3,9,"初めからバッテリーの調子が悪い。今すぐ新しい電話器がほしい。",0
4120246,"女性",34,"プランA","タイプ01","AA","ない",205,492,1,"stable",16,4,"家族割引を利用したい。お客様窓口に転送。",0
4121872,"男性",26,"プランC","タイプ02","AA","ない",187,450,6,"stable",7,5,"住所変更",0
4126904,"男性",43,"プランB","タイプ01","AA","ある",776,518,2,"stable",3,6,"電話機を紛失。解約センターに電話。もう一度連絡してもらうまで、解約しないことを伝える。再度連絡予定。",0
4133383,"男性",36,"プランC","タイプ02","AA","ない",155,374,2,"stable",6,7,"電話機の使い方を、教えてほしい。ショップに行って教えてもらうように伝える。",0
4148768,"女性",23,"プランA","タイプ01","AA","ない",0,550,7,"stable",6,4,"住所変更",0
4150899,"男性",36,"プランB","タイプ01","AA","ない",187,451,4,"stable",11,4,"請求書の見方がわからない。１分間当たりの料金を伝える。",0
4176131,"男性",53,"プランB","タイプ01","AA","ある",285,684,5,"down",2,10,"新しい着替えパネルがほしい。",0
4176826,"男性",44,"プランB","タイプ01","AA","ない",165,396,2,"down",0,13,"電話機の使い方を、教えてほしい。ショップに行って教えてもらうように伝える。",0
4178646,"男性",27,"プランB","タイプ01","AA","ある",203,488,27,"down",8,4,"カスタマーサポートがひどい。",0
4179820,"女性",20,"プランA","タイプ01","AA","ない",0,411,3,"stable",0,2,"電話の基本的な使い方が、わからない。ショップに行って教えてもらうように伝える。",0
4182366,"男性",28,"プランB","タイプ01","AA","ない",122,294,4,"stable",3,2,"請求書の見方がわからない。１分間当たりの料金を伝える。",0
4188628,"男性",41,"プランB","タイプ01","AA","ない",194,467,1,"stable",4,5,"着信音の変更方法が知りたい。HPを参照するように伝える。",0
4195860,"男性",18,"プランC","タイプ02","AA","ない",217,523,4,"stable",6,2,"着信音の変更方法が知りたい。HPを参照するように伝える。",0
4196418,"男性",21,"プランC","タイプ02","AA","ない",112,269,3,"up",12,0,"電話機が駄目。市内でも受信状態がひどい場所が多い。",1
4200992,"男性",59,"プランB","タイプ01","BB","ない",365,877,6,"instable",7,6,"キャッチホンの設定をオフにしたい。HPを参照するように伝える。",0
4202480,"男性",20,"プランC","タイプ02","AA","ない",186,447,5,"stable",5,0,"住所変更",0
4226500,"男性",40,"プランB","タイプ01","AA","ない",646,448,1,"down",1,5,"着信音の変更方法が知りたい。HPを参照するように伝える。",0
4230500,"男性",37,"プランB","タイプ01","AA","ない",143,344,6,"stable",15,3,"新しい番号にしたい。お客様窓口に転送。",0
4232724,"男性",41,"プランB","タイプ01","AA","ない",179,430,4,"stable",3,11,"請求書の見方がわからない。１分間当たりの料金を伝える。",0
4235037,"男性",28,"プランB","タイプ01","AA","ある",184,443,4,"stable",3,9,"請求書の見方がわからない。１分間当たりの料金を伝える。",0
4236322,"男性",32,"プランB","タイプ01","AA","ある",194,467,32,"stable",7,5,"近くのお店の場所を知りたい。付属品を購入したい。",0
4237957,"男性",22,"プランC","タイプ02","AA","ない",1227,365,5,"stable",15,1,"新しい番号にしたい。お客様窓口に転送。",0
4241926,"男性",36,"プランB","タイプ01","BB","ない",170,408,0,"stable",6,3,"メールの使い方を知りたい。HPを参照するように伝える。",1
4259670,"男性",45,"プランB","タイプ01","BB","ない",377,906,2,"instable",10,8,"住所変更",0
4260806,"男性",24,"プランB","タイプ01","AA","ない",219,527,8,"stable",2,3,"カスタマーサポートがひどい。",0
4273006,"男性",20,"プランC","タイプ02","AA","ない",0,327,3,"stable",6,0,"電話の基本的な使い方が、わからない。ショップに行って教えてもらうように伝える。",0
4283436,"男性",53,"プランB","タイプ01","AA","ある",285,684,5,"down",2,10,"新しい着替えパネルがほしい。",0
4287099,"男性",23,"プランB","タイプ01","BB","ない",0,403,0,"stable",10,4,"初めからバッテリーの調子が悪い。今すぐ新しい電話器がほしい。",1
4290960,"女性",30,"プランA","タイプ01","AA","ない",112,271,2,"stable",18,10,"調子が悪いのは、電話機のせいなのか、それともバッテリーのせいなのか、わからない。",0
4291953,"男性",50,"プランB","タイプ01","AA","ない",148,524,30,"stable",5,9,"家族割引を利用したい。お客様窓口に転送。",0
4300877,"男性",29,"プランB","タイプ01","AA","ない",140,336,29,"stable",10,7,"近くのお店の場所を知りたい。付属品を購入したい。",0
4302048,"男性",25,"プランC","タイプ02","AA","ある",524,199,22,"up",0,4,"HPがよくない。自分では、必要な情報が、さがせない。",1
4311542,"男性",20,"プランC","タイプ02","AA","ない",851,222,1,"up",4,0,"今週末までに、もう１回線追加申し込みをしたい。お客様窓口に転送。",1
4314080,"男性",26,"プランB","タイプ01","AA","ない",163,393,3,"stable",5,0,"電話機の使い方を、教えてほしい。ショップに行って教えてもらうように伝える。",0
4333909,"女性",19,"プランA","タイプ01","AA","ある",166,399,5,"stable",12,0,"家族用に回線を追加したい。料金プランについて知りたい。",0
4339461,"男性",42,"プランB","タイプ01","AA","ある",186,447,6,"stable",7,4,"キャッチホンの設定をオフにしたい。HPを参照するように伝える。",0
4344540,"男性",26,"プランC","タイプ02","AA","ある",295,321,26,"stable",7,4,"XVYX社のPDA付きの新しい電話がほしい。",0
4348650,"男性",26,"プランB","タイプ01","AA","ある",111,268,26,"up",4,0,"XVYX社のPDA付きの新しい電話がほしい。",0
4357046,"男性",27,"プランB","タイプ01","AA","ある",431,400,5,"stable",3,6,"新しい料金プランについて知りたい。すぐに解約の可能性大。無料通話分を増やしたい。",0
4370832,"男性",29,"プランB","タイプ01","AA","ない",228,549,6,"down",6,11,"今週末までに、奥さん用に新しい回線がほしい。",0
4373130,"男性",24,"プランB","タイプ01","AA","ない",108,261,1,"up",3,1,"家族割引を利用したい。お客様窓口に転送。",0
4379806,"男性",36,"プランB","タイプ01","BB","ある",155,373,0,"stable",5,6,"メールの使い方を知りたい。HPを参照するように伝える。",1
4390330,"女性",28,"プランA","タイプ01","AA","ない",68,164,25,"up",6,4,"高速道路上以外では、受信状態がよくない。いつこの問題が解決されるのか知りたい。",1
4390797,"男性",40,"プランC","タイプ02","AA","ない",1346,471,1,"stable",13,16,"着信音の変更方法が知りたい。HPを参照するように伝える。",0
4399326,"男性",32,"プランB","タイプ01","AA","ある",285,481,3,"stable",4,6,"電話機の使い方を、教えてほしい。ショップに行って教えてもらうように伝える。",0
4408621,"男性",58,"プランB","タイプ01","AA","ある",369,887,5,"instable",7,9,"キャッチホンの設定をオフにしたい。HPを参照するように伝える。",0
4420422,"男性",25,"プランB","タイプ01","AA","ない",159,383,2,"stable",2,4,"電話機の使い方を、教えてほしい。ショップに行って教えてもらうように伝える。",0
4425921,"女性",22,"プランA","タイプ01","AA","ない",701,483,3,"stable",10,2,"電話機を紛失。解約センターに電話。もう一度連絡してもらうまで、解約しないことを伝える。再度連絡予定。",0
4443798,"男性",45,"プランB","タイプ01","AA","ある",595,505,6,"stable",17,5,"新しい番号にしたい。お客様窓口に転送。",0
4445330,"男性",24,"プランC","タイプ02","AA","ない",240,576,24,"down",2,2,"カスタマーサポートがひどい。",0
4448413,"男性",27,"プランC","タイプ02","AA","ない",82,198,1,"up",9,8,"すぐに上司に転送",1
4453385,"男性",27,"プランB","タイプ01","AA","ない",1044,435,3,"stable",2,0,"電話機を紛失。解約センターに電話。もう一度連絡してもらうまで、解約しないことを伝える。再度連絡予定。",0
4454268,"男性",38,"プランB","タイプ01","BB","ない",150,362,2,"stable",2,5,"電話機の使い方を、教えてほしい。ショップに行って教えてもらうように伝える。",0
4457510,"男性",18,"プランB","タイプ01","AA","ある",155,372,3,"stable",1,0,"電話機の使い方を、教えてほしい。ショップに行って教えてもらうように伝える。",0
4464148,"男性",46,"プランB","タイプ01","AA","ない",0,599,3,"down",1,16,"職場に電話が転送されない。他の機能はうまくいっているかどうか尋ねる。また、HPを参照するように伝える。",0
4466440,"男性",21,"プランC","タイプ02","BB","ない",118,407,0,"stable",1,0,"初めからバッテリーの調子が悪い。今すぐ新しい電話器がほしい。",1
4478525,"男性",36,"プランC","タイプ02","AA","ない",155,374,2,"stable",6,7,"電話機の使い方を、教えてほしい。ショップに行って教えてもらうように伝える。",0
4480696,"女性",28,"プランA","タイプ01","AA","ない",282,679,7,"down",11,4,"家族用に回線を追加したい。料金プランについて知りたい。",0
4480808,"男性",34,"プランB","タイプ01","AA","ない",165,397,3,"stable",4,11,"電話機の使い方を、教えてほしい。ショップに行って教えてもらうように伝える。",0
4483050,"男性",39,"プランB","タイプ01","AA","ない",1205,437,2,"stable",17,5,"他社は料金が安くて、契約期間のないものがある。今の契約をすぐ破棄したい。",0
4490808,"男性",45,"プランB","タイプ01","AA","ない",290,697,2,"down",6,5,"近くのお店の場所を知りたい。付属品を購入したい。",0
4499810,"男性",34,"プランB","タイプ01","AA","ない",188,453,2,"stable",7,11,"電話機の使い方を、教えてほしい。ショップに行って教えてもらうように伝える。",0
4508447,"女性",37,"プランA","タイプ01","AA","ある",0,618,5,"stable",3,6,"新しい着替えパネルがほしい。",0
4533439,"男性",35,"プランB","タイプ01","AA","ない",0,402,35,"stable",12,8,"近くのお店の場所を知りたい。付属品を購入したい。",0
4552557,"男性",42,"プランB","タイプ01","AA","ある",277,665,3,"stable",5,5,"電話機の使い方を、教えてほしい。ショップに行って教えてもらうように伝える。",0
4553250,"男性",43,"プランC","タイプ02","BB","ある",162,444,43,"stable",4,10,"近くのお店の場所を知りたい。付属品を購入したい。",0
4561909,"女性",25,"プランA","タイプ01","AA","ある",0,413,25,"stable",3,1,"カスタマーサポートがひどい。",0
4563440,"男性",29,"プランB","タイプ01","AA","ない",122,295,1,"stable",4,3,"家族割引を利用したい。お客様窓口に転送。",0
4565265,"男性",47,"プランB","タイプ01","AA","ない",168,405,3,"stable",12,9,"近くのお店の場所を知りたい。付属品を購入したい。",0
4566167,"男性",21,"プランC","タイプ02","AA","ない",173,417,7,"stable",15,1,"電話機が最悪",0
4570416,"男性",55,"プランB","タイプ01","AA","ない",0,749,1,"down",0,8,"着信音の変更方法が知りたい。HPを参照するように伝える。",0
4571774,"女性",18,"プランA","タイプ01","AA","ない",118,284,2,"up",1,0,"職場に電話が転送されない。他の機能はうまくいっているかどうか尋ねる。また、HPを参照するように伝える。",0
4580502,"男性",45,"プランB","タイプ01","AA","ある",0,697,3,"down",0,13,"電波が弱い。バッテリーを交換しても駄目。",0
4589966,"男性",45,"プランB","タイプ01","AA","ある",0,697,3,"down",0,13,"電波が弱い。バッテリーを交換しても駄目。",0
4595570,"男性",32,"プランB","タイプ01","AA","ある",179,473,4,"stable",4,5,"請求書の見方がわからない。１分間当たりの料金を伝える。",0
4610704,"女性",32,"プランA","タイプ01","AA","ない",170,409,5,"stable",7,3,"今週末までに、奥さん用に新しい回線がほしい。",0
4610877,"男性",35,"プランB","タイプ01","AA","ない",614,455,1,"down",2,8,"着信音の変更方法が知りたい。HPを参照するように伝える。",0
4622113,"男性",28,"プランB","タイプ01","AA","ある",184,443,4,"stable",3,9,"請求書の見方がわからない。１分間当たりの料金を伝える。",0
4625639,"男性",23,"プランB","タイプ01","AA","ない",168,404,23,"stable",10,0,"カスタマーサポートがひどい。",0
4630062,"男性",28,"プランB","タイプ01","AA","ない",147,353,2,"stable",5,5,"電話機の使い方を、教えてほしい。ショップに行って教えてもらうように伝える。",0
4630235,"男性",20,"プランC","タイプ02","AA","ある",176,424,20,"stable",3,1,"キャッチホンの設定をオフにしたい。HPを参照するように伝える。",0
4630970,"男性",32,"プランB","タイプ01","AA","ある",170,410,32,"stable",8,7,"近くのお店の場所を知りたい。付属品を購入したい。",0
4637413,"男性",20,"プランC","タイプ02","AA","ない",176,423,5,"instable",19,0,"電話機が最悪",0
4643249,"男性",20,"プランC","タイプ02","AA","ない",141,340,3,"stable",4,0,"インターネットサービスについて知りたい。HPを参照するように伝える。",0
4648890,"男性",21,"プランC","タイプ02","AA","ない",173,417,7,"stable",15,1,"電話機が最悪",0
4651015,"男性",55,"プランB","タイプ01","AA","ない",995,923,3,"instable",1,7,"住所変更",0
4651120,"男性",68,"プランB","タイプ01","AA","ある",328,789,4,"down",10,11,"初めからバッテリーの調子が悪い。今すぐ新しい電話器がほしい。",0
4664887,"男性",38,"プランC","タイプ02","AA","ない",0,650,38,"down",5,6,"近くのお店の場所を知りたい。付属品を購入したい。",0
4674890,"女性",23,"プランA","タイプ01","AA","ない",0,550,7,"stable",6,4,"住所変更",0
4696764,"男性",36,"プランB","タイプ01","AA","ない",275,660,7,"down",12,11,"電話をもう１台追加契約したい。",0
4697927,"男性",42,"プランB","タイプ01","AA","ない",268,644,1,"down",6,5,"着信音の変更方法が知りたい。HPを参照するように伝える。",0
4701858,"男性",42,"プランB","タイプ01","AA","ある",186,447,6,"stable",7,4,"キャッチホンの設定をオフにしたい。HPを参照するように伝える。",0
4703000,"男性",28,"プランB","タイプ01","AA","ない",598,234,2,"up",5,3,"電話機を紛失。解約センターに電話。もう一度連絡してもらうまで、解約しないことを伝える。再度連絡予定。",0
4704509,"男性",28,"プランB","タイプ01","AA","ない",122,294,4,"stable",3,2,"請求書の見方がわからない。１分間当たりの料金を伝える。",0
4707810,"男性",37,"プランB","タイプ01","AA","ない",197,473,37,"stable",9,6,"近くのお店の場所を知りたい。付属品を購入したい。",0
4713307,"女性",28,"プランA","タイプ01","AA","ない",282,679,7,"down",11,4,"家族用に回線を追加したい。料金プランについて知りたい。",0
4714617,"男性",33,"プランB","タイプ01","AA","ない",178,429,3,"stable",10,6,"電話機の使い方を、教えてほしい。ショップに行って教えてもらうように伝える。",0
4717251,"男性",23,"プランB","タイプ01","AA","ない",684,180,3,"up",12,1,"カスタマーサポートをもっと改善してほしい。",1
4718019,"男性",59,"プランB","タイプ01","AA","ない",234,562,5,"down",3,14,"新しい着替えパネルがほしい。",0
4719268,"女性",20,"プランA","タイプ01","AA","ない",194,466,5,"stable",7,0,"住所変更",0
4721189,"男性",36,"プランB","タイプ01","AA","ない",0,633,3,"down",8,3,"電話の基本的な使い方が、わからない。ショップに行って教えてもらうように伝える。",0
4723003,"男性",46,"プランB","タイプ01","AA","ない",181,436,2,"stable",4,4,"近くのお店の場所を知りたい。付属品を購入したい。",0
4728750,"男性",37,"プランB","タイプ01","AA","ない",143,344,6,"stable",15,3,"新しい番号にしたい。お客様窓口に転送。",0
4729838,"女性",29,"プランA","タイプ01","AA","ある",142,343,29,"stable",6,4,"近くのお店の場所を知りたい。付属品を購入したい。",0
4736162,"男性",24,"プランB","タイプ01","AA","ある",0,442,5,"stable",5,2,"住所変更",0
4738104,"男性",24,"プランB","タイプ01","AA","ない",450,337,2,"up",14,0,"電話機の性能がほんとうに悪い。自宅付近だとほとんど何も聞こえない。",0
4745010,"男性",21,"プランC","タイプ02","AA","ない",1409,378,2,"stable",5,1,"メールの使い方を知りたい。HPを参照するように伝える。",0
4747023,"男性",29,"プランB","タイプ01","AA","ない",493,388,29,"stable",8,3,"近くのお店の場所を知りたい。付属品を購入したい。",0
4747569,"女性",49,"プランA","タイプ01","AA","ない",0,651,4,"stable",12,10,"初めからバッテリーの調子が悪い。今すぐ新しい電話器がほしい。",0
4752611,"女性",38,"プランA","タイプ01","AA","ある",270,650,38,"down",7,6,"近くのお店の場所を知りたい。付属品を購入したい。",0
4759978,"男性",55,"プランB","タイプ01","AA","ない",0,749,1,"down",0,8,"着信音の変更方法が知りたい。HPを参照するように伝える。",0
4777731,"男性",26,"プランB","タイプ01","AA","ある",111,268,26,"up",4,0,"XVYX社のPDA付きの新しい電話がほしい。",0
4782690,"男性",34,"プランB","タイプ01","AA","ある",197,474,4,"stable",5,7,"請求書の見方がわからない。１分間当たりの料金を伝える。",0
4788180,"男性",37,"プランB","タイプ01","AA","ない",329,375,37,"down",10,11,"近くのお店の場所を知りたい。付属品を購入したい。",0
4788566,"男性",21,"プランC","タイプ02","AA","ない",703,421,4,"down",1,0,"請求書の見方がわからない。１分間当たりの料金を伝える。",0
4792973,"男性",41,"プランB","タイプ01","AA","ある",336,807,41,"instable",10,10,"近くのお店の場所を知りたい。付属品を購入したい。",0
4796690,"男性",36,"プランB","タイプ01","AA","ない",268,644,36,"down",13,5,"近くのお店の場所を知りたい。付属品を購入したい。",0
4799040,"男性",20,"プランC","タイプ02","AA","ない",180,433,3,"stable",0,0,"電話機の使い方を、教えてほしい。ショップに行って教えてもらうように伝える。",0
4805953,"男性",32,"プランB","タイプ01","BB","ない",167,401,0,"stable",6,12,"メールの使い方を知りたい。HPを参照するように伝える。",1
4806383,"男性",50,"プランB","タイプ01","AA","ない",189,454,5,"down",6,10,"キャッチホンの設定をオフにしたい。HPを参照するように伝える。",0
4808447,"男性",63,"プランB","タイプ01","AA","ある",320,769,3,"down",10,17,"近くのお店の場所を知りたい。付属品を購入したい。",0
4810468,"男性",30,"プランB","タイプ01","BB","ない",152,365,2,"stable",4,6,"電話機の使い方を、教えてほしい。ショップに行って教えてもらうように伝える。",0
4810663,"女性",18,"プランA","タイプ01","AA","ある",0,409,6,"stable",11,0,"家族用に回線を追加したい。料金プランについて知りたい。",0
4813138,"女性",19,"プランA","タイプ01","AA","ない",494,264,2,"up",6,0,"メールの使い方を知りたい。HPを参照するように伝える。",0
4813553,"男性",34,"プランB","タイプ01","AA","ない",165,397,3,"stable",4,11,"電話機の使い方を、教えてほしい。ショップに行って教えてもらうように伝える。",0
4821720,"男性",35,"プランB","タイプ01","AA","ない",614,455,1,"down",2,8,"着信音の変更方法が知りたい。HPを参照するように伝える。",0
4826929,"男性",26,"プランB","タイプ01","AA","ない",0,360,3,"stable",10,7,"電話の基本的な使い方が、わからない。ショップに行って教えてもらうように伝える。",0
4832026,"男性",28,"プランB","タイプ01","AA","ある",0,498,28,"stable",10,4,"近くのお店の場所を知りたい。付属品を購入したい。",0
4839478,"男性",39,"プランB","タイプ01","AA","ない",153,368,2,"stable",7,9,"電話機の使い方を、教えてほしい。ショップに行って教えてもらうように伝える。",0
4842573,"男性",25,"プランB","タイプ01","BB","ない",193,465,0,"stable",4,5,"初めからバッテリーの調子が悪い。今すぐ新しい電話器がほしい。",1
4842711,"男性",44,"プランB","タイプ01","AA","ない",274,658,5,"down",2,5,"新しい着替えパネルがほしい。",0
4843576,"男性",36,"プランB","タイプ01","AA","ない",275,660,7,"down",12,11,"電話をもう１台追加契約したい。",0
4843849,"男性",21,"プランC","タイプ02","AA","ない",703,421,4,"down",1,0,"請求書の見方がわからない。１分間当たりの料金を伝える。",0
4848050,"男性",21,"プランC","タイプ02","AA","ある",348,338,6,"stable",4,0,"通話が聞こえづらい。雑音がひどい。",0
4850046,"男性",36,"プランB","タイプ01","AA","ある",165,397,7,"stable",7,4,"今週末までに、奥さん用に新しい回線がほしい。",0
4850763,"男性",29,"プランB","タイプ01","AA","ない",493,388,29,"stable",8,3,"近くのお店の場所を知りたい。付属品を購入したい。",0
4854207,"男性",26,"プランB","タイプ01","AA","ない",0,360,3,"stable",10,7,"電話の基本的な使い方が、わからない。ショップに行って教えてもらうように伝える。",0
4865174,"男性",19,"プランC","タイプ02","BB","ない",70,169,2,"up",6,1,"住所変更。遠くに引っ越すので、番号が変わるのかどうか知りたい。",1
4872010,"男性",50,"プランB","タイプ01","AA","ない",189,454,5,"down",6,10,"キャッチホンの設定をオフにしたい。HPを参照するように伝える。",0
4876777,"女性",20,"プランA","タイプ01","AA","ない",192,461,3,"stable",5,1,"電話機の使い方を、教えてほしい。ショップに行って教えてもらうように伝える。",0
4877526,"男性",27,"プランB","タイプ01","AA","ない",178,429,1,"stable",9,6,"家族割引を利用したい。お客様窓口に転送。",0
4878201,"男性",20,"プランC","タイプ02","AA","ある",102,245,3,"up",8,2,"インターネットサービスについて知りたい。HPを参照するように伝える。",0
4878586,"女性",20,"プランA","タイプ01","AA","ない",0,411,3,"stable",0,2,"新しい着替えパネルがほしい。",0
4884772,"女性",34,"プランA","タイプ01","AA","ある",182,437,3,"stable",1,5,"電話機の使い方を、教えてほしい。ショップに行って教えてもらうように伝える。",0
4885810,"男性",24,"プランB","タイプ01","AA","ない",219,527,8,"stable",2,3,"カスタマーサポートがひどい。",0
4902002,"男性",24,"プランB","タイプ01","AA","ない",0,355,4,"stable",8,4,"請求書の見方がわからない。１分間当たりの料金を伝える。",0
4909979,"男性",31,"プランB","タイプ01","AA","ない",171,412,2,"stable",1,7,"電話機の使い方を、教えてほしい。ショップに行って教えてもらうように伝える。",0
4922778,"男性",20,"プランC","タイプ02","AA","ない",0,393,5,"stable",2,0,"新しい料金プランについて知りたい。すぐに解約の可能性大。無料通話分を増やしたい。",0
4928030,"男性",31,"プランB","タイプ01","AA","ある",167,402,31,"stable",10,6,"近くのお店の場所を知りたい。付属品を購入したい。",0
4928054,"男性",24,"プランB","タイプ01","AA","ない",219,527,8,"stable",2,3,"カスタマーサポートがひどい。",0
4944576,"男性",33,"プランB","タイプ01","AA","ない",1121,405,3,"stable",7,4,"電話機を紛失。解約センターに電話。もう一度連絡してもらうまで、解約しないことを伝える。再度連絡予定。",0
4956080,"男性",33,"プランB","タイプ01","AA","ない",178,429,3,"stable",10,6,"電話機の使い方を、教えてほしい。ショップに行って教えてもらうように伝える。",0
4968296,"男性",23,"プランB","タイプ01","AA","ない",0,358,2,"stable",11,3,"電話の基本的な使い方が、わからない。ショップに行って教えてもらうように伝える。",0
4970690,"男性",34,"プランB","タイプ01","AA","ある",197,474,34,"stable",15,10,"近くのお店の場所を知りたい。付属品を購入したい。",0
4974210,"男性",35,"プランB","タイプ01","AA","ない",0,588,1,"down",6,5,"着信音の変更方法が知りたい。HPを参照するように伝える。",0
4976183,"男性",22,"プランB","タイプ01","AA","ある",166,399,6,"stable",12,0,"家族用に回線を追加したい。料金プランについて知りたい。",0
4982020,"男性",28,"プランB","タイプ01","AA","ない",147,353,2,"stable",5,5,"電話機の使い方を、教えてほしい。ショップに行って教えてもらうように伝える。",0
4982129,"女性",32,"プランA","タイプ01","AA","ない",130,313,32,"stable",2,6,"近くのお店の場所を知りたい。付属品を購入したい。",0
4984212,"男性",20,"プランC","タイプ02","AA","ある",596,414,5,"stable",13,1,"電話機が最悪",0
4984571,"男性",42,"プランC","タイプ02","AA","ある",0,409,3,"stable",8,4,"充電器の調子が悪い。その結果、通話ができなくなっている。今すぐ解約したい。",1
4988010,"男性",23,"プランB","タイプ01","AA","ない",1564,425,1,"down",4,4,"家族割引を利用したい。お客様窓口に転送。",0
4989676,"女性",19,"プランA","タイプ01","AA","ある",166,399,5,"stable",12,0,"家族用に回線を追加したい。料金プランについて知りたい。",0
4991983,"男性",68,"プランB","タイプ01","AA","ある",328,789,4,"down",10,11,"初めからバッテリーの調子が悪い。今すぐ新しい電話器がほしい。",0
4992410,"男性",45,"プランB","タイプ01","AA","ない",242,582,7,"down",2,6,"新しい着替えパネルがほしい。",0
5000522,"男性",44,"プランB","タイプ01","BB","ない",347,834,2,"instable",8,10,"電話機の使い方を、教えてほしい。ショップに行って教えてもらうように伝える。",0
5001633,"男性",19,"プランC","タイプ02","BB","ない",70,169,2,"up",6,1,"受話器がもっと大きいほうがよい。長時間だと疲れる。",1
5003173,"男性",42,"プランB","タイプ01","BB","ない",212,510,0,"stable",1,5,"メールの使い方を知りたい。HPを参照するように伝える。",1
5004923,"男性",23,"プランB","タイプ01","AA","ない",684,180,3,"up",12,1,"カスタマーサポートをもっと改善してほしい。",1
5010960,"男性",32,"プランB","タイプ01","AA","ない",208,500,2,"stable",0,5,"電話機の使い方を、教えてほしい。ショップに行って教えてもらうように伝える。",0
5020301,"男性",18,"プランB","タイプ01","AA","ない",149,358,3,"stable",2,2,"電話機の使い方を、教えてほしい。ショップに行って教えてもらうように伝える。",0
5022584,"男性",30,"プランB","タイプ01","BB","ない",95,230,3,"up",10,5,"電話機が駄目。市内でも受信状態がひどい場所が多い。",1
5026640,"男性",25,"プランC","タイプ02","AA","ない",147,353,4,"stable",4,3,"請求書の見方がわからない。１分間当たりの料金を伝える。",0
5034650,"男性",35,"プランB","タイプ01","AA","ない",614,455,1,"down",2,8,"着信音の変更方法が知りたい。HPを参照するように伝える。",0
5035719,"女性",25,"プランA","タイプ01","AA","ない",0,425,3,"stable",10,6,"電話の基本的な使い方が、わからない。ショップに行って教えてもらうように伝える。",0
5047980,"男性",21,"プランC","タイプ02","AA","ない",703,421,4,"down",1,0,"請求書の見方がわからない。１分間当たりの料金を伝える。",0
5063002,"女性",28,"プランA","タイプ01","AA","ない",595,254,3,"up",2,7,"電話機を紛失。解約センターに電話。もう一度連絡してもらうまで、解約しないことを伝える。再度連絡予定。",0
5079252,"男性",43,"プランB","タイプ01","AA","ある",776,518,2,"stable",3,6,"電話機を紛失。解約センターに電話。もう一度連絡してもらうまで、解約しないことを伝える。再度連絡予定。",0
5087680,"女性",19,"プランA","タイプ01","AA","ない",0,380,6,"stable",5,1,"住所変更",0
5087790,"男性",32,"プランB","タイプ01","AA","ある",170,410,32,"stable",8,7,"近くのお店の場所を知りたい。付属品を購入したい。",0
5091093,"男性",28,"プランB","タイプ01","AA","ある",0,498,28,"stable",10,4,"近くのお店の場所を知りたい。付属品を購入したい。",0
5100167,"男性",21,"プランC","タイプ02","AA","ない",162,390,4,"stable",10,0,"請求書の見方がわからない。１分間当たりの料金を伝える。",0
5104377,"男性",59,"プランB","タイプ01","AA","ない",234,562,5,"down",3,14,"新しい着替えパネルがほしい。",0
5110058,"男性",18,"プランC","タイプ02","AA","ない",210,506,2,"down",6,2,"電話機の使い方を、教えてほしい。ショップに行って教えてもらうように伝える。",0
5113701,"女性",20,"プランA","タイプ01","AA","ない",192,461,3,"stable",5,1,"電話機の使い方を、教えてほしい。ショップに行って教えてもらうように伝える。",0
5119129,"男性",27,"プランB","タイプ01","AA","ある",145,349,3,"stable",2,4,"電話機の使い方を、教えてほしい。ショップに行って教えてもらうように伝える。",0
5121950,"女性",19,"プランA","タイプ01","AA","ない",89,215,3,"up",12,0,"電話機が駄目。市内でも受信状態がひどい場所が多い。",1
5122832,"女性",18,"プランA","タイプ01","AA","ある",0,409,6,"stable",11,0,"家族用に回線を追加したい。料金プランについて知りたい。",0
5124945,"男性",24,"プランB","タイプ01","AA","ない",72,174,2,"up",6,2,"受話器がもっと大きいほうがよい。長時間だと疲れる。",1
5127005,"男性",19,"プランC","タイプ02","BB","ない",0,166,1,"up",7,0,"今週末までに、もう１回線追加申し込みをしたい。お客様窓口に転送。",1
5132969,"男性",21,"プランC","タイプ02","AA","ある",418,528,3,"down",8,2,"電話機を紛失。解約センターに電話。もう一度連絡してもらうまで、解約しないことを伝える。再度連絡予定。",0
5133121,"女性",38,"プランA","タイプ01","AA","ない",179,430,4,"up",4,5,"請求書の見方がわからない。１分間当たりの料金を伝える。",0
5157061,"男性",26,"プランB","タイプ01","AA","ある",260,626,5,"down",7,0,"今週末までに、奥さん用に新しい回線がほしい。",0
5159555,"男性",27,"プランB","タイプ01","AA","ある",431,400,5,"stable",3,6,"新しい料金プランについて知りたい。すぐに解約の可能性大。無料通話分を増やしたい。",0
5163811,"男性",19,"プランC","タイプ02","BB","ない",70,169,2,"up",6,1,"受話器がもっと大きいほうがよい。長時間だと疲れる。",1
5172505,"男性",28,"プランC","タイプ02","AA","ある",0,211,25,"up",3,2,"高速道路上以外では、受信状態がよくない。いつこの問題が解決されるのか知りたい。",1
5173328,"男性",29,"プランB","タイプ01","AA","ない",228,549,6,"down",6,11,"今週末までに、奥さん用に新しい回線がほしい。",0
5177670,"男性",18,"プランC","タイプ02","AA","ない",367,161,1,"up",11,2,"今週末までに、もう１回線追加申し込みをしたい。お客様窓口に転送。",1
5186294,"男性",28,"プランB","タイプ01","AA","ない",271,302,1,"up",2,3,"家族割引を利用したい。お客様窓口に転送。",0
5188421,"女性",28,"プランA","タイプ01","AA","ない",68,164,25,"up",6,4,"HPがよくない。自分では、必要な情報が、さがせない。",1
5192532,"男性",38,"プランB","タイプ01","BB","ない",150,362,2,"stable",2,5,"電話機の使い方を、教えてほしい。ショップに行って教えてもらうように伝える。",0
5206045,"女性",23,"プランA","タイプ01","AA","ない",70,147,1,"up",7,4,"すぐに上司に転送",1
5223693,"男性",22,"プランB","タイプ01","AA","ある",134,323,8,"stable",9,3,"高速道路上以外では、受信状態がよくない。いつこの問題が解決されるのか知りたい。",0
5224134,"女性",37,"プランA","タイプ01","AA","ある",0,618,5,"stable",3,6,"新しい着替えパネルがほしい。",0
5225949,"男性",35,"プランB","タイプ01","AA","ある",202,485,7,"stable",10,10,"今週末までに、奥さん用に新しい回線がほしい。",0
5227324,"男性",24,"プランC","タイプ02","AA","ない",112,269,2,"up",3,0,"インターネットサービスについて知りたい。HPを参照するように伝える。",0
5232200,"男性",65,"プランB","タイプ01","AA","ない",380,912,1,"instable",1,11,"着信音の変更方法が知りたい。HPを参照するように伝える。",0
5236700,"男性",54,"プランB","タイプ01","AA","ない",460,601,34,"down",11,10,"家族割引を利用したい。お客様窓口に転送。",0
5248305,"男性",24,"プランB","タイプ01","AA","ない",114,274,3,"up",5,0,"今週末までに、もう１回線追加申し込みをしたい。お客様窓口に転送。",0
5249031,"女性",18,"プランA","タイプ01","AA","ない",118,284,2,"up",1,0,"職場に電話が転送されない。他の機能はうまくいっているかどうか尋ねる。また、HPを参照するように伝える。",0
5250390,"男性",36,"プランB","タイプ01","AA","ない",610,397,3,"stable",6,14,"電話機を紛失。解約センターに電話。もう一度連絡してもらうまで、解約しないことを伝える。再度連絡予定。",0
5251010,"男性",19,"プランC","タイプ02","BB","ない",0,375,0,"stable",14,0,"初めからバッテリーの調子が悪い。今すぐ新しい電話器がほしい。",1
5253339,"男性",42,"プランB","タイプ01","AA","ない",1341,427,6,"stable",1,12,"新しい着替えパネルがほしい。",0
5267468,"男性",35,"プランB","タイプ01","AA","ない",0,402,35,"stable",12,8,"近くのお店の場所を知りたい。付属品を購入したい。",0
5287215,"女性",31,"プランA","タイプ01","AA","ない",173,417,3,"stable",4,7,"電話機の使い方を、教えてほしい。ショップに行って教えてもらうように伝える。",0
5298531,"男性",22,"プランC","タイプ02","AA","ない",102,451,3,"stable",5,3,"インターネットサービスについて知りたい。HPを参照するように伝える。",0
5315563,"男性",24,"プランB","タイプ01","AA","ない",0,355,4,"stable",8,4,"請求書の見方がわからない。１分間当たりの料金を伝える。",0
5315580,"男性",27,"プランB","タイプ01","AA","ない",247,593,2,"down",5,5,"電話機の使い方を、教えてほしい。ショップに行って教えてもらうように伝える。",0
5326028,"男性",44,"プランB","タイプ01","AA","ある",271,651,44,"down",3,6,"近くのお店の場所を知りたい。付属品を購入したい。",0
5327601,"男性",31,"プランB","タイプ01","AA","ある",167,402,31,"stable",10,6,"近くのお店の場所を知りたい。付属品を購入したい。",0
5331605,"男性",26,"プランB","タイプ01","AA","ある",111,268,26,"up",4,0,"XVYX社のPDA付きの新しい電話がほしい。",0
5335124,"男性",21,"プランC","タイプ02","AA","ない",146,352,1,"down",7,2,"家族割引を利用したい。お客様窓口に転送。",0
5335522,"女性",27,"プランA","タイプ01","AA","ない",835,569,1,"stable",6,8,"家族割引を利用したい。お客様窓口に転送。",0
5344884,"女性",32,"プランA","タイプ01","AA","ない",0,274,1,"up",11,13,"家族割引を利用したい。お客様窓口に転送。",0
5346865,"男性",29,"プランB","タイプ01","AA","ない",0,377,7,"stable",1,4,"新しい料金プランについて知りたい。すぐに解約の可能性大。無料通話分を増やしたい。",0
5353917,"男性",26,"プランC","タイプ02","AA","ある",295,321,26,"stable",7,4,"XVYX社のPDA付きの新しい電話がほしい。",0
5360356,"男性",28,"プランB","タイプ01","AA","ない",271,302,1,"up",2,3,"家族割引を利用したい。お客様窓口に転送。",0
5371705,"男性",29,"プランB","タイプ01","AA","ない",122,295,1,"stable",4,3,"家族割引を利用したい。お客様窓口に転送。",0
5373350,"男性",45,"プランB","タイプ01","AA","ない",328,789,2,"down",1,7,"電話機の使い方を、教えてほしい。ショップに行って教えてもらうように伝える。",0
5377218,"男性",44,"プランC","タイプ02","AA","ない",279,670,2,"down",2,7,"電話機の使い方を、教えてほしい。ショップに行って教えてもらうように伝える。",0
5415960,"男性",38,"プランC","タイプ02","AA","ない",263,633,2,"down",3,4,"電話機の使い方を、教えてほしい。ショップに行って教えてもらうように伝える。",0
5416966,"男性",50,"プランB","タイプ01","BB","ある",356,491,0,"stable",8,9,"メールの使い方を知りたい。HPを参照するように伝える。",1
5417930,"男性",60,"プランB","タイプ01","AA","ない",2473,827,2,"instable",4,7,"住所変更",0
5421000,"男性",30,"プランC","タイプ02","AA","ない",163,392,1,"stable",6,7,"家族割引を利用したい。お客様窓口に転送。",0
5428273,"男性",33,"プランB","タイプ01","BB","ない",205,494,0,"stable",13,1,"メールの使い方を知りたい。HPを参照するように伝える。",1
5441254,"男性",35,"プランB","タイプ01","AA","ない",190,456,2,"stable",3,3,"電話機の使い方を、教えてほしい。ショップに行って教えてもらうように伝える。",0
5444601,"男性",43,"プランB","タイプ01","AA","ない",178,429,6,"stable",12,9,"電話をもう１台追加契約したい。",1
5444976,"男性",48,"プランB","タイプ01","AA","ない",1120,888,3,"instable",5,12,"住所変更",0
5445469,"女性",22,"プランA","タイプ01","AA","ない",701,483,3,"stable",10,2,"電話機を紛失。解約センターに電話。もう一度連絡してもらうまで、解約しないことを伝える。再度連絡予定。",0
5449952,"女性",28,"プランA","タイプ01","AA","ない",176,424,2,"stable",24,2,"電話機の使い方を、教えてほしい。ショップに行って教えてもらうように伝える。",0
5451315,"男性",34,"プランB","タイプ01","AA","ない",246,591,1,"down",4,6,"着信音の変更方法が知りたい。HPを参照するように伝える。",0
5452640,"女性",32,"プランA","タイプ01","AA","ない",130,313,32,"stable",2,6,"近くのお店の場所を知りたい。付属品を購入したい。",0
5466466,"男性",31,"プランB","タイプ01","AA","ない",177,425,5,"stable",1,9,"新しい料金プランについて知りたい。すぐに解約の可能性大。無料通話分を増やしたい。",0
5467281,"女性",32,"プランA","タイプ01","AA","ない",170,409,5,"stable",7,3,"今週末までに、奥さん用に新しい回線がほしい。",0
5474400,"男性",20,"プランC","タイプ02","AA","ある",144,346,20,"stable",3,2,"キャッチホンの設定をオフにしたい。HPを参照するように伝える。",0
5485867,"男性",21,"プランC","タイプ02","AA","ある",418,528,3,"down",8,2,"電話機を紛失。解約センターに電話。もう一度連絡してもらうまで、解約しないことを伝える。再度連絡予定。",0
5491795,"男性",20,"プランC","タイプ02","AA","ある",596,414,5,"stable",13,1,"電話機が最悪",0
5505886,"男性",30,"プランB","タイプ01","AA","ある",0,392,30,"stable",4,9,"近くのお店の場所を知りたい。付属品を購入したい。",0
5511872,"男性",26,"プランC","タイプ02","AA","ない",187,450,6,"stable",7,5,"住所変更",0
5514047,"男性",28,"プランB","タイプ01","AA","ない",122,294,4,"stable",3,2,"請求書の見方がわからない。１分間当たりの料金を伝える。",0
5516930,"男性",20,"プランC","タイプ02","AA","ない",186,447,5,"stable",5,0,"住所変更",0
5525391,"男性",47,"プランB","タイプ01","AA","ない",197,473,27,"down",5,5,"新しい料金プランについて知りたい。すぐに解約の可能性大。無料通話分を増やしたい。",0
5525825,"男性",27,"プランB","タイプ01","AA","ない",1044,435,3,"stable",2,0,"電話機を紛失。解約センターに電話。もう一度連絡してもらうまで、解約しないことを伝える。再度連絡予定。",0
5530619,"男性",41,"プランB","タイプ01","AA","ない",1118,454,1,"stable",7,5,"着信音の変更方法が知りたい。HPを参照するように伝える。",0
5539245,"男性",19,"プランC","タイプ02","BB","ない",0,375,0,"stable",14,0,"初めからバッテリーの調子が悪い。今すぐ新しい電話器がほしい。",1
5540551,"男性",27,"プランB","タイプ01","AA","ある",0,399,27,"stable",3,7,"カスタマーサポートがひどい。",0
5540879,"男性",24,"プランB","タイプ01","AA","ない",450,337,2,"up",14,0,"カスタマーサポートをもっと改善してほしい。",0
5541734,"男性",41,"プランB","タイプ01","AA","ない",210,506,4,"down",0,11,"初めからバッテリーの調子が悪い。今すぐ新しい電話器がほしい。",0
5549120,"男性",35,"プランB","タイプ01","AA","ない",155,372,35,"stable",2,3,"近くのお店の場所を知りたい。付属品を購入したい。",0
5551320,"男性",25,"プランB","タイプ01","AA","ない",153,368,7,"stable",4,5,"住所変更。遠くに引っ越すので、番号が変わるのかどうか知りたい。",0
5555204,"女性",49,"プランA","タイプ01","AA","ない",0,651,4,"stable",12,10,"初めからバッテリーの調子が悪い。今すぐ新しい電話器がほしい。",0
5556082,"男性",35,"プランB","タイプ01","AA","ない",155,372,35,"stable",2,3,"近くのお店の場所を知りたい。付属品を購入したい。",0
5565569,"男性",30,"プランB","タイプ01","AA","ある",0,392,30,"stable",4,9,"近くのお店の場所を知りたい。付属品を購入したい。",0
5570066,"男性",28,"プランB","タイプ01","AA","ない",142,343,3,"stable",2,5,"電話機の使い方を、教えてほしい。ショップに行って教えてもらうように伝える。",0
5578813,"男性",33,"プランB","タイプ01","AA","ない",1121,405,3,"stable",7,4,"電話機を紛失。解約センターに電話。もう一度連絡してもらうまで、解約しないことを伝える。再度連絡予定。",0
5583465,"男性",27,"プランB","タイプ01","BB","ある",0,396,0,"stable",5,3,"メールの使い方を知りたい。HPを参照するように伝える。",1
5591211,"男性",44,"プランB","タイプ01","BB","ない",347,834,2,"instable",8,10,"電話機の使い方を、教えてほしい。ショップに行って教えてもらうように伝える。",0
5593445,"男性",49,"プランB","タイプ01","AA","ない",1084,469,1,"stable",6,4,"着信音の変更方法が知りたい。HPを参照するように伝える。",0
5594649,"男性",46,"プランB","タイプ01","AA","ない",181,436,2,"stable",4,4,"近くのお店の場所を知りたい。付属品を購入したい。",0
5595322,"男性",24,"プランB","タイプ01","AA","ない",114,274,3,"up",5,0,"インターネットサービスについて知りたい。HPを参照するように伝える。",0
5598892,"男性",30,"プランB","タイプ01","BB","ない",95,230,3,"up",10,5,"電話機が駄目。市内でも受信状態がひどい場所が多い。",1
5602755,"男性",24,"プランB","タイプ01","AA","ない",130,312,24,"stable",1,4,"充電器を紛失。すぐに購入できる場所は。ショップに行くように伝える。",0
5605767,"男性",39,"プランB","タイプ01","AA","ない",485,481,1,"stable",11,4,"着信音の変更方法が知りたい。HPを参照するように伝える。",0
5607417,"男性",44,"プランB","タイプ01","AA","ない",165,396,2,"down",0,13,"電話機の使い方を、教えてほしい。ショップに行って教えてもらうように伝える。",0
5607807,"男性",26,"プランB","タイプ01","AA","ない",163,393,3,"stable",5,0,"電話機の使い方を、教えてほしい。ショップに行って教えてもらうように伝える。",0
5609484,"男性",36,"プランB","タイプ01","BB","ある",0,472,0,"stable",10,4,"メールの使い方を知りたい。HPを参照するように伝える。",1
5615222,"男性",31,"プランB","タイプ01","AA","ない",53,466,5,"stable",18,6,"新しい番号にしたい。お客様窓口に転送。",0
5616038,"男性",42,"プランB","タイプ01","AA","ない",826,617,2,"down",4,5,"電話機を紛失。解約センターに電話。もう一度連絡してもらうまで、解約しないことを伝える。再度連絡予定。",0
5617487,"男性",23,"プランB","タイプ01","AA","ない",308,329,8,"stable",0,3,"カスタマーサポートがひどい。",0
5619230,"男性",26,"プランC","タイプ02","AA","ない",187,450,6,"stable",7,5,"住所変更",0
5630760,"男性",33,"プランB","タイプ01","AA","ある",227,546,6,"stable",9,4,"今週末までに、奥さん用に新しい回線がほしい。",0
5635677,"女性",27,"プランA","タイプ01","AA","ない",925,442,2,"stable",3,7,"電話機を紛失。解約センターに電話。もう一度連絡してもらうまで、解約しないことを伝える。再度連絡予定。",0
5638571,"男性",35,"プランB","タイプ01","AA","ある",371,568,7,"down",10,7,"今週末までに、奥さん用に新しい回線がほしい。",0
5648983,"男性",30,"プランB","タイプ01","AA","ある",0,392,30,"stable",4,9,"近くのお店の場所を知りたい。付属品を購入したい。",0
5658748,"男性",55,"プランB","タイプ01","AA","ない",0,749,1,"down",0,8,"着信音の変更方法が知りたい。HPを参照するように伝える。",0
5663200,"男性",22,"プランC","タイプ02","AA","ない",1227,365,5,"stable",15,1,"新しい番号にしたい。お客様窓口に転送。",0
5682490,"男性",42,"プランB","タイプ01","AA","ある",0,515,5,"stable",16,13,"新しい番号にしたい。お客様窓口に転送。",0
5683068,"男性",22,"プランC","タイプ02","AA","ない",98,237,2,"up",1,2,"インターネットサービスについて知りたい。HPを参照するように伝える。",0
5686888,"男性",46,"プランB","タイプ01","AA","ない",0,599,3,"down",1,16,"職場に電話が転送されない。他の機能はうまくいっているかどうか尋ねる。また、HPを参照するように伝える。",0
5694812,"男性",23,"プランB","タイプ01","AA","ない",1564,425,1,"down",4,4,"家族割引を利用したい。お客様窓口に転送。",0
5695009,"男性",21,"プランC","タイプ02","AA","ない",146,352,1,"down",7,2,"家族割引を利用したい。お客様窓口に転送。",0
5696696,"男性",27,"プランB","タイプ01","AA","ある",203,488,27,"down",8,4,"カスタマーサポートがひどい。",0
5699796,"男性",18,"プランB","タイプ01","AA","ない",543,222,3,"up",11,2,"カスタマーサポートをもっと改善してほしい。",0
5703318,"男性",24,"プランC","タイプ02","AA","ない",112,269,2,"up",3,0,"今週末までに、もう１回線追加申し込みをしたい。お客様窓口に転送。",0
5710219,"男性",29,"プランC","タイプ02","AA","ない",184,443,4,"stable",12,3,"請求書の見方がわからない。１分間当たりの料金を伝える。",0
5714420,"男性",32,"プランB","タイプ01","AA","ある",285,481,3,"stable",4,6,"電話機の使い方を、教えてほしい。ショップに行って教えてもらうように伝える。",0
5716470,"男性",26,"プランB","タイプ01","AA","ない",130,314,26,"stable",1,7,"充電器を紛失。すぐに購入できる場所は。ショップに行くように伝える。",0
5730780,"男性",48,"プランB","タイプ01","AA","ない",1120,888,3,"instable",5,12,"住所変更",0
5733050,"男性",23,"プランB","タイプ01","AA","ない",168,404,23,"stable",10,0,"カスタマーサポートがひどい。",0
5733915,"男性",45,"プランB","タイプ01","AA","ある",595,505,6,"stable",17,5,"新しい番号にしたい。お客様窓口に転送。",0
5734040,"女性",34,"プランA","タイプ01","AA","ある",182,437,3,"stable",1,5,"電話機の使い方を、教えてほしい。ショップに行って教えてもらうように伝える。",0
5734716,"女性",32,"プランA","タイプ01","AA","ない",0,274,1,"up",11,13,"家族割引を利用したい。お客様窓口に転送。",0
5735744,"男性",43,"プランB","タイプ01","BB","ない",0,643,7,"stable",1,13,"新しい着替えパネルがほしい。",0
5737800,"女性",32,"プランA","タイプ01","AA","ない",130,313,32,"stable",2,6,"近くのお店の場所を知りたい。付属品を購入したい。",0
5742692,"男性",32,"プランB","タイプ01","AA","ない",208,500,2,"stable",0,5,"電話機の使い方を、教えてほしい。ショップに行って教えてもらうように伝える。",0
5749171,"女性",29,"プランA","タイプ01","AA","ない",170,408,1,"up",1,2,"家族割引を利用したい。お客様窓口に転送。",0
5763834,"女性",31,"プランA","タイプ01","AA","ない",173,417,3,"stable",4,7,"電話機の使い方を、教えてほしい。ショップに行って教えてもらうように伝える。",0
5765407,"男性",18,"プランB","タイプ01","AA","ない",149,358,3,"stable",2,2,"電話機の使い方を、教えてほしい。ショップに行って教えてもらうように伝える。",0
5771860,"男性",25,"プランC","タイプ02","AA","ある",524,199,22,"up",0,4,"HPがよくない。自分では、必要な情報が、さがせない。",1
5773160,"男性",42,"プランB","タイプ01","AA","ない",1440,587,1,"down",4,17,"着信音の変更方法が知りたい。HPを参照するように伝える。",0
5777871,"女性",38,"プランA","タイプ01","AA","ある",270,650,38,"down",7,6,"近くのお店の場所を知りたい。付属品を購入したい。",0
5784040,"男性",34,"プランB","タイプ01","AA","ある",197,474,34,"stable",15,10,"近くのお店の場所を知りたい。付属品を購入したい。",0
5788108,"男性",34,"プランB","タイプ01","BB","ない",0,660,0,"stable",7,9,"メールの使い方を知りたい。HPを参照するように伝える。",1
5793973,"女性",19,"プランA","タイプ01","AA","ない",0,380,6,"stable",5,1,"住所変更",0
5799457,"女性",27,"プランA","タイプ01","AA","ある",119,287,3,"up",8,5,"今週末までに、もう１回線追加申し込みをしたい。お客様窓口に転送。",0
5803075,"男性",18,"プランC","タイプ02","AA","ない",210,506,2,"down",6,2,"電話機の使い方を、教えてほしい。ショップに行って教えてもらうように伝える。",0
5806590,"男性",37,"プランB","タイプ01","AA","ある",566,441,1,"down",3,8,"着信音の変更方法が知りたい。HPを参照するように伝える。",0
5807042,"男性",46,"プランC","タイプ02","AA","ある",213,513,26,"stable",5,6,"新しい料金プランについて知りたい。すぐに解約の可能性大。無料通話分を増やしたい。",0
5807556,"男性",51,"プランB","タイプ01","AA","ない",240,578,2,"stable",14,13,"近くのお店の場所を知りたい。付属品を購入したい。",0
5814370,"男性",25,"プランC","タイプ02","AA","ない",175,420,1,"stable",9,0,"家族割引を利用したい。お客様窓口に転送。",0
5827888,"男性",51,"プランB","タイプ01","AA","ない",240,578,2,"stable",14,13,"近くのお店の場所を知りたい。付属品を購入したい。",0
5832301,"男性",27,"プランC","タイプ02","AA","ない",79,191,2,"up",6,3,"使用状況について知りたい。ローミングの有無について知りたい。ローミングの料金について知りたい。料金プランの変更を検討中。",1
5840302,"女性",18,"プランA","タイプ01","AA","ある",0,409,6,"stable",11,0,"新しい番号にしたい。お客様窓口に転送。",0
5843242,"男性",33,"プランB","タイプ01","BB","ある",176,423,0,"stable",7,8,"メールの使い方を知りたい。HPを参照するように伝える。",1
5847520,"男性",41,"プランB","タイプ01","AA","ある",336,807,41,"instable",10,10,"近くのお店の場所を知りたい。付属品を購入したい。",0
5849711,"男性",21,"プランC","タイプ02","AA","ある",348,338,6,"stable",4,0,"通話が聞こえづらい。雑音がひどい。",0
5851787,"男性",28,"プランB","タイプ01","AA","ない",598,234,2,"up",5,3,"電話機を紛失。解約センターに電話。もう一度連絡してもらうまで、解約しないことを伝える。再度連絡予定。",0
5854040,"男性",37,"プランB","タイプ01","AA","ある",262,679,8,"down",22,7,"新しい料金プランについて知りたい。すぐに解約の可能性大。無料通話分を増やしたい。",0
5856894,"男性",40,"プランC","タイプ02","AA","ない",1346,471,1,"stable",13,16,"着信音の変更方法が知りたい。HPを参照するように伝える。",0
5863240,"男性",35,"プランB","タイプ01","AA","ない",184,442,1,"stable",3,4,"着信音の変更方法が知りたい。HPを参照するように伝える。",0
5870034,"女性",27,"プランA","タイプ01","AA","ある",119,287,3,"up",8,5,"今週末までに、もう１回線追加申し込みをしたい。お客様窓口に転送。",0
5878957,"女性",33,"プランA","タイプ01","AA","ある",0,318,33,"stable",2,4,"近くのお店の場所を知りたい。付属品を購入したい。",0
5883918,"女性",30,"プランA","タイプ01","AA","ない",112,271,2,"stable",18,10,"電話機が駄目。市内でも受信状態がひどい場所が多い。",0
5896570,"男性",35,"プランB","タイプ01","AA","ない",0,588,1,"down",6,5,"着信音の変更方法が知りたい。HPを参照するように伝える。",0
5897597,"女性",24,"プランA","タイプ01","AA","ある",0,264,24,"up",7,6,"XVYX社のPDA付きの新しい電話がほしい。",0
5905631,"男性",28,"プランC","タイプ02","AA","ある",0,211,25,"up",3,2,"高速道路上以外では、受信状態がよくない。いつこの問題が解決されるのか知りたい。",1
5909378,"女性",33,"プランA","タイプ01","AA","ある",0,447,4,"stable",3,10,"請求書の見方がわからない。１分間当たりの料金を伝える。",0
5910424,"男性",33,"プランB","タイプ01","BB","ある",176,423,0,"stable",7,8,"メールの使い方を知りたい。HPを参照するように伝える。",1
5923598,"男性",30,"プランB","タイプ01","AA","ある",0,392,30,"stable",4,9,"近くのお店の場所を知りたい。付属品を購入したい。",0
5927717,"男性",50,"プランB","タイプ01","AA","ない",278,668,2,"down",6,9,"近くのお店の場所を知りたい。付属品を購入したい。",0
5934343,"男性",30,"プランC","タイプ02","AA","ない",163,392,1,"stable",6,7,"家族割引を利用したい。お客様窓口に転送。",0
5937655,"女性",19,"プランA","タイプ01","AA","ない",299,387,3,"stable",1,1,"電話機の使い方を、教えてほしい。ショップに行って教えてもらうように伝える。",0
5939150,"男性",45,"プランB","タイプ01","AA","ない",268,644,4,"stable",9,12,"初めからバッテリーの調子が悪い。今すぐ新しい電話器がほしい。",0
5955326,"男性",21,"プランC","タイプ02","AA","ない",173,417,7,"stable",15,1,"電話機が最悪",0
5955376,"男性",33,"プランB","タイプ01","AA","ない",178,429,3,"stable",10,6,"電話機の使い方を、教えてほしい。ショップに行って教えてもらうように伝える。",0
5957783,"男性",20,"プランC","タイプ02","AA","ある",596,414,5,"stable",13,1,"電話機が最悪",0
5966091,"男性",19,"プランC","タイプ02","BB","ない",0,166,1,"up",7,0,"今週末までに、もう１回線追加申し込みをしたい。お客様窓口に転送。",1
5968769,"女性",24,"プランA","タイプ01","AA","ない",396,386,2,"stable",16,3,"カスタマーサポートをもっと改善してほしい。",1
5968982,"男性",18,"プランC","タイプ02","AA","ない",210,506,2,"down",6,2,"電話機の使い方を、教えてほしい。ショップに行って教えてもらうように伝える。",0
5969585,"男性",48,"プランB","タイプ01","AA","ない",1120,888,3,"instable",5,12,"住所変更",0
5970109,"男性",46,"プランB","タイプ01","AA","ない",0,599,3,"down",1,16,"職場に電話が転送されない。他の機能はうまくいっているかどうか尋ねる。また、HPを参照するように伝える。",0
5970422,"男性",45,"プランB","タイプ01","AA","ない",268,644,4,"stable",9,12,"初めからバッテリーの調子が悪い。今すぐ新しい電話器がほしい。",0
5971080,"男性",55,"プランB","タイプ01","AA","ない",0,749,1,"down",0,8,"着信音の変更方法が知りたい。HPを参照するように伝える。",0
5987646,"男性",42,"プランB","タイプ01","AA","ある",0,515,5,"stable",16,13,"新しい番号にしたい。お客様窓口に転送。",0
5992346,"男性",33,"プランB","タイプ01","AA","ない",0,337,3,"stable",3,11,"電話の基本的な使い方が、わからない。ショップに行って教えてもらうように伝える。",0
6004326,"男性",24,"プランC","タイプ02","AA","ない",240,576,24,"down",2,2,"カスタマーサポートがひどい。",0
6017327,"男性",50,"プランB","タイプ01","AA","ない",148,524,30,"stable",5,9,"家族割引を利用したい。お客様窓口に転送。",0
6021452,"男性",20,"プランB","タイプ01","AA","ある",236,568,9,"stable",7,0,"キャッチホンの設定をオフにしたい。HPを参照するように伝える。",0
6029924,"男性",29,"プランC","タイプ02","AA","ない",121,292,1,"stable",18,5,"家族割引を利用したい。お客様窓口に転送。",0
6042324,"男性",30,"プランB","タイプ01","AA","ある",0,392,30,"stable",4,9,"近くのお店の場所を知りたい。付属品を購入したい。",0
6051170,"男性",20,"プランC","タイプ02","BB","ない",224,538,0,"stable",24,0,"初めからバッテリーの調子が悪い。今すぐ新しい電話器がほしい。",1
6054964,"男性",22,"プランC","タイプ02","AA","ある",0,138,19,"up",7,3,"HPがよくない。自分では、必要な情報が、さがせない。",1
6062760,"男性",20,"プランC","タイプ02","AA","ない",141,340,3,"stable",4,0,"インターネットサービスについて知りたい。HPを参照するように伝える。",0
6063484,"男性",24,"プランB","タイプ01","AA","ない",130,312,24,"stable",1,4,"他社は料金が安くて、契約期間のないものがある。今の契約をすぐ破棄したい。",0
6064590,"女性",19,"プランA","タイプ01","AA","ない",299,387,3,"stable",1,1,"電話機の使い方を、教えてほしい。ショップに行って教えてもらうように伝える。",0
6073528,"男性",18,"プランB","タイプ01","AA","ある",155,372,3,"stable",1,0,"電話機の使い方を、教えてほしい。ショップに行って教えてもらうように伝える。",0
6076861,"男性",27,"プランB","タイプ01","AA","ある",145,349,3,"stable",2,4,"電話機の使い方を、教えてほしい。ショップに行って教えてもらうように伝える。",0
6077693,"男性",35,"プランB","タイプ01","AA","ある",371,568,7,"down",10,7,"今週末までに、奥さん用に新しい回線がほしい。",0
6081244,"男性",33,"プランB","タイプ01","AA","ある",227,546,6,"stable",9,4,"今週末までに、奥さん用に新しい回線がほしい。",0
6082565,"女性",28,"プランA","タイプ01","AA","ない",282,679,7,"down",11,4,"家族用に回線を追加したい。料金プランについて知りたい。",0
6089164,"女性",28,"プランA","タイプ01","AA","ない",176,424,2,"stable",24,2,"電話機の使い方を、教えてほしい。ショップに行って教えてもらうように伝える。",0
6095909,"男性",46,"プランB","タイプ01","AA","ない",0,599,3,"down",1,16,"職場に電話が転送されない。他の機能はうまくいっているかどうか尋ねる。また、HPを参照するように伝える。",0
6097012,"男性",34,"プランB","タイプ01","BB","ある",366,476,0,"stable",4,7,"メールの使い方を知りたい。HPを参照するように伝える。",1
6106059,"男性",29,"プランB","タイプ01","AA","ない",0,377,7,"stable",1,4,"新しい料金プランについて知りたい。すぐに解約の可能性大。無料通話分を増やしたい。",0
6114147,"男性",26,"プランB","タイプ01","BB","ある",177,426,0,"stable",6,2,"初めからバッテリーの調子が悪い。今すぐ新しい電話器がほしい。",1
6128319,"男性",44,"プランB","タイプ01","AA","ある",0,651,6,"down",3,7,"新しい着替えパネルがほしい。",0
6131803,"男性",25,"プランB","タイプ01","BB","ない",967,421,0,"stable",11,7,"初めからバッテリーの調子が悪い。今すぐ新しい電話器がほしい。",1
6133565,"男性",30,"プランB","タイプ01","AA","ない",1487,462,3,"stable",12,3,"電話機の性能がほんとうに悪い。自宅付近だとほとんど何も聞こえない。",0
6136274,"男性",35,"プランB","タイプ01","AA","ない",184,442,1,"stable",3,4,"着信音の変更方法が知りたい。HPを参照するように伝える。",0
6141347,"女性",21,"プランA","タイプ01","AA","ない",141,339,2,"stable",4,3,"インターネットサービスについて知りたい。HPを参照するように伝える。",0
6142378,"男性",26,"プランC","タイプ02","AA","ない",1335,541,1,"stable",2,6,"家族割引を利用したい。お客様窓口に転送。",0
6145104,"男性",34,"プランB","タイプ01","BB","ない",0,660,0,"stable",7,9,"メールの使い方を知りたい。HPを参照するように伝える。",1
6150471,"男性",24,"プランB","タイプ01","AA","ない",108,261,1,"up",3,1,"家族割引を利用したい。お客様窓口に転送。",0
6151670,"男性",19,"プランC","タイプ02","BB","ない",0,375,0,"stable",14,0,"初めからバッテリーの調子が悪い。今すぐ新しい電話器がほしい。",1
6155130,"男性",25,"プランC","タイプ02","AA","ない",175,420,1,"stable",9,0,"家族割引を利用したい。お客様窓口に転送。",0
6156911,"男性",22,"プランC","タイプ02","AA","ない",98,237,2,"up",1,2,"インターネットサービスについて知りたい。HPを参照するように伝える。",0
6163679,"男性",41,"プランB","タイプ01","AA","ない",1118,454,1,"stable",7,5,"着信音の変更方法が知りたい。HPを参照するように伝える。",0
6167017,"男性",43,"プランB","タイプ01","BB","ない",0,643,7,"stable",1,13,"新しい着替えパネルがほしい。",0
6199505,"男性",36,"プランB","タイプ01","BB","ある",155,373,0,"stable",5,6,"メールの使い方を知りたい。HPを参照するように伝える。",1
6202980,"男性",33,"プランB","タイプ01","BB","ある",176,423,0,"stable",7,8,"メールの使い方を知りたい。HPを参照するように伝える。",1
6204750,"男性",40,"プランB","タイプ01","AA","ない",203,489,4,"down",10,7,"請求書の見方がわからない。１分間当たりの料金を伝える。",0
6214983,"男性",41,"プランB","タイプ01","AA","ない",254,610,1,"down",3,7,"着信音の変更方法が知りたい。HPを参照するように伝える。",0
6220870,"女性",40,"プランA","タイプ01","AA","ない",190,458,4,"stable",16,5,"請求書の見方がわからない。１分間当たりの料金を伝える。",0
6229730,"男性",29,"プランB","タイプ01","AA","ない",127,306,2,"stable",4,9,"今週末までに、もう１回線追加申し込みをしたい。お客様窓口に転送。",0
6230010,"男性",27,"プランC","タイプ02","AA","ない",681,277,2,"up",3,6,"電話機を紛失。解約センターに電話。もう一度連絡してもらうまで、解約しないことを伝える。再度連絡予定。",0
6230560,"男性",45,"プランB","タイプ01","AA","ない",242,582,7,"down",2,6,"新しい着替えパネルがほしい。",0
6236089,"男性",23,"プランB","タイプ01","AA","ない",142,341,3,"stable",3,2,"電話機の使い方を、教えてほしい。ショップに行って教えてもらうように伝える。",0
6240912,"男性",20,"プランC","タイプ02","AA","ない",0,327,3,"stable",6,0,"電話の基本的な使い方が、わからない。ショップに行って教えてもらうように伝える。",0
6241558,"男性",44,"プランB","タイプ01","AA","ない",274,658,5,"down",2,5,"新しい着替えパネルがほしい。",0
6245779,"男性",41,"プランB","タイプ01","AA","ある",336,807,41,"instable",10,10,"近くのお店の場所を知りたい。付属品を購入したい。",0
6256910,"男性",42,"プランB","タイプ01","AA","ない",1440,587,1,"down",4,17,"着信音の変更方法が知りたい。HPを参照するように伝える。",0
6258460,"男性",20,"プランC","タイプ02","AA","ない",0,393,5,"stable",2,0,"新しい料金プランについて知りたい。すぐに解約の可能性大。無料通話分を増やしたい。",0
6262952,"女性",20,"プランA","タイプ01","AA","ない",192,461,3,"stable",5,1,"電話機の使い方を、教えてほしい。ショップに行って教えてもらうように伝える。",0
6270777,"男性",43,"プランB","タイプ01","AA","ある",1085,498,7,"stable",13,9,"新しい番号にしたい。お客様窓口に転送。",0
6278500,"男性",28,"プランB","タイプ01","AA","ある",0,498,28,"stable",10,4,"近くのお店の場所を知りたい。付属品を購入したい。",0
6284106,"男性",35,"プランB","タイプ01","AA","ない",0,588,1,"down",6,5,"着信音の変更方法が知りたい。HPを参照するように伝える。",0
6290233,"男性",26,"プランB","タイプ01","AA","ない",0,360,3,"stable",10,7,"電話の基本的な使い方が、わからない。ショップに行って教えてもらうように伝える。",0
6290298,"男性",36,"プランB","タイプ01","AA","ない",275,660,7,"down",12,11,"電話をもう１台追加契約したい。",0
6294525,"男性",38,"プランB","タイプ01","BB","ない",150,362,2,"stable",2,5,"電話機の使い方を、教えてほしい。ショップに行って教えてもらうように伝える。",0
6300218,"男性",26,"プランC","タイプ02","AA","ない",198,476,26,"stable",9,6,"カスタマーサポートがひどい。",0
6306217,"男性",21,"プランC","タイプ02","AA","ない",146,352,1,"down",7,2,"家族割引を利用したい。お客様窓口に転送。",0
6308093,"男性",24,"プランB","タイプ01","BB","ない",80,194,1,"up",14,2,"すぐに上司に転送",1
6311636,"女性",30,"プランA","タイプ01","AA","ない",112,271,2,"stable",18,10,"調子が悪いのは、電話機のせいなのか、それともバッテリーのせいなのか、わからない。",0
6316095,"男性",28,"プランC","タイプ02","BB","ある",205,492,0,"stable",10,4,"メールの使い方を知りたい。HPを参照するように伝える。",1
6320108,"男性",19,"プランC","タイプ02","BB","ない",76,184,5,"up",4,0,"通話が聞こえづらい。雑音がひどい。",1
6333570,"男性",22,"プランC","タイプ02","AA","ある",0,138,19,"up",7,3,"HPがよくない。自分では、必要な情報が、さがせない。",1
6340667,"男性",20,"プランC","タイプ02","BB","ない",110,264,0,"stable",3,1,"初めからバッテリーの調子が悪い。今すぐ新しい電話器がほしい。",1
6352155,"男性",42,"プランB","タイプ01","AA","ない",826,617,2,"down",4,5,"電話機を紛失。解約センターに電話。もう一度連絡してもらうまで、解約しないことを伝える。再度連絡予定。",0
6353506,"男性",25,"プランC","タイプ02","AA","ない",175,420,1,"stable",9,0,"家族割引を利用したい。お客様窓口に転送。",0
6354563,"男性",42,"プランB","タイプ01","AA","ある",186,447,6,"stable",7,4,"キャッチホンの設定をオフにしたい。HPを参照するように伝える。",0
6356230,"男性",23,"プランB","タイプ01","AA","ある",162,391,7,"stable",5,5,"住所変更",0
6358701,"男性",27,"プランB","タイプ01","AA","ない",247,593,2,"down",5,5,"電話機の使い方を、教えてほしい。ショップに行って教えてもらうように伝える。",0
6364807,"男性",29,"プランB","タイプ01","AA","ない",189,454,2,"stable",12,3,"電話機の使い方を、教えてほしい。ショップに行って教えてもらうように伝える。",0
6365670,"男性",28,"プランC","タイプ02","AA","ある",0,211,25,"up",3,2,"HPがよくない。自分では、必要な情報が、さがせない。",1
6385406,"男性",28,"プランB","タイプ01","AA","ない",196,471,3,"stable",2,5,"電話機の使い方を、教えてほしい。ショップに行って教えてもらうように伝える。",0
6385830,"女性",32,"プランA","タイプ01","AA","ない",130,313,32,"stable",2,6,"近くのお店の場所を知りたい。付属品を購入したい。",0
6388974,"男性",35,"プランB","タイプ01","AA","ない",155,372,35,"stable",2,3,"近くのお店の場所を知りたい。付属品を購入したい。",0
6395333,"男性",35,"プランB","タイプ01","BB","ある",230,553,0,"stable",2,6,"メールの使い方を知りたい。HPを参照するように伝える。",1
6399727,"男性",34,"プランB","タイプ01","AA","ない",213,513,4,"stable",10,10,"請求書の見方がわからない。１分間当たりの料金を伝える。",0
6413265,"男性",26,"プランB","タイプ01","AA","ない",130,314,26,"stable",1,7,"充電器を紛失。すぐに購入できる場所は。ショップに行くように伝える。",0
6418570,"男性",28,"プランB","タイプ01","AA","ない",65,158,1,"up",12,5,"電話機が最悪",1
6432161,"男性",42,"プランB","タイプ01","AA","ない",1440,587,1,"down",4,17,"着信音の変更方法が知りたい。HPを参照するように伝える。",0
6438160,"男性",34,"プランB","タイプ01","AA","ない",246,591,1,"down",4,6,"着信音の変更方法が知りたい。HPを参照するように伝える。",0
6439407,"男性",41,"プランB","タイプ01","AA","ない",1118,454,1,"stable",7,5,"着信音の変更方法が知りたい。HPを参照するように伝える。",0
6445844,"男性",45,"プランB","タイプ01","AA","ない",268,644,4,"stable",9,12,"初めからバッテリーの調子が悪い。今すぐ新しい電話器がほしい。",0
6448515,"男性",24,"プランB","タイプ01","BB","ない",80,194,1,"up",14,2,"すぐに上司に転送",1
6450573,"男性",50,"プランB","タイプ01","AA","ない",189,454,5,"down",6,10,"キャッチホンの設定をオフにしたい。HPを参照するように伝える。",0
6458470,"男性",84,"プランB","タイプ01","AA","ない",349,838,64,"down",2,9,"家族割引を利用したい。お客様窓口に転送。",0
6470109,"男性",38,"プランC","タイプ02","AA","ない",263,633,2,"down",3,4,"電話機の使い方を、教えてほしい。ショップに行って教えてもらうように伝える。",0
6475525,"女性",44,"プランA","タイプ01","AA","ある",160,586,4,"down",3,9,"初めからバッテリーの調子が悪い。今すぐ新しい電話器がほしい。",0
6485324,"女性",44,"プランA","タイプ01","AA","ある",160,586,4,"down",3,9,"初めからバッテリーの調子が悪い。今すぐ新しい電話器がほしい。",0
6500569,"男性",31,"プランB","タイプ01","AA","ない",168,405,4,"stable",10,1,"請求書の見方がわからない。１分間当たりの料金を伝える。",0
6503009,"男性",41,"プランB","タイプ01","AA","ない",1118,454,1,"stable",7,5,"着信音の変更方法が知りたい。HPを参照するように伝える。",0
6523963,"女性",34,"プランA","タイプ01","AA","ない",205,492,1,"stable",16,4,"着信音の変更方法が知りたい。HPを参照するように伝える。",0
6529420,"男性",44,"プランB","タイプ01","AA","ない",1921,523,2,"down",5,5,"住所変更",0
6536610,"男性",36,"プランB","タイプ01","AA","ない",184,443,2,"down",4,8,"電話機の使い方を、教えてほしい。ショップに行って教えてもらうように伝える。",0
6541532,"男性",44,"プランB","タイプ01","AA","ある",271,651,44,"down",3,6,"近くのお店の場所を知りたい。付属品を購入したい。",0
6555055,"女性",24,"プランA","タイプ01","AA","ある",0,264,24,"up",7,6,"XVYX社のPDA付きの新しい電話がほしい。",0
6561569,"男性",32,"プランB","タイプ01","AA","ない",105,254,4,"stable",14,5,"請求書の見方がわからない。１分間当たりの料金を伝える。",0
6570447,"男性",20,"プランC","タイプ02","AA","ない",851,222,1,"up",4,0,"今週末までに、もう１回線追加申し込みをしたい。お客様窓口に転送。",1
6575287,"男性",26,"プランB","タイプ01","AA","ない",798,292,2,"stable",2,0,"電話機を紛失。解約センターに電話。もう一度連絡してもらうまで、解約しないことを伝える。再度連絡予定。",0
6577367,"男性",38,"プランB","タイプ01","AA","ない",1395,464,2,"stable",6,3,"電話機を紛失。解約センターに電話。もう一度連絡してもらうまで、解約しないことを伝える。再度連絡予定。",0
6587883,"男性",44,"プランB","タイプ01","AA","ない",0,456,3,"down",5,6,"職場に電話が転送されない。他の機能はうまくいっているかどうか尋ねる。また、HPを参照するように伝える。",0
6597112,"男性",20,"プランC","タイプ02","AA","ある",176,424,20,"stable",3,1,"キャッチホンの設定をオフにしたい。HPを参照するように伝える。",0
6597570,"男性",36,"プランB","タイプ01","AA","ない",187,451,4,"stable",11,4,"請求書の見方がわからない。１分間当たりの料金を伝える。",0
6603261,"男性",36,"プランB","タイプ01","AA","ある",0,490,2,"stable",11,8,"充電器の調子が悪い。その結果、通話ができなくなっている。今すぐ解約したい。",0
6611957,"男性",53,"プランB","タイプ01","AA","ない",160,384,3,"stable",13,9,"近くのお店の場所を知りたい。付属品を購入したい。",0
6613610,"男性",34,"プランB","タイプ01","BB","ない",0,660,0,"stable",7,9,"メールの使い方を知りたい。HPを参照するように伝える。",1
6615644,"男性",32,"プランB","タイプ01","BB","ない",167,401,0,"stable",6,12,"メールの使い方を知りたい。HPを参照するように伝える。",1
6616145,"女性",19,"プランA","タイプ01","AA","ない",624,397,4,"stable",4,0,"着信音の変更方法が知りたい。HPを参照するように伝える。",0
6617770,"男性",18,"プランC","タイプ02","AA","ない",217,523,4,"stable",6,2,"着信音の変更方法が知りたい。HPを参照するように伝える。",0
6627993,"女性",51,"プランA","タイプ01","AA","ない",287,691,31,"down",7,8,"家族割引を利用したい。お客様窓口に転送。",0
6630059,"男性",28,"プランC","タイプ02","AA","ある",0,211,25,"up",3,2,"高速道路上以外では、受信状態がよくない。いつこの問題が解決されるのか知りたい。",1
6630742,"女性",31,"プランA","タイプ01","AA","ない",173,417,3,"stable",4,7,"電話機の使い方を、教えてほしい。ショップに行って教えてもらうように伝える。",0
6637438,"男性",28,"プランB","タイプ01","AA","ない",172,413,3,"stable",3,6,"電話機の使い方を、教えてほしい。ショップに行って教えてもらうように伝える。",0
6647531,"男性",33,"プランB","タイプ01","BB","ない",205,494,0,"stable",13,1,"メールの使い方を知りたい。HPを参照するように伝える。",1
6655079,"男性",18,"プランC","タイプ02","AA","ない",0,160,15,"up",7,2,"HPがよくない。自分では、必要な情報が、さがせない。",1
6655409,"男性",19,"プランC","タイプ02","AA","ない",1747,235,2,"stable",5,1,"メールの使い方を知りたい。HPを参照するように伝える。",0
6655666,"男性",45,"プランB","タイプ01","AA","ない",242,582,7,"down",2,6,"新しい着替えパネルがほしい。",0
6675515,"男性",55,"プランB","タイプ01","AA","ない",995,923,3,"instable",1,7,"住所変更",0
6680339,"男性",24,"プランB","タイプ01","AA","ある",0,442,5,"stable",5,2,"住所変更",0
6702364,"男性",23,"プランB","タイプ01","AA","ない",0,358,2,"stable",11,3,"電話の基本的な使い方が、わからない。ショップに行って教えてもらうように伝える。",0
6707412,"男性",27,"プランC","タイプ02","AA","ない",82,198,1,"up",9,8,"すぐに上司に転送",1
6713360,"女性",18,"プランA","タイプ01","AA","ない",127,307,3,"up",5,2,"職場に電話が転送されない。他の機能はうまくいっているかどうか尋ねる。また、HPを参照するように伝える。",0
6730152,"男性",20,"プランC","タイプ02","AA","ない",141,340,3,"stable",4,0,"職場に電話が転送されない。他の機能はうまくいっているかどうか尋ねる。また、HPを参照するように伝える。",0
6732594,"男性",32,"プランB","タイプ01","AA","ない",277,276,2,"stable",4,5,"電話機の使い方を、教えてほしい。ショップに行って教えてもらうように伝える。",0
6742176,"男性",26,"プランB","タイプ01","AA","ない",798,292,2,"stable",2,0,"電話機を紛失。解約センターに電話。もう一度連絡してもらうまで、解約しないことを伝える。再度連絡予定。",0
6747450,"男性",41,"プランB","タイプ01","AA","ない",179,430,4,"stable",3,11,"初めからバッテリーの調子が悪い。今すぐ新しい電話器がほしい。",0
6752282,"男性",30,"プランB","タイプ01","AA","ある",177,426,5,"stable",2,8,"新しい料金プランについて知りたい。すぐに解約の可能性大。無料通話分を増やしたい。",0
6758460,"男性",41,"プランB","タイプ01","AA","ない",210,506,4,"down",0,11,"初めからバッテリーの調子が悪い。今すぐ新しい電話器がほしい。",0
6758780,"男性",32,"プランB","タイプ01","AA","ない",337,810,1,"down",9,6,"家族割引を利用したい。お客様窓口に転送。",0
6770103,"男性",20,"プランC","タイプ02","AA","ない",176,423,5,"instable",19,0,"電話機が最悪",0
6774740,"男性",41,"プランB","タイプ01","AA","ない",222,535,7,"down",1,6,"新しい着替えパネルがほしい。",0
6780570,"男性",24,"プランC","タイプ02","AA","ない",91,220,1,"up",7,1,"すぐに上司に転送",1
6781708,"男性",54,"プランB","タイプ01","AA","ない",460,601,34,"down",11,10,"家族割引を利用したい。お客様窓口に転送。",0
6786244,"女性",19,"プランA","タイプ01","AA","ない",89,215,3,"up",12,0,"XVYX社のPDA付きの新しい電話がほしい。",1
6804492,"女性",33,"プランA","タイプ01","AA","ある",0,447,4,"stable",3,10,"請求書の見方がわからない。１分間当たりの料金を伝える。",0
6805116,"男性",44,"プランC","タイプ02","AA","ない",279,670,2,"down",2,7,"電話機の使い方を、教えてほしい。ショップに行って教えてもらうように伝える。",0
6807171,"男性",35,"プランB","タイプ01","AA","ある",0,359,8,"stable",11,9,"新しい料金プランについて知りたい。すぐに解約の可能性大。無料通話分を増やしたい。",0
6808049,"男性",23,"プランB","タイプ01","AA","ない",0,358,2,"stable",11,3,"電話の基本的な使い方が、わからない。ショップに行って教えてもらうように伝える。",0
6812215,"男性",42,"プランB","タイプ01","AA","ない",826,617,2,"down",4,5,"電話機を紛失。解約センターに電話。もう一度連絡してもらうまで、解約しないことを伝える。再度連絡予定。",0
6819407,"女性",35,"プランA","タイプ01","AA","ある",156,375,35,"stable",4,4,"近くのお店の場所を知りたい。付属品を購入したい。",0
6819784,"男性",20,"プランB","タイプ01","AA","ある",236,568,9,"stable",7,0,"キャッチホンの設定をオフにしたい。HPを参照するように伝える。",0
6825001,"男性",32,"プランB","タイプ01","AA","ある",285,481,3,"stable",4,6,"電話機の使い方を、教えてほしい。ショップに行って教えてもらうように伝える。",0
