顧客番号,DATE,Page,大分類,滞在秒数
110127,2021-07-13,"/sv/publisher?","カテゴリD",32.410
110127,2021-09-01,"/sv/help/en-us/adminhlp/adsecurecategory.htm","カテゴリB",87.772
128421,2021-08-12,"/sv/publisher","カテゴリA",28.526
128421,2021-10-21,"/sv/bookkeeper","カテゴリF",89.524
128421,2021-10-21,"/sv/publisher","カテゴリA",51.325
128421,2021-12-23,"/sv/bookkeeper","カテゴリF",68.015
142704,2021-10-21,"/sv/publisher","カテゴリA",102.089
142704,2021-12-16,"/sv/publisher","カテゴリA",49.792
159509,2021-12-08,"/sv/browser","カテゴリD",113.365
159509,2021-12-08,"/sv/browser","カテゴリD",9.338
189275,2021-08-27,"/sv/client?","カテゴリF",2.943
209485,2021-07-09,"/sv/browser?","カテゴリG",39.207
210178,2021-07-11,"/sv/viewer?","カテゴリB",73.043
210178,2021-09-12,"/sv/viewer?","カテゴリB",55.294
210178,2021-11-21,"/sv/viewer?","カテゴリB",21.194
210178,2021-11-21,"/sv/viewer?","カテゴリB",31.636
246658,2021-07-02,"/sv/browser?","カテゴリG",13.462
246658,2021-07-02,"/sv/help/en-us/adminhlp/adindex.htm","カテゴリC",48.239
268047,2021-08-13,"/sv/help/en-us/surfhlp/browse.htm","カテゴリD",39.736
268047,2021-08-24,"/sv/viewer","カテゴリD",14.510
294843,2021-09-03,"/sv/publisher?","カテゴリD",14.972
294843,2021-09-21,"/sv/publisher","カテゴリA",61.733
294843,2021-09-21,"/sv/bookkeeper?","カテゴリE",38.588
305010,2021-07-16,"/sv/browser","カテゴリD",90.728
305010,2021-07-16,"/sv/bookkeeper","カテゴリF",19.501
337822,2021-08-10,"/sv/publisher?","カテゴリD",13.260
337822,2021-08-10,"/sv/bookkeeper?","カテゴリE",72.923
337822,2021-08-10,"/sv/bookkeeper","カテゴリF",29.294
337822,2021-12-01,"/sv/bookkeeper","カテゴリF",25.720
337822,2021-12-01,"/sv/bookkeeper?","カテゴリE",7.163
381403,2021-08-12,"/sv/viewer","カテゴリD",41.410
381403,2021-12-24,"/sv/bookkeeper?","カテゴリE",58.276
396981,2021-09-02,"/sv/bookkeeper?","カテゴリE",248.353
396981,2021-09-04,"/sv/logout?","カテゴリD",178.021
404322,2021-08-12,"/sv/","カテゴリB",28.582
404322,2021-10-12,"/sv/","カテゴリB",206.626
404322,2021-12-11,"/sv/","カテゴリB",4.330
434454,2021-07-17,"/sv/customhtml?","カテゴリA",14.492
434454,2021-08-25,"/sv/viewer","カテゴリD",30.263
434454,2021-08-25,"/sv/bookkeeper","カテゴリF",50.723
434454,2021-08-25,"/sv/bookkeeper","カテゴリF",28.170
470300,2021-07-21,"/sv/bookkeeper?","カテゴリE",25.289
472875,2021-08-10,"/sv/viewer","カテゴリD",51.735
472875,2021-08-10,"/sv/viewer","カテゴリD",9.422
472875,2021-08-13,"/sv/help/en-us/adminhlp/adsecuredocument.htm","カテゴリE",0.006
472875,2021-10-25,"/sv/bookkeeper?","カテゴリE",19.743
472875,2021-10-25,"/sv/bookkeeper","カテゴリF",62.452
472875,2021-10-25,"/sv/bookkeeper","カテゴリF",23.658
474501,2021-08-24,"/sv/help/en-us/adminhlp/adintro.htm","カテゴリD",39.601
474501,2021-08-24,"/sv/viewer?","カテゴリB",25.734
474501,2021-10-02,"/sv/publisher?","カテゴリD",51.942
474501,2021-11-26,"/sv/publisher?","カテゴリD",20.610
478269,2021-08-11,"/sv/bookkeeper?","カテゴリE",88.350
478269,2021-10-08,"/sv/bookkeeper?","カテゴリE",1.361
478269,2021-10-25,"/sv/bookkeeper?","カテゴリE",163.957
478269,2021-12-11,"/sv/bookkeeper?","カテゴリE",26.874
487201,2021-07-02,"/sv/bookkeeper?","カテゴリE",47.177
487201,2021-09-18,"/sv/bookkeeper?","カテゴリE",25.000
541793,2021-07-15,"/sv/bookkeeper/","カテゴリD",35.105
541793,2021-07-15,"/sv/bookkeeper?","カテゴリE",87.651
541793,2021-09-16,"/sv/bookkeeper","カテゴリF",5.103
541793,2021-09-16,"/sv/bookkeeper","カテゴリF",111.616
541793,2021-09-21,"/sv/browser?","カテゴリG",35.378
541793,2021-11-05,"/sv/bookkeeper?","カテゴリE",178.681
541793,2021-11-05,"/sv/publisher","カテゴリA",42.474
541793,2021-11-24,"/sv/logout?","カテゴリD",100.958
541793,2021-12-09,"/sv/logout?","カテゴリD",152.264
554912,2021-09-22,"/sv/help/en-us/surfhlp/surftoc.htm","カテゴリC",16.553
554912,2021-09-22,"/sv/viewer?","カテゴリB",79.018
554912,2021-12-11,"/sv/browser?","カテゴリG",28.550
554912,2021-12-11,"/sv/bookkeeper","カテゴリF",73.061
555132,2021-08-18,"/sv/client?","カテゴリF",24.069
555132,2021-08-18,"/sv/publisher","カテゴリA",110.545
555132,2021-09-02,"/sv/viewer?","カテゴリB",37.102
573305,2021-08-23,"/sv/viewer","カテゴリD",59.285
581437,2021-07-16,"/sv/help/en-us/surfhlp/browse.htm","カテゴリD",25.336
581437,2021-07-28,"/sv/bookkeeper","カテゴリF",96.123
581437,2021-08-10,"/sv/bookkeeper?","カテゴリE",0.022
581437,2021-08-23,"/sv/bookkeeper?","カテゴリE",147.252
581437,2021-11-04,"/sv/bookkeeper","カテゴリF",69.005
597108,2021-07-09,"/sv/bookkeeper/","カテゴリD",34.933
597108,2021-07-09,"/sv/bookkeeper/","カテゴリD",202.616
597108,2021-07-09,"/sv/client?","カテゴリF",344.344
606459,2021-09-02,"/sv/publisher?","カテゴリD",51.284
606459,2021-09-02,"/sv/bookkeeper","カテゴリF",144.549
606459,2021-09-02,"/sv/bookkeeper/","カテゴリD",21.805
606459,2021-09-02,"/sv/help/en-us/adminhlp/adintro.htm","カテゴリD",9.286
615167,2021-07-14,"/sv/bookkeeper","カテゴリF",13.306
615167,2021-07-14,"/sv/browser?","カテゴリG",43.989
620298,2021-09-18,"/sv/help/en-us/adminhlp/adintro.htm","カテゴリD",44.469
620298,2021-12-28,"/sv/help/en-us/adminhlp/adintro.htm","カテゴリD",34.021
620298,2021-12-31,"/sv/logout?","カテゴリD",51.024
625691,2021-07-08,"/sv/bookkeeper?","カテゴリE",118.475
625691,2021-07-24,"/sv/bookkeeper?","カテゴリE",15.146
661777,2021-07-17,"/sv/browser?","カテゴリG",27.292
671336,2021-07-08,"/sv/bookkeeper?","カテゴリE",7.377
671336,2021-09-01,"/sv/bookkeeper","カテゴリF",22.080
671336,2021-09-01,"/sv/bookkeeper","カテゴリF",4.565
671336,2021-09-01,"/sv/bookkeeper","カテゴリF",14.553
671336,2021-09-14,"/sv/bookkeeper?","カテゴリE",17.325
671336,2021-09-14,"/sv/help/en-us/surfhlp/surftoc.htm","カテゴリC",65.728
671336,2021-09-17,"/sv/publisher","カテゴリA",33.787
671336,2021-11-11,"/sv/viewer?","カテゴリB",14.622
671336,2021-11-17,"/sv/bookkeeper?","カテゴリE",0.133
675846,2021-07-18,"/sv/help/en-us/adminhlp/adintro.htm","カテゴリD",317.755
691168,2021-07-29,"/sv/viewer","カテゴリD",157.192
691168,2021-07-29,"/sv/bookkeeper/","カテゴリD",135.693
713093,2021-08-28,"/sv/browser","カテゴリD",208.136
727546,2021-08-28,"/sv/browser","カテゴリD",7.036
727546,2021-12-22,"/sv/bookkeeper?","カテゴリE",28.573
734582,2021-08-19,"/sv/help/en-us/surfhlp/publish.htm","カテゴリC",91.121
734582,2021-10-06,"/sv/help/en-us/tutorial/tutctrl.htm","カテゴリG",127.300
734582,2021-10-16,"/sv/help/en-us/tutorial/smugtut.htm","カテゴリG",1.694
734582,2021-10-16,"/sv/help/en-us/adminhlp/adcat.htm","カテゴリC",125.669
734582,2021-11-30,"/sv/client?","カテゴリF",22.442
734582,2021-11-30,"/sv/browser","カテゴリD",63.036
734582,2021-12-11,"/sv/help/en-us/tutorial/smugtut.htm","カテゴリG",41.738
758540,2021-07-09,"/sv/help/en-us/adminhlp/adsecurehowto.htm","カテゴリE",28.331
758540,2021-07-09,"/sv/bookkeeper?","カテゴリE",26.540
758540,2021-07-09,"/sv/bookkeeper?","カテゴリE",28.881
763145,2021-07-04,"/sv/customhtml?","カテゴリA",31.978
763145,2021-07-04,"/sv/viewer?","カテゴリB",0.186
763145,2021-07-04,"/sv/logout?","カテゴリD",19.751
763145,2021-07-04,"/","カテゴリE",55.050
763145,2021-07-11,"/sv/browser","カテゴリD",19.421
763145,2021-08-02,"/sv/browser","カテゴリD",25.230
763145,2021-08-02,"/sv/browser","カテゴリD",63.292
805957,2021-11-11,"/sv/bookkeeper","カテゴリF",10.818
805957,2021-11-11,"/sv/bookkeeper?","カテゴリE",75.884
824227,2021-07-20,"/sv/help/en-us/surfhlp/surftoc.htm","カテゴリC",27.183
824227,2021-08-07,"/sv/help/en-us/surfhlp/surftoc.htm","カテゴリC",24.309
824227,2021-10-22,"/sv/help/en-us/surfhlp/surftoc.htm","カテゴリC",71.335
831483,2021-08-03,"/sv/viewer?","カテゴリB",6.669
831483,2021-08-28,"/sv/bookkeeper?","カテゴリE",28.037
831483,2021-10-05,"/sv/viewer?","カテゴリB",41.367
831483,2021-10-05,"/sv/logout?","カテゴリD",23.009
848107,2021-07-01,"/sv/help/en-us/surfhlp/surftoc.htm","カテゴリC",32.095
859906,2021-08-21,"/sv/help/en-us/surfhlp/browse.htm","カテゴリD",159.446
859906,2021-08-21,"/sv/help/en-us/surfhlp/browse.htm","カテゴリD",83.931
859906,2021-08-21,"/sv/help/en-us/surfhlp/browse.htm","カテゴリD",31.671
859906,2021-09-24,"/sv/help/en-us/surfhlp/browse.htm","カテゴリD",29.036
860796,2021-08-24,"/sv/browser?","カテゴリG",39.784
860796,2021-08-24,"/sv/bookkeeper?","カテゴリE",312.868
860796,2021-09-02,"/sv/browser?","カテゴリG",12.635
860796,2021-09-02,"/sv/viewer?","カテゴリB",23.875
860796,2021-10-02,"/sv/help/en-us/surfhlp/browse.htm","カテゴリD",29.580
864152,2021-08-10,"/sv/bookkeeper/","カテゴリD",65.727
864152,2021-10-09,"/sv/help/en-us/adminhlp/adindex.htm","カテゴリC",107.083
903095,2021-07-08,"/sv/","カテゴリB",168.591
903095,2021-07-08,"/sv/","カテゴリB",45.944
903095,2021-07-09,"/sv/","カテゴリB",85.353
903095,2021-07-09,"/sv/","カテゴリB",190.731
903095,2021-07-13,"/sv/viewer?","カテゴリB",149.995
952796,2021-10-27,"/sv/help/en-us/surfhlp/surfix.htm","カテゴリD",138.511
967734,2021-09-03,"/sv/viewer?","カテゴリB",4.481
967734,2021-09-03,"/sv/viewer?","カテゴリB",40.504
967734,2021-09-03,"/sv/viewer","カテゴリD",52.197
967734,2021-09-30,"/sv/bookkeeper","カテゴリF",69.018
971395,2021-08-18,"/sv/help/en-us/adminhlp/adminhlp.htm","カテゴリB",150.738
971395,2021-08-18,"/sv/bookkeeper","カテゴリF",4.687
995380,2021-07-22,"/sv/viewer?","カテゴリB",11.584
995380,2021-07-22,"/sv/browser?","カテゴリG",23.522
995380,2021-09-10,"/sv/viewer?","カテゴリB",20.793
995380,2021-10-20,"/sv/viewer?","カテゴリB",12.519
995380,2021-12-03,"/sv/viewer","カテゴリD",17.846
1028601,2021-11-10,"/sv/logout?","カテゴリD",112.758
1046982,2021-07-08,"/sv/bookkeeper?","カテゴリE",0.485
1046982,2021-07-08,"/sv/bookkeeper?","カテゴリE",13.445
1046982,2021-10-27,"/sv/bookkeeper?","カテゴリE",144.186
1046982,2021-11-26,"/sv/help/en-us/surfhlp/surftoc.htm","カテゴリC",37.792
1069745,2021-07-09,"/sv/bookkeeper?","カテゴリE",38.391
1069745,2021-08-31,"/sv/bookkeeper?","カテゴリE",86.157
1069745,2021-10-06,"/sv/browser","カテゴリD",3.765
1069745,2021-11-06,"/sv/bookkeeper?","カテゴリE",20.061
1069745,2021-12-15,"/sv/publisher?","カテゴリD",66.019
1087407,2021-07-03,"/sv/viewer?","カテゴリB",74.155
1087407,2021-07-03,"/sv/viewer?","カテゴリB",23.855
1087407,2021-09-14,"/sv/viewer?","カテゴリB",76.354
1087407,2021-09-14,"/sv/viewer?","カテゴリB",28.760
1087407,2021-11-11,"/sv/viewer?","カテゴリB",36.622
1093545,2021-07-28,"/sv/browser?","カテゴリG",120.795
1093545,2021-07-28,"/sv/browser?","カテゴリG",116.798
1093545,2021-10-29,"/sv/browser?","カテゴリG",50.144
1106686,2021-09-22,"/sv/viewer","カテゴリD",23.534
1106686,2021-09-22,"/sv/bookkeeper","カテゴリF",8.593
1119846,2021-11-11,"/sv/viewer","カテゴリD",104.501
1121521,2021-09-23,"/sv/bookkeeper?","カテゴリE",67.858
1121521,2021-09-23,"/sv/bookkeeper?","カテゴリE",62.861
1121521,2021-10-07,"/sv/bookkeeper?","カテゴリE",16.073
1132734,2021-07-02,"/sv/bookkeeper?","カテゴリE",89.151
1132734,2021-09-01,"/sv/bookkeeper?","カテゴリE",25.178
1138765,2021-07-22,"/sv/browser?","カテゴリG",66.853
1138765,2021-09-19,"/sv/bookkeeper?","カテゴリE",47.188
1138765,2021-09-19,"/sv/browser?","カテゴリG",56.028
1185858,2021-08-31,"/sv/logout?","カテゴリD",153.407
1185858,2021-11-25,"/sv/help/en-us/adminhlp/adsecuredocument.htm","カテゴリE",47.630
1185858,2021-11-30,"/sv/help/en-us/surfhlp/publishspss.htm","カテゴリD",180.270
1185858,2021-11-30,"/sv/help/en-us/surfhlp/publishspss.htm","カテゴリD",27.579
1185858,2021-11-30,"/sv/help/en-us/surfhlp/publishspss.htm","カテゴリD",14.827
1188874,2021-08-08,"/sv/bookkeeper?","カテゴリE",74.078
1188874,2021-10-23,"/sv/bookkeeper?","カテゴリE",20.295
1188874,2021-10-23,"/sv/bookkeeper?","カテゴリE",44.254
1200925,2021-07-30,"/sv/browser?","カテゴリG",16.588
1200925,2021-07-30,"/sv/logout?","カテゴリD",51.200
1200925,2021-07-30,"/sv/bookkeeper?","カテゴリE",3.446
1200925,2021-08-11,"/sv/viewer","カテゴリD",47.740
1200925,2021-10-20,"/sv/help/en-us/surfhlp/viewdocuments.htm","カテゴリF",96.157
1200925,2021-10-20,"/sv/browser?","カテゴリG",42.246
1200925,2021-10-20,"/sv/bookkeeper?","カテゴリE",39.295
1200925,2021-11-10,"/sv/browser","カテゴリD",25.362
1213036,2021-09-30,"/sv/bookkeeper?","カテゴリE",17.697
1213036,2021-09-30,"/sv/publisher","カテゴリA",27.129
1213036,2021-12-04,"/sv/client?","カテゴリF",63.970
1213036,2021-12-07,"/sv/client?","カテゴリF",35.862
1218077,2021-07-24,"/sv/bookkeeper?","カテゴリE",59.052
1218077,2021-08-07,"/sv/viewer","カテゴリD",79.648
1218077,2021-12-15,"/sv/logout?","カテゴリD",2.816
1278770,2021-08-12,"/sv/bookkeeper?","カテゴリE",51.878
1278770,2021-09-20,"/sv/bookkeeper?","カテゴリE",12.106
1278770,2021-11-23,"/sv/help/en-us/adminhlp/adintro.htm","カテゴリD",104.700
1278770,2021-11-26,"/sv/bookkeeper?","カテゴリE",52.488
1289025,2021-07-30,"/sv/help/en-us/adminhlp/adintro.htm","カテゴリD",36.464
1289025,2021-08-19,"/sv/help/en-us/adminhlp/adintro.htm","カテゴリD",39.851
1289025,2021-08-19,"/sv/help/en-us/adminhlp/adintro.htm","カテゴリD",78.580
1289025,2021-09-01,"/sv/help/en-us/adminhlp/adintro.htm","カテゴリD",71.271
1289025,2021-09-29,"/sv/help/en-us/adminhlp/adintro.htm","カテゴリD",34.853
1289025,2021-10-30,"/sv/help/en-us/surfhlp/customdoc.htm","カテゴリC",7.336
1289025,2021-11-26,"/sv/help/en-us/adminhlp/adintro.htm","カテゴリD",6.686
1306446,2021-08-30,"/sv/bookkeeper?","カテゴリE",111.773
1306446,2021-10-07,"/sv/publisher","カテゴリA",44.298
1306446,2021-10-07,"/sv/bookkeeper?","カテゴリE",88.346
1306446,2021-12-09,"/sv/bookkeeper?","カテゴリE",46.297
1306446,2021-12-22,"/sv/publisher","カテゴリA",18.339
1306446,2021-12-22,"/sv/publisher?","カテゴリD",23.828
1309739,2021-07-21,"/sv/help/en-us/adminhlp/adintro.htm","カテゴリD",2.429
1309739,2021-07-21,"/sv/browser","カテゴリD",53.181
1309739,2021-07-21,"/sv/publisher","カテゴリA",41.733
1309739,2021-07-21,"/sv/help/en-us/adminhlp/adintro.htm","カテゴリD",50.166
1309739,2021-08-23,"/sv/publisher?","カテゴリD",37.916
1309739,2021-08-23,"/sv/browser?","カテゴリG",48.135
1309739,2021-09-10,"/sv/bookkeeper?","カテゴリE",33.306
1334719,2021-07-07,"/sv/help/en-us/adminhlp/adminhlp.htm","カテゴリB",22.747
1334719,2021-08-27,"/sv/viewer","カテゴリD",133.005
1334719,2021-10-13,"/sv/viewer","カテゴリD",79.362
1334719,2021-10-28,"/","カテゴリE",74.131
1371489,2021-08-27,"/sv/browser?","カテゴリG",30.555
1371489,2021-09-30,"/sv/publisher?","カテゴリD",47.953
1371489,2021-11-18,"/sv/publisher?","カテゴリD",27.349
1371489,2021-11-18,"/sv/browser?","カテゴリG",22.809
1371489,2021-12-30,"/sv/publisher?","カテゴリD",85.198
1379391,2021-07-03,"/sv/bookkeeper?","カテゴリE",348.872
1424429,2021-08-21,"/sv/bookkeeper?","カテゴリE",38.095
1424429,2021-08-21,"/sv/bookkeeper?","カテゴリE",209.610
1460141,2021-07-20,"/sv/publisher?","カテゴリD",36.782
1460141,2021-07-20,"/sv/browser?","カテゴリG",14.712
1460141,2021-07-20,"/sv/help/en-us/surfhlp/surfix.htm","カテゴリD",66.479
1460141,2021-07-20,"/sv/bookkeeper?","カテゴリE",16.972
1460141,2021-09-22,"/sv/browser?","カテゴリG",29.518
1460141,2021-09-22,"/sv/bookkeeper?","カテゴリE",35.771
1460141,2021-09-22,"/sv/publisher?","カテゴリD",38.370
1460141,2021-11-29,"/sv/publisher?","カテゴリD",23.835
1483667,2021-07-02,"/sv/help/en-us/adminhlp/adintro.htm","カテゴリD",236.375
1483667,2021-07-02,"/sv/help/en-us/adminhlp/adintro.htm","カテゴリD",196.232
1511910,2021-09-09,"/sv/viewer","カテゴリD",95.698
1511910,2021-10-21,"/sv/bookkeeper?","カテゴリE",25.681
1523389,2021-08-20,"/","カテゴリE",24.804
1539476,2021-07-09,"/sv/bookkeeper/","カテゴリD",43.235
1539476,2021-07-17,"/sv/logout?","カテゴリD",28.953
1539476,2021-07-24,"/sv/bookkeeper","カテゴリF",14.452
1539476,2021-07-24,"/sv/bookkeeper?","カテゴリE",38.022
1541506,2021-10-29,"/sv/help/en-us/surfhlp/publishspss.htm","カテゴリD",4.410
1541506,2021-10-29,"/sv/browser?","カテゴリG",12.119
1541506,2021-12-11,"/sv/browser","カテゴリD",55.910
1563701,2021-12-24,"/sv/bookkeeper?","カテゴリE",43.488
1574027,2021-08-18,"/sv/bookkeeper","カテゴリF",17.144
1574027,2021-09-01,"/sv/logout?","カテゴリD",6.402
1574027,2021-11-04,"/sv/publisher?","カテゴリD",51.605
1574027,2021-12-04,"/sv/publisher?","カテゴリD",43.194
1576778,2021-07-17,"/sv/bookkeeper?","カテゴリE",8.699
1576778,2021-09-02,"/sv/help/en-us/surfhlp/surfhlp.htm","カテゴリC",44.857
1576778,2021-11-18,"/sv/bookkeeper?","カテゴリE",53.047
1581840,2021-08-21,"/sv/bookkeeper?","カテゴリE",6.831
1601599,2021-09-08,"/sv/bookkeeper","カテゴリF",49.429
1601599,2021-09-29,"/sv/publisher?","カテゴリD",45.401
1601599,2021-09-29,"/sv/viewer","カテゴリD",34.595
1601599,2021-10-30,"/sv/help/en-us/surfhlp/surftoc.htm","カテゴリC",45.110
1603161,2021-08-14,"/sv/bookkeeper?","カテゴリE",1.401
1603161,2021-08-14,"/sv/help/en-us/surfhlp/viewdocuments.htm","カテゴリF",7.345
1624180,2021-07-07,"/sv/logout?","カテゴリD",38.068
1624180,2021-07-07,"/sv/logout?","カテゴリD",66.198
1624180,2021-10-21,"/sv/logout?","カテゴリD",50.018
1624180,2021-10-21,"/sv/logout?","カテゴリD",62.666
1624180,2021-12-28,"/sv/logout?","カテゴリD",5.020
1624180,2021-12-28,"/sv/logout?","カテゴリD",37.486
1630311,2021-08-22,"/sv/viewer","カテゴリD",22.936
1630311,2021-09-19,"/sv/viewer","カテゴリD",60.655
1630311,2021-09-19,"/sv/bookkeeper","カテゴリF",83.216
1630311,2021-10-16,"/sv/viewer","カテゴリD",50.240
1652674,2021-09-05,"/sv/help/en-us/adminhlp/adintro.htm","カテゴリD",31.292
1652674,2021-09-05,"/sv/help/en-us/adminhlp/adintro.htm","カテゴリD",40.783
1672614,2021-09-01,"/sv/bookkeeper?","カテゴリE",18.818
1672614,2021-09-21,"/sv/bookkeeper","カテゴリF",23.717
1672614,2021-09-21,"/sv/viewer","カテゴリD",15.968
1672614,2021-09-21,"/sv/viewer?","カテゴリB",117.421
1672614,2021-10-02,"/sv/bookkeeper","カテゴリF",22.114
1672614,2021-10-02,"/sv/help/en-us/surfhlp/publishoptions.htm","カテゴリG",20.183
1672614,2021-10-02,"/sv/logout?","カテゴリD",78.323
1672614,2021-10-02,"/sv/logout?","カテゴリD",38.541
1672614,2021-10-02,"/sv/logout?","カテゴリD",38.511
1673538,2021-07-10,"/sv/help/en-us/surfhlp/publish.htm","カテゴリC",6.282
1673538,2021-07-10,"/sv/help/en-us/surfhlp/surfhlp.htm","カテゴリC",17.665
1673538,2021-07-30,"/sv/bookkeeper?","カテゴリE",55.722
1673538,2021-07-30,"/sv/bookkeeper?","カテゴリE",19.352
1673538,2021-08-26,"/sv/bookkeeper?","カテゴリE",20.525
1673538,2021-08-26,"/sv/bookkeeper?","カテゴリE",16.895
1675593,2021-07-20,"/sv/bookkeeper","カテゴリF",56.512
1675593,2021-08-10,"/sv/viewer","カテゴリD",131.980
1675593,2021-08-10,"/sv/bookkeeper","カテゴリF",43.254
1725232,2021-11-26,"/","カテゴリE",86.886
1742225,2021-08-18,"/sv/bookkeeper","カテゴリF",17.214
1742225,2021-08-18,"/sv/bookkeeper","カテゴリF",66.117
1742225,2021-10-28,"/sv/logout?","カテゴリD",9.962
1745005,2021-07-07,"/sv/browser?","カテゴリG",13.993
1745005,2021-07-15,"/sv/client?","カテゴリF",88.865
1745005,2021-08-31,"/sv/bookkeeper?","カテゴリE",90.296
1745005,2021-11-12,"/sv/bookkeeper?","カテゴリE",9.321
1745005,2021-11-12,"/sv/viewer?","カテゴリB",229.885
1765634,2021-08-12,"/sv/publisher","カテゴリA",52.916
1765634,2021-08-12,"/sv/bookkeeper?","カテゴリE",57.057
1765634,2021-09-15,"/sv/bookkeeper?","カテゴリE",50.839
1765634,2021-10-23,"/sv/bookkeeper?","カテゴリE",31.732
1765634,2021-11-03,"/sv/publisher","カテゴリA",10.060
1765634,2021-12-31,"/sv/publisher","カテゴリA",22.561
1784152,2021-08-19,"/sv/bookkeeper/","カテゴリD",3.399
1784152,2021-08-19,"/sv/help/en-us/surfhlp/surfhlp.htm","カテゴリC",30.684
1784152,2021-08-24,"/sv/help/en-us/adminhlp/adindex.htm","カテゴリC",57.930
1784152,2021-11-29,"/sv/browser","カテゴリD",5.352
1784152,2021-12-27,"/sv/bookkeeper?","カテゴリE",29.693
1784152,2021-12-27,"/sv/help/en-us/adminhlp/adsecurecategory.htm","カテゴリB",8.263
1813106,2021-08-27,"/sv/viewer","カテゴリD",175.395
1813106,2021-09-24,"/sv/viewer","カテゴリD",145.671
1813106,2021-12-31,"/sv/viewer","カテゴリD",74.778
1815278,2021-07-01,"/sv/bookkeeper?","カテゴリE",17.906
1815278,2021-07-07,"/sv/help/en-us/adminhlp/adsecurehowto.htm","カテゴリE",7.457
1815278,2021-08-24,"/sv/bookkeeper?","カテゴリE",21.125
1815278,2021-11-23,"/sv/publisher?","カテゴリD",20.009
1815278,2021-11-23,"/sv/bookkeeper?","カテゴリE",28.028
1838097,2021-07-08,"/sv/bookkeeper","カテゴリF",7.672
1889492,2021-09-02,"/sv/viewer?","カテゴリB",44.523
1889492,2021-11-18,"/sv/logout?","カテゴリD",33.342
1889492,2021-11-18,"/sv/viewer?","カテゴリB",82.394
1914326,2021-07-15,"/sv/browser?","カテゴリG",50.087
1914326,2021-07-15,"/sv/bookkeeper?","カテゴリE",70.085
1916174,2021-08-24,"/sv/bookkeeper?","カテゴリE",109.577
1931072,2021-07-15,"/sv/browser","カテゴリD",94.597
1931072,2021-07-15,"/sv/client?","カテゴリF",16.605
1931072,2021-07-15,"/sv/client?","カテゴリF",16.751
1931072,2021-07-15,"/sv/browser","カテゴリD",3.698
1946018,2021-07-01,"/sv/bookkeeper?","カテゴリE",43.804
1946018,2021-08-11,"/sv/logout?","カテゴリD",272.001
1956699,2021-08-21,"/sv/client?","カテゴリF",10.409
1956699,2021-08-28,"/sv/publisher?","カテゴリD",15.159
1956699,2021-08-28,"/sv/client?","カテゴリF",10.409
1956699,2021-09-08,"/sv/bookkeeper?","カテゴリE",66.419
1956699,2021-09-08,"/sv/viewer?","カテゴリB",178.871
1956699,2021-09-08,"/sv/viewer?","カテゴリB",56.391
1956699,2021-09-08,"/sv/bookkeeper?","カテゴリE",29.953
1956699,2021-10-08,"/sv/browser?","カテゴリG",34.664
1956699,2021-10-08,"/sv/browser?","カテゴリG",4.582
1958892,2021-07-30,"/sv/client?","カテゴリF",22.707
1958892,2021-07-30,"/sv/bookkeeper","カテゴリF",39.115
1958892,2021-08-26,"/sv/logout?","カテゴリD",65.559
1958892,2021-08-26,"/sv/browser?","カテゴリG",98.681
1958892,2021-10-01,"/sv/browser?","カテゴリG",31.037
1958892,2021-11-22,"/sv/bookkeeper","カテゴリF",24.276
1991616,2021-07-10,"/sv/bookkeeper","カテゴリF",25.768
1991616,2021-10-27,"/sv/publisher?","カテゴリD",25.269
2003127,2021-08-11,"/sv/viewer","カテゴリD",24.609
2003127,2021-08-11,"/sv/help/en-us/surfhlp/surfhlp.htm","カテゴリC",30.991
2003127,2021-08-11,"/sv/publisher?","カテゴリD",27.230
2003127,2021-10-05,"/sv/viewer","カテゴリD",11.088
2003127,2021-10-05,"/sv/help/en-us/surfhlp/surfhlp.htm","カテゴリC",19.397
2003127,2021-11-25,"/sv/viewer","カテゴリD",13.868
2003127,2021-12-22,"/sv/viewer?","カテゴリB",83.546
2025040,2021-07-05,"/sv/bookkeeper/","カテゴリD",248.037
2025040,2021-10-05,"/sv/viewer","カテゴリD",120.123
2025040,2021-10-05,"/sv/viewer","カテゴリD",44.476
2025040,2021-10-05,"/sv/bookkeeper","カテゴリF",33.012
2025604,2021-08-16,"/sv/bookkeeper?","カテゴリE",54.949
2025604,2021-09-02,"/sv/viewer?","カテゴリB",5.681
2025604,2021-09-02,"/sv/bookkeeper?","カテゴリE",54.971
2025604,2021-11-05,"/sv/bookkeeper?","カテゴリE",162.541
2050757,2021-07-25,"/sv/viewer?","カテゴリB",246.909
2050757,2021-10-06,"/sv/bookkeeper","カテゴリF",110.502
2050757,2021-10-27,"/","カテゴリE",121.303
2061517,2021-09-08,"/sv/browser?","カテゴリG",11.074
2061517,2021-10-28,"/sv/help/en-us/surfhlp/publish.htm","カテゴリC",58.478
2061517,2021-11-27,"/sv/viewer","カテゴリD",61.174
2109428,2021-08-29,"/sv/publisher","カテゴリA",22.378
2109428,2021-08-29,"/sv/bookkeeper?","カテゴリE",67.570
2109428,2021-08-31,"/sv/customhtml?","カテゴリA",60.169
2109428,2021-10-01,"/sv/bookkeeper","カテゴリF",6.633
2109428,2021-12-06,"/sv/bookkeeper?","カテゴリE",9.559
2136970,2021-07-22,"/sv/logout?","カテゴリD",64.887
2136970,2021-07-22,"/sv/publisher","カテゴリA",78.422
2136970,2021-07-22,"/sv/bookkeeper?","カテゴリE",70.511
2136970,2021-08-31,"/sv/bookkeeper?","カテゴリE",7.012
2136970,2021-08-31,"/sv/publisher","カテゴリA",69.810
2136970,2021-08-31,"/sv/bookkeeper?","カテゴリE",69.095
2148998,2021-10-01,"/sv/bookkeeper?","カテゴリE",27.558
2153318,2021-10-30,"/sv/help/en-us/surfhlp/publish.htm","カテゴリC",29.014
2153318,2021-11-09,"/sv/publisher?","カテゴリD",96.746
2153318,2021-12-22,"/sv/client?","カテゴリF",29.896
2153318,2021-12-28,"/sv/viewer","カテゴリD",6.795
2153723,2021-07-28,"/sv/viewer","カテゴリD",6.078
2153723,2021-10-14,"/sv/viewer","カテゴリD",141.714
2153723,2021-12-15,"/sv/viewer","カテゴリD",151.541
2153723,2021-12-15,"/sv/browser?","カテゴリG",30.821
2153723,2021-12-22,"/sv/help/en-us/adminhlp/adintro.htm","カテゴリD",3.433
2153723,2021-12-29,"/sv/browser?","カテゴリG",122.414
2156070,2021-08-18,"/sv/bookkeeper","カテゴリF",70.259
2156070,2021-09-06,"/sv/","カテゴリB",75.543
2156070,2021-10-25,"/sv/bookkeeper?","カテゴリE",39.603
2161398,2021-09-22,"/sv/logout?","カテゴリD",21.230
2161398,2021-09-22,"/sv/viewer","カテゴリD",43.514
2161398,2021-10-03,"/sv/help/en-us/surfhlp/publish.htm","カテゴリC",63.196
2161398,2021-10-03,"/sv/client?","カテゴリF",35.640
2161398,2021-10-17,"/sv/browser","カテゴリD",27.041
2170711,2021-08-03,"/sv/customhtml?","カテゴリA",29.135
2170711,2021-08-31,"/sv/viewer","カテゴリD",150.686
2170711,2021-09-21,"/sv/bookkeeper?","カテゴリE",8.173
2172328,2021-07-02,"/sv/viewer?","カテゴリB",25.010
2172328,2021-07-08,"/sv/bookkeeper/","カテゴリD",64.019
2172328,2021-07-08,"/sv/publisher?","カテゴリD",112.054
2172328,2021-10-08,"/sv/viewer","カテゴリD",5.398
2172328,2021-12-17,"/sv/viewer","カテゴリD",34.295
2172328,2021-12-17,"/sv/publisher?","カテゴリD",45.962
2220905,2021-07-01,"/sv/bookkeeper?","カテゴリE",99.723
2220905,2021-07-14,"/sv/client?","カテゴリF",96.309
2220905,2021-07-14,"/sv/client?","カテゴリF",69.105
2252569,2021-11-03,"/sv/help/en-us/surfhlp/publishspss.htm","カテゴリD",71.870
2252569,2021-11-03,"/sv/help/en-us/surfhlp/publishspss.htm","カテゴリD",183.704
2252569,2021-11-03,"/sv/help/en-us/surfhlp/browse.htm","カテゴリD",72.769
2252569,2021-11-03,"/sv/help/en-us/surfhlp/publishspss.htm","カテゴリD",14.969
2255475,2021-07-29,"/sv/publisher","カテゴリA",6.849
2255475,2021-08-16,"/sv/help/en-us/adminhlp/adsecurecategory.htm","カテゴリB",80.191
2255475,2021-08-23,"/sv/publisher","カテゴリA",108.449
2255475,2021-08-23,"/sv/bookkeeper","カテゴリF",116.611
2310030,2021-07-13,"/sv/publisher?","カテゴリD",27.607
2310030,2021-07-13,"/sv/browser?","カテゴリG",56.744
2313186,2021-08-10,"/sv/publisher","カテゴリA",42.270
2313186,2021-08-12,"/sv/bookkeeper","カテゴリF",51.318
2313186,2021-09-21,"/sv/publisher","カテゴリA",95.793
2325821,2021-07-28,"/sv/browser","カテゴリD",52.596
2325821,2021-07-28,"/sv/","カテゴリB",92.312
2325821,2021-07-28,"/sv/browser","カテゴリD",17.544
2325821,2021-08-26,"/sv/bookkeeper","カテゴリF",49.684
2325821,2021-09-20,"/sv/help/en-us/surfhlp/publishspss.htm","カテゴリD",60.468
2325821,2021-09-20,"/sv/help/en-us/surfhlp/publishspss.htm","カテゴリD",76.154
2330466,2021-08-18,"/sv/bookkeeper?","カテゴリE",60.155
2330466,2021-11-11,"/sv/bookkeeper?","カテゴリE",37.161
2392952,2021-07-09,"/sv/bookkeeper?","カテゴリE",22.522
2392952,2021-07-09,"/sv/viewer","カテゴリD",15.823
2392952,2021-07-09,"/sv/bookkeeper?","カテゴリE",17.814
2392952,2021-12-28,"/sv/bookkeeper/","カテゴリD",82.885
2444593,2021-07-03,"/sv/publisher?","カテゴリD",87.701
2466890,2021-09-03,"/sv/viewer?","カテゴリB",37.452
2466890,2021-09-03,"/sv/index.htm","カテゴリD",73.226
2466890,2021-12-04,"/sv/index.htm","カテゴリD",48.017
2468004,2021-07-14,"/sv/help/en-us/adminhlp/adminhlp.htm","カテゴリB",97.992
2479377,2021-07-09,"/sv/bookkeeper?","カテゴリE",63.843
2479377,2021-07-09,"/sv/bookkeeper?","カテゴリE",14.012
2479377,2021-07-09,"/sv/bookkeeper?","カテゴリE",25.266
2479377,2021-08-19,"/sv/browser","カテゴリD",38.164
2480110,2021-07-17,"/sv/help/en-us/surfhlp/viewdocuments.htm","カテゴリF",135.402
2480110,2021-07-17,"/sv/bookkeeper","カテゴリF",27.462
2480110,2021-07-24,"/sv/help/en-us/adminhlp/adintro.htm","カテゴリD",38.098
2480110,2021-08-26,"/sv/bookkeeper?","カテゴリE",62.201
2480110,2021-08-26,"/sv/bookkeeper?","カテゴリE",49.715
2480110,2021-09-16,"/sv/browser","カテゴリD",39.246
2480110,2021-10-08,"/sv/bookkeeper","カテゴリF",41.917
2575691,2021-08-07,"/sv/bookkeeper?","カテゴリE",70.726
2609319,2021-07-14,"/sv/bookkeeper","カテゴリF",7.899
2609319,2021-07-14,"/sv/browser?","カテゴリG",51.884
2609319,2021-07-14,"/sv/browser?","カテゴリG",20.071
2609319,2021-07-14,"/sv/bookkeeper","カテゴリF",28.063
2609319,2021-07-29,"/sv/bookkeeper?","カテゴリE",7.018
2611993,2021-07-08,"/sv/help/en-us/surfhlp/viewdocuments.htm","カテゴリF",210.796
2611993,2021-07-29,"/sv/browser?","カテゴリG",145.331
2611993,2021-10-14,"/sv/browser","カテゴリD",44.588
2611993,2021-10-21,"/sv/viewer","カテゴリD",49.511
2611993,2021-10-21,"/sv/help/en-us/surfhlp/surftoc.htm","カテゴリC",185.466
2611993,2021-12-02,"/sv/viewer","カテゴリD",39.230
2620982,2021-07-16,"/sv/browser?","カテゴリG",78.096
2637009,2021-08-27,"/sv/browser?","カテゴリG",105.487
2662338,2021-08-27,"/sv/publisher?","カテゴリD",49.976
2662338,2021-08-27,"/sv/browser?","カテゴリG",36.953
2662338,2021-10-03,"/sv/publisher?","カテゴリD",44.738
2662338,2021-12-24,"/sv/client?","カテゴリF",3.148
2664193,2021-09-18,"/sv/help/en-us/adminhlp/adintro.htm","カテゴリD",187.777
2664193,2021-10-22,"/sv/help/en-us/adminhlp/adintro.htm","カテゴリD",164.721
2664193,2021-12-22,"/sv/bookkeeper?","カテゴリE",86.156
2666526,2021-07-05,"/sv/help/en-us/surfhlp/browse.htm","カテゴリD",48.197
2666526,2021-10-31,"/sv/bookkeeper","カテゴリF",2.197
2666526,2021-12-26,"/","カテゴリE",134.887
2757679,2021-10-05,"/sv/bookkeeper?","カテゴリE",39.822
2757679,2021-11-03,"/sv/help/en-us/surfhlp/customdoc.htm","カテゴリC",26.113
2787503,2021-09-16,"/sv/bookkeeper?","カテゴリE",38.119
2795361,2021-08-14,"/sv/browser","カテゴリD",70.656
2803182,2021-08-14,"/sv/publisher?","カテゴリD",86.363
2804646,2021-08-20,"/sv/bookkeeper?","カテゴリE",19.965
2804646,2021-09-21,"/sv/bookkeeper?","カテゴリE",38.613
2804646,2021-09-21,"/sv/help/en-us/surfhlp/surftoc.htm","カテゴリC",40.679
2804646,2021-09-21,"/sv/bookkeeper?","カテゴリE",19.210
2804646,2021-10-30,"/sv/help/en-us/surfhlp/surftoc.htm","カテゴリC",13.579
2820304,2021-07-07,"/sv/bookkeeper?","カテゴリE",23.730
2820304,2021-07-07,"/sv/bookkeeper?","カテゴリE",157.802
2820304,2021-11-09,"/sv/client?","カテゴリF",22.012
2830234,2021-07-02,"/sv/help/en-us/surfhlp/publish.htm","カテゴリC",0.589
2830234,2021-10-23,"/sv/browser?","カテゴリG",45.439
2830234,2021-10-23,"/sv/browser?","カテゴリG",18.914
2830234,2021-10-23,"/sv/browser?","カテゴリG",16.906
2873282,2021-07-10,"/sv/help/en-us/surfhlp/publish.htm","カテゴリC",39.444
2873282,2021-08-08,"/sv/viewer?","カテゴリB",104.247
2873282,2021-09-11,"/sv/viewer?","カテゴリB",36.459
2918863,2021-09-29,"/sv/browser?","カテゴリG",101.486
2928450,2021-07-20,"/sv/bookkeeper?","カテゴリE",32.929
2928450,2021-07-20,"/sv/bookkeeper?","カテゴリE",115.277
2928450,2021-08-14,"/sv/client?","カテゴリF",72.062
2928450,2021-10-06,"/sv/browser?","カテゴリG",59.403
2948889,2021-07-03,"/sv/help/en-us/adminhlp/adintro.htm","カテゴリD",31.535
2949381,2021-07-08,"/sv/viewer","カテゴリD",12.228
2949381,2021-07-08,"/sv/viewer","カテゴリD",32.582
2949381,2021-09-07,"/sv/publisher?","カテゴリD",61.431
2949381,2021-09-07,"/sv/bookkeeper","カテゴリF",37.937
2949381,2021-09-07,"/sv/bookkeeper?","カテゴリE",32.842
2949381,2021-12-16,"/sv/bookkeeper?","カテゴリE",43.169
2949381,2021-12-16,"/sv/publisher?","カテゴリD",78.022
2965581,2021-07-02,"/sv/help/en-us/adminhlp/adsecure.htm","カテゴリB",0.350
2965581,2021-07-02,"/sv/help/en-us/adminhlp/adminhlp.htm","カテゴリB",1.112
2965581,2021-08-21,"/sv/viewer","カテゴリD",17.567
2989807,2021-07-22,"/sv/publisher?","カテゴリD",31.858
3013503,2021-11-02,"/sv/publisher?","カテゴリD",3.254
3013503,2021-11-02,"/sv/viewer?","カテゴリB",35.246
3022615,2021-08-07,"/sv/help/en-us/surfhlp/customdoc.htm","カテゴリC",117.279
3022615,2021-08-24,"/sv/publisher?","カテゴリD",56.797
3022615,2021-09-01,"/sv/client?","カテゴリF",67.168
3073815,2021-07-24,"/sv/bookkeeper?","カテゴリE",105.568
3073815,2021-10-01,"/sv/bookkeeper?","カテゴリE",46.674
3073815,2021-11-29,"/sv/bookkeeper?","カテゴリE",85.751
3073815,2021-11-29,"/sv/bookkeeper?","カテゴリE",74.071
3110348,2021-07-08,"/sv/browser?","カテゴリG",4.757
3110348,2021-08-07,"/sv/bookkeeper?","カテゴリE",24.369
3120685,2021-07-18,"/sv/publisher","カテゴリA",26.022
3120685,2021-08-07,"/sv/browser?","カテゴリG",62.177
3120685,2021-10-20,"/sv/publisher","カテゴリA",22.019
3120685,2021-10-20,"/sv/help/en-us/adminhlp/adindex.htm","カテゴリC",116.239
3120685,2021-10-20,"/sv/bookkeeper?","カテゴリE",75.448
3129747,2021-07-21,"/sv/bookkeeper?","カテゴリE",54.449
3129747,2021-07-29,"/sv/","カテゴリB",20.558
3129747,2021-09-01,"/sv/bookkeeper?","カテゴリE",23.576
3142496,2021-08-20,"/sv/viewer?","カテゴリB",104.544
3142496,2021-08-20,"/","カテゴリE",14.468
3142496,2021-08-27,"/sv/viewer","カテゴリD",103.297
3142496,2021-09-22,"/sv/help/en-us/adminhlp/adindex.htm","カテゴリC",85.593
3142496,2021-12-17,"/sv/viewer","カテゴリD",1.116
3169304,2021-07-11,"/sv/publisher","カテゴリA",69.202
3169304,2021-10-03,"/sv/publisher","カテゴリA",76.369
3169304,2021-10-03,"","カテゴリB",2.292
3169304,2021-11-11,"/sv/browser?","カテゴリG",10.180
3169304,2021-12-12,"/sv/publisher","カテゴリA",62.811
3171019,2021-11-02,"/sv/publisher?","カテゴリD",40.518
3178245,2021-07-26,"/sv/browser?","カテゴリG",16.135
3178245,2021-10-28,"/sv/viewer","カテゴリD",106.047
3178245,2021-11-15,"/sv/bookkeeper?","カテゴリE",24.525
3185405,2021-07-27,"/sv/bookkeeper?","カテゴリE",39.008
3185405,2021-08-14,"/sv/bookkeeper?","カテゴリE",28.650
3185405,2021-08-26,"/sv/viewer?","カテゴリB",60.460
3199482,2021-08-11,"/sv/publisher?","カテゴリD",6.079
3199482,2021-08-11,"/sv/client?","カテゴリF",23.258
3199482,2021-08-11,"/sv/viewer?","カテゴリB",56.457
3199482,2021-08-11,"/sv/bookkeeper?","カテゴリE",30.258
3199482,2021-08-11,"/sv/logout?","カテゴリD",22.207
3199482,2021-08-11,"/sv/viewer?","カテゴリB",7.602
3199482,2021-10-06,"/sv/help/en-us/surfhlp/publish.htm","カテゴリC",35.381
3232651,2021-07-08,"/sv/help/en-us/adminhlp/adsecurecategory.htm","カテゴリB",13.397
3232651,2021-07-08,"/sv/help/en-us/adminhlp/adindex.htm","カテゴリC",66.617
3232651,2021-07-08,"/sv/help/en-us/surfhlp/customdoc.htm","カテゴリC",35.105
3232651,2021-07-08,"/sv/publisher","カテゴリA",5.662
3232651,2021-07-08,"/sv/bookkeeper?","カテゴリE",84.425
3259151,2021-07-07,"/sv/browser?","カテゴリG",38.089
3259151,2021-08-11,"/sv/browser?","カテゴリG",32.533
3259151,2021-10-26,"/sv/browser?","カテゴリG",7.334
3303637,2021-07-08,"/sv/client?","カテゴリF",54.266
3303637,2021-07-27,"/sv/browser","カテゴリD",73.640
3303637,2021-07-27,"/sv/publisher","カテゴリA",62.364
3303637,2021-07-27,"/sv/viewer?","カテゴリB",11.136
3303637,2021-07-27,"/sv/publisher","カテゴリA",23.898
3311721,2021-07-20,"/sv/viewer","カテゴリD",62.065
3311721,2021-10-20,"/sv/bookkeeper?","カテゴリE",30.251
3311721,2021-10-20,"/sv/viewer","カテゴリD",31.714
3316603,2021-08-10,"/sv/browser?","カテゴリG",23.377
3316603,2021-08-10,"/sv/viewer","カテゴリD",21.478
3316603,2021-08-10,"/sv/viewer","カテゴリD",31.397
3350255,2021-08-14,"/sv/client?","カテゴリF",28.675
3350255,2021-08-14,"/sv/bookkeeper/","カテゴリD",23.371
3350255,2021-08-14,"/sv/publisher?","カテゴリD",59.166
3350255,2021-08-14,"/sv/bookkeeper","カテゴリF",21.618
3350255,2021-10-02,"/sv/publisher?","カテゴリD",30.678
3350255,2021-12-08,"/sv/browser?","カテゴリG",25.417
3350534,2021-07-18,"/sv/publisher","カテゴリA",4.988
3350534,2021-10-24,"/sv/publisher","カテゴリA",33.476
3350534,2021-10-30,"/sv/","カテゴリB",45.292
3350534,2021-10-30,"/sv/","カテゴリB",40.950
3350534,2021-10-30,"/sv/browser?","カテゴリG",34.516
3350534,2021-10-30,"/sv/bookkeeper","カテゴリF",12.880
3383828,2021-07-14,"/sv/bookkeeper/","カテゴリD",31.769
3383828,2021-07-14,"/sv/viewer","カテゴリD",14.051
3383828,2021-07-14,"/sv/bookkeeper?","カテゴリE",64.751
3383828,2021-07-14,"/sv/bookkeeper","カテゴリF",218.396
3410600,2021-07-06,"/sv/bookkeeper?","カテゴリE",157.076
3422069,2021-08-22,"/sv/bookkeeper?","カテゴリE",32.509
3422069,2021-08-22,"/sv/help/en-us/surfhlp/surftoc.htm","カテゴリC",58.225
3422069,2021-08-28,"/sv/browser?","カテゴリG",70.185
3422069,2021-08-28,"/sv/browser?","カテゴリG",65.987
3422069,2021-08-28,"/sv/browser?","カテゴリG",94.393
3422069,2021-10-06,"/sv/bookkeeper","カテゴリF",12.748
3422069,2021-10-06,"/sv/bookkeeper?","カテゴリE",114.232
3422069,2021-12-18,"/sv/bookkeeper","カテゴリF",34.721
3431580,2021-10-01,"/sv/viewer","カテゴリD",85.740
3431580,2021-12-17,"/sv/viewer","カテゴリD",122.113
3438130,2021-07-01,"/sv/help/en-us/surfhlp/surftoc.htm","カテゴリC",71.414
3438130,2021-07-01,"/sv/client?","カテゴリF",20.264
3438130,2021-07-01,"/sv/bookkeeper?","カテゴリE",94.487
3438130,2021-07-06,"/sv/client?","カテゴリF",218.162
3462279,2021-08-19,"/sv/logout?","カテゴリD",24.631
3462279,2021-11-21,"/sv/logout?","カテゴリD",18.072
3462279,2021-12-05,"/sv/logout?","カテゴリD",179.084
3462279,2021-12-05,"/sv/publisher?","カテゴリD",110.476
3485047,2021-09-23,"/sv/browser?","カテゴリG",11.321
3485047,2021-09-23,"/sv/browser?","カテゴリG",9.552
3485047,2021-11-25,"/sv/bookkeeper?","カテゴリE",6.583
3485047,2021-11-25,"/sv/bookkeeper?","カテゴリE",16.632
3485047,2021-11-25,"/sv/bookkeeper?","カテゴリE",15.483
3488780,2021-09-25,"/sv/bookkeeper/","カテゴリD",1.234
3488780,2021-09-25,"/sv/browser?","カテゴリG",59.548
3488780,2021-10-16,"/sv/bookkeeper/","カテゴリD",7.437
3488780,2021-10-16,"/sv/bookkeeper?","カテゴリE",13.625
3489163,2021-10-13,"/sv/viewer?","カテゴリB",10.150
3491815,2021-07-29,"/sv/publisher","カテゴリA",18.481
3491815,2021-07-29,"/sv/browser?","カテゴリG",26.066
3491815,2021-07-29,"/sv/bookkeeper?","カテゴリE",34.394
3541601,2021-08-13,"/sv/help/en-us/adminhlp/adcat.htm","カテゴリC",59.386
3541601,2021-08-13,"/sv/browser?","カテゴリG",11.035
3541601,2021-08-13,"/sv/help/en-us/adminhlp/adcat.htm","カテゴリC",70.769
3543640,2021-07-06,"/sv/","カテゴリB",21.062
3543640,2021-07-06,"/sv/bookkeeper?","カテゴリE",40.668
3543640,2021-07-06,"/sv/viewer?","カテゴリB",27.981
3543640,2021-07-06,"/sv/help/en-us/adminhlp/adminhlp.htm","カテゴリB",3.984
3543640,2021-07-06,"/sv/help/en-us/adminhlp/adminhlp.htm","カテゴリB",71.528
3543640,2021-07-06,"/sv/help/en-us/adminhlp/adminhlp.htm","カテゴリB",22.721
3553737,2021-08-12,"/sv/browser?","カテゴリG",178.470
3553737,2021-10-22,"/sv/browser?","カテゴリG",22.828
3553737,2021-10-22,"/sv/browser?","カテゴリG",55.334
3566239,2021-07-09,"/sv/bookkeeper?","カテゴリE",115.819
3566239,2021-07-09,"/sv/bookkeeper?","カテゴリE",160.070
3566239,2021-07-09,"/sv/bookkeeper","カテゴリF",139.877
3566617,2021-12-23,"/sv/browser","カテゴリD",37.894
3587845,2021-07-13,"/sv/help/en-us/surfhlp/surftoc.htm","カテゴリC",25.577
3587845,2021-10-26,"/sv/help/en-us/surfhlp/surftoc.htm","カテゴリC",103.506
3587845,2021-11-02,"/sv/help/en-us/surfhlp/surftoc.htm","カテゴリC",141.909
3611197,2021-08-15,"/sv/client?","カテゴリF",44.255
3618940,2021-12-04,"/sv/help/en-us/tutorial/tutwelcm.htm","カテゴリB",29.175
3639930,2021-07-17,"/sv/browser?","カテゴリG",11.000
3639930,2021-07-17,"/sv/logout?","カテゴリD",7.853
3639930,2021-07-17,"/sv/help/en-us/surfhlp/browse.htm","カテゴリD",25.435
3639930,2021-07-30,"/sv/publisher?","カテゴリD",14.589
3639930,2021-08-10,"/sv/help/en-us/surfhlp/browse.htm","カテゴリD",60.878
3645172,2021-07-14,"/sv/help/en-us/surfhlp/browse.htm","カテゴリD",36.113
3645172,2021-07-14,"/sv/help/en-us/surfhlp/browse.htm","カテゴリD",19.083
3645172,2021-10-15,"/sv/help/en-us/adminhlp/adminhlp.htm","カテゴリB",45.087
3645172,2021-10-15,"/sv/viewer?","カテゴリB",7.341
3645172,2021-10-16,"/sv/help/en-us/adminhlp/adminhlp.htm","カテゴリB",15.694
3645172,2021-10-27,"/sv/publisher","カテゴリA",42.328
3645172,2021-12-17,"/sv/publisher","カテゴリA",10.895
3694744,2021-07-05,"/sv/help/en-us/surfhlp/publish.htm","カテゴリC",131.742
3694744,2021-08-25,"/sv/viewer","カテゴリD",53.031
3713600,2021-12-24,"/sv/client?","カテゴリF",69.091
3747768,2021-08-10,"/sv/bookkeeper?","カテゴリE",48.936
3747768,2021-08-10,"/sv/help/en-us/surfhlp/surftoc.htm","カテゴリC",55.032
3750709,2021-07-23,"/sv/bookkeeper?","カテゴリE",93.105
3750709,2021-10-26,"/sv/bookkeeper?","カテゴリE",126.330
3750709,2021-11-03,"/sv/bookkeeper?","カテゴリE",104.941
3750709,2021-11-26,"/sv/viewer?","カテゴリB",1.592
3750709,2021-11-27,"/sv/viewer?","カテゴリB",124.888
3779452,2021-08-26,"/sv/bookkeeper","カテゴリF",138.332
3779452,2021-08-26,"/sv/client?","カテゴリF",260.218
3799718,2021-07-12,"/sv/bookkeeper?","カテゴリE",58.075
3799718,2021-08-20,"/sv/bookkeeper?","カテゴリE",24.543
3799718,2021-11-19,"/sv/","カテゴリB",60.471
3799718,2021-11-20,"/sv/bookkeeper?","カテゴリE",24.574
3799718,2021-11-20,"/sv/","カテゴリB",75.635
3809895,2021-07-07,"/sv/help/en-us/surfhlp/surftoc.htm","カテゴリC",161.018
3820732,2021-07-02,"/sv/client?","カテゴリF",1.063
3820732,2021-08-13,"/sv/viewer?","カテゴリB",50.566
3820732,2021-11-02,"/sv/publisher?","カテゴリD",65.582
3820732,2021-11-02,"/sv/publisher","カテゴリA",24.200
3851468,2021-07-17,"/sv/browser?","カテゴリG",103.630
3866959,2021-07-22,"/sv/viewer?","カテゴリB",184.125
3866959,2021-07-22,"/sv/bookkeeper?","カテゴリE",50.980
3866959,2021-07-22,"/sv/bookkeeper?","カテゴリE",109.554
3985457,2021-08-03,"/sv/bookkeeper","カテゴリF",46.595
3985457,2021-08-03,"/sv/help/en-us/tutorial/tutctrl.htm","カテゴリG",17.377
3986565,2021-07-17,"/sv/bookkeeper?","カテゴリE",78.897
3986565,2021-07-17,"/sv/logout?","カテゴリD",76.573
3986565,2021-07-17,"/sv/logout?","カテゴリD",35.141
3986565,2021-08-11,"/sv/viewer","カテゴリD",37.575
3986565,2021-08-11,"/sv/browser?","カテゴリG",35.786
3986565,2021-08-26,"/sv/bookkeeper","カテゴリF",80.036
3986565,2021-08-31,"/sv/help/en-us/surfhlp/publishspss.htm","カテゴリD",83.384
3986565,2021-08-31,"/sv/help/en-us/surfhlp/publishspss.htm","カテゴリD",15.111
4033838,2021-08-18,"/sv/browser?","カテゴリG",108.524
4033838,2021-08-18,"/sv/bookkeeper","カテゴリF",32.688
4033838,2021-11-09,"/sv/browser?","カテゴリG",33.650
4033838,2021-11-09,"/sv/help/en-us/adminhlp/adintro.htm","カテゴリD",2.670
4033838,2021-11-09,"/sv/browser?","カテゴリG",124.646
4033838,2021-11-09,"/sv/publisher","カテゴリA",212.269
4033838,2021-11-25,"/sv/bookkeeper","カテゴリF",30.817
4033838,2021-11-25,"/sv/help/en-us/surfhlp/surfhlp.htm","カテゴリC",105.736
4051817,2021-07-02,"/sv/help/en-us/adminhlp/adindex.htm","カテゴリC",70.944
4051817,2021-07-02,"/sv/help/en-us/adminhlp/adindex.htm","カテゴリC",0.255
4051817,2021-07-29,"/sv/help/en-us/adminhlp/adindex.htm","カテゴリC",39.658
4055869,2021-09-22,"/sv/viewer?","カテゴリB",117.121
4055869,2021-12-29,"/sv/viewer?","カテゴリB",102.577
4056212,2021-07-11,"/sv/bookkeeper?","カテゴリE",5.325
4056212,2021-09-25,"/sv/viewer","カテゴリD",22.905
4176131,2021-08-18,"/sv/bookkeeper/","カテゴリD",178.856
4176131,2021-11-02,"/sv/publisher?","カテゴリD",153.894
4176826,2021-10-23,"/sv/bookkeeper","カテゴリF",9.201
4178646,2021-07-13,"/sv/logout?","カテゴリD",17.597
4178646,2021-08-13,"/sv/logout?","カテゴリD",36.381
4178646,2021-09-16,"/sv/logout?","カテゴリD",47.923
4178646,2021-10-15,"/sv/logout?","カテゴリD",84.021
4178646,2021-11-19,"/sv/logout?","カテゴリD",23.532
4195860,2021-08-11,"/sv/bookkeeper?","カテゴリE",73.651
4200992,2021-09-30,"/sv/bookkeeper/","カテゴリD",17.189
4200992,2021-09-30,"/sv/bookkeeper?","カテゴリE",111.488
4200992,2021-10-15,"/sv/bookkeeper?","カテゴリE",154.943
4200992,2021-10-15,"/sv/viewer?","カテゴリB",12.511
4200992,2021-10-15,"/sv/bookkeeper/","カテゴリD",154.319
4200992,2021-10-26,"/sv/bookkeeper","カテゴリF",173.894
4200992,2021-10-26,"/sv/browser?","カテゴリG",191.377
4202480,2021-07-29,"/sv/bookkeeper?","カテゴリE",42.201
4202480,2021-07-29,"/sv/bookkeeper?","カテゴリE",28.551
4230500,2021-07-08,"/sv/viewer?","カテゴリB",177.664
4230500,2021-07-10,"/sv/publisher","カテゴリA",62.558
4235037,2021-09-18,"/sv/browser?","カテゴリG",113.486
4235037,2021-09-18,"/sv/browser?","カテゴリG",42.791
4235037,2021-10-16,"/sv/bookkeeper?","カテゴリE",63.954
4235037,2021-10-27,"/sv/browser?","カテゴリG",85.052
4237957,2021-10-16,"/sv/help/en-us/surfhlp/browse.htm","カテゴリD",82.333
4237957,2021-11-06,"/sv/bookkeeper","カテゴリF",15.311
4237957,2021-12-18,"/sv/bookkeeper?","カテゴリE",9.109
4237957,2021-12-18,"/sv/viewer?","カテゴリB",3.113
4241926,2021-07-22,"/sv/browser","カテゴリD",8.331
4241926,2021-07-22,"/sv/browser","カテゴリD",61.792
4241926,2021-07-22,"/sv/help/en-us/adminhlp/adindex.htm","カテゴリC",28.075
4241926,2021-07-22,"/sv/bookkeeper?","カテゴリE",37.393
4311542,2021-08-18,"/sv/bookkeeper/","カテゴリD",10.718
4311542,2021-08-18,"/sv/viewer?","カテゴリB",6.125
4311542,2021-10-20,"/sv/bookkeeper?","カテゴリE",67.098
4311542,2021-11-09,"/sv/bookkeeper/","カテゴリD",4.530
4314080,2021-08-17,"/sv/bookkeeper?","カテゴリE",41.801
4314080,2021-08-17,"/sv/bookkeeper?","カテゴリE",8.788
4314080,2021-10-01,"/sv/bookkeeper?","カテゴリE",1.287
4339461,2021-09-01,"/sv/bookkeeper?","カテゴリE",67.146
4373130,2021-08-11,"/sv/help/en-us/surfhlp/publish.htm","カテゴリC",4.243
4390330,2021-09-15,"/sv/logout?","カテゴリD",65.127
4390330,2021-09-28,"/sv/browser?","カテゴリG",3.129
4390797,2021-09-09,"/sv/publisher?","カテゴリD",38.152
4390797,2021-09-11,"/sv/bookkeeper?","カテゴリE",149.174
4390797,2021-09-30,"/sv/bookkeeper","カテゴリF",9.013
4390797,2021-09-30,"/sv/help/en-us/surfhlp/surfhlp.htm","カテゴリC",5.273
4408621,2021-10-02,"/sv/help/en-us/adminhlp/adminhlp.htm","カテゴリB",112.255
4425921,2021-07-29,"/sv/bookkeeper?","カテゴリE",16.764
4425921,2021-10-21,"/sv/bookkeeper?","カテゴリE",100.730
4454268,2021-07-13,"/sv/help/en-us/adminhlp/adindex.htm","カテゴリC",6.569
4454268,2021-09-07,"/sv/help/en-us/adminhlp/adindex.htm","カテゴリC",30.906
4464148,2021-08-10,"/sv/bookkeeper?","カテゴリE",65.012
4561909,2021-08-11,"/sv/bookkeeper","カテゴリF",26.928
4561909,2021-10-28,"/sv/logout?","カテゴリD",13.493
4561909,2021-10-28,"/sv/logout?","カテゴリD",29.639
4561909,2021-10-28,"/sv/viewer","カテゴリD",7.937
4561909,2021-12-20,"/sv/bookkeeper","カテゴリF",71.602
4565265,2021-08-25,"/sv/bookkeeper","カテゴリF",79.620
4565265,2021-11-11,"/sv/bookkeeper","カテゴリF",31.129
4565265,2021-11-11,"/sv/bookkeeper","カテゴリF",192.011
4595570,2021-08-19,"/sv/viewer?","カテゴリB",8.953
4595570,2021-09-01,"/sv/bookkeeper?","カテゴリE",93.777
4595570,2021-09-29,"/sv/bookkeeper","カテゴリF",25.654
4595570,2021-11-10,"/sv/browser?","カテゴリG",49.596
4595570,2021-12-01,"/sv/publisher","カテゴリA",30.501
4595570,2021-12-08,"/sv/bookkeeper?","カテゴリE",21.858
4697927,2021-07-14,"/sv/viewer?","カテゴリB",79.892
4697927,2021-08-21,"/sv/viewer?","カテゴリB",36.051
4697927,2021-10-16,"/sv/viewer?","カテゴリB",86.035
4697927,2021-12-10,"/sv/viewer?","カテゴリB",13.641
4701858,2021-07-21,"/sv/publisher?","カテゴリD",57.305
4723003,2021-09-03,"/sv/help/en-us/adminhlp/adindex.htm","カテゴリC",40.820
4723003,2021-09-03,"/sv/bookkeeper?","カテゴリE",87.519
4723003,2021-11-24,"/sv/viewer?","カテゴリB",43.950
4723003,2021-12-15,"/sv/viewer","カテゴリD",17.625
4723003,2021-12-15,"/sv/viewer?","カテゴリB",52.923
4747023,2021-07-21,"/sv/help/en-us/surfhlp/surftoc.htm","カテゴリC",50.557
4747569,2021-09-18,"/sv/browser?","カテゴリG",66.724
4747569,2021-09-18,"/sv/browser?","カテゴリG",4.477
4747569,2021-09-21,"/sv/browser?","カテゴリG",35.705
4747569,2021-09-23,"/sv/help/en-us/surfhlp/surftoc.htm","カテゴリC",84.825
4747569,2021-09-23,"/sv/logout?","カテゴリD",26.281
4810468,2021-07-01,"/sv/bookkeeper?","カテゴリE",15.174
4810468,2021-07-03,"/sv/bookkeeper/","カテゴリD",40.678
4810468,2021-07-03,"/sv/bookkeeper/","カテゴリD",40.516
4832026,2021-08-07,"/sv/help/en-us/adminhlp/adsecure.htm","カテゴリB",17.664
4832026,2021-09-06,"/sv/bookkeeper","カテゴリF",96.468
4832026,2021-09-15,"/sv/help/en-us/adminhlp/adsecure.htm","カテゴリB",112.389
4832026,2021-09-23,"/sv/viewer","カテゴリD",36.835
4832026,2021-10-05,"/sv/help/en-us/adminhlp/adminhlp.htm","カテゴリB",80.347
4832026,2021-10-05,"/sv/help/en-us/adminhlp/adminhlp.htm","カテゴリB",116.863
4839478,2021-08-18,"/sv/bookkeeper?","カテゴリE",3.409
4839478,2021-09-21,"/sv/viewer?","カテゴリB",37.068
4839478,2021-09-21,"/sv/viewer?","カテゴリB",3.522
4839478,2021-12-02,"/sv/browser?","カテゴリG",46.716
4854207,2021-07-03,"/sv/bookkeeper/","カテゴリD",55.238
4854207,2021-10-16,"/sv/logout?","カテゴリD",17.736
4854207,2021-11-05,"/sv/publisher?","カテゴリD",56.253
4876777,2021-08-24,"/sv/bookkeeper?","カテゴリE",95.095
4876777,2021-08-24,"/sv/bookkeeper?","カテゴリE",118.983
4876777,2021-08-24,"/sv/bookkeeper?","カテゴリE",15.718
4876777,2021-09-20,"/sv/bookkeeper?","カテゴリE",171.241
4876777,2021-10-25,"/sv/publisher","カテゴリA",59.962
4878201,2021-07-07,"/sv/browser?","カテゴリG",14.058
4878201,2021-07-07,"/sv/publisher","カテゴリA",20.736
4878201,2021-08-12,"/sv/viewer","カテゴリD",78.801
4878201,2021-08-27,"/sv/viewer?","カテゴリB",37.057
4878201,2021-10-22,"/sv/viewer?","カテゴリB",10.262
4878586,2021-07-07,"/sv/bookkeeper?","カテゴリE",66.350
4878586,2021-09-22,"/sv/bookkeeper?","カテゴリE",25.934
4884772,2021-08-14,"/sv/publisher?","カテゴリD",9.463
4884772,2021-08-14,"/sv/help/en-us/adminhlp/adsecurehowto.htm","カテゴリE",235.135
4884772,2021-10-05,"/sv/bookkeeper?","カテゴリE",42.025
4884772,2021-12-14,"/sv/help/en-us/adminhlp/adsecurehowto.htm","カテゴリE",75.350
4922778,2021-07-08,"/sv/bookkeeper","カテゴリF",21.510
4922778,2021-07-21,"/sv/viewer?","カテゴリB",76.099
4922778,2021-09-14,"/sv/viewer?","カテゴリB",32.510
4922778,2021-10-02,"/sv/bookkeeper?","カテゴリE",12.642
4922778,2021-10-05,"/sv/viewer?","カテゴリB",1.819
4922778,2021-11-03,"/sv/viewer?","カテゴリB",52.700
4922778,2021-11-12,"/sv/bookkeeper","カテゴリF",22.520
4922778,2021-12-07,"/sv/viewer?","カテゴリB",20.565
4922778,2021-12-20,"/sv/viewer?","カテゴリB",26.235
4944576,2021-07-10,"/sv/client?","カテゴリF",0.399
4944576,2021-07-10,"/sv/help/en-us/adminhlp/adminhlp.htm","カテゴリB",29.799
4968296,2021-07-26,"/sv/bookkeeper?","カテゴリE",7.163
4968296,2021-08-24,"/sv/bookkeeper?","カテゴリE",33.390
4968296,2021-09-07,"/sv/bookkeeper?","カテゴリE",65.091
4968296,2021-10-27,"/sv/bookkeeper?","カテゴリE",10.858
4968296,2021-10-27,"/sv/bookkeeper?","カテゴリE",51.823
4976183,2021-08-11,"/sv/viewer","カテゴリD",66.702
4982129,2021-07-29,"/sv/bookkeeper?","カテゴリE",14.289
4982129,2021-07-29,"/sv/bookkeeper?","カテゴリE",50.258
4982129,2021-09-04,"/sv/bookkeeper?","カテゴリE",27.898
4982129,2021-11-03,"/sv/bookkeeper?","カテゴリE",21.224
4982129,2021-12-07,"/sv/bookkeeper?","カテゴリE",0.385
4984212,2021-07-06,"/sv/help/en-us/adminhlp/adintro.htm","カテゴリD",65.194
5000522,2021-08-07,"/sv/viewer?","カテゴリB",163.418
5000522,2021-09-25,"/sv/publisher?","カテゴリD",187.744
5000522,2021-11-26,"/sv/publisher","カテゴリA",49.190
5001633,2021-08-18,"/sv/viewer?","カテゴリB",20.354
5034650,2021-09-14,"/sv/logout?","カテゴリD",21.896
5063002,2021-08-21,"/sv/browser","カテゴリD",24.284
5063002,2021-08-21,"/sv/viewer?","カテゴリB",14.942
5063002,2021-08-21,"/sv/browser","カテゴリD",36.549
5063002,2021-08-27,"/sv/viewer","カテゴリD",13.258
5063002,2021-09-02,"/sv/","カテゴリB",0.565
5063002,2021-12-07,"/sv/browser","カテゴリD",11.101
5063002,2021-12-07,"/sv/bookkeeper","カテゴリF",16.427
5063002,2021-12-16,"/sv/browser","カテゴリD",62.615
5063002,2021-12-16,"/sv/bookkeeper","カテゴリF",11.675
5100167,2021-08-12,"/","カテゴリE",0.552
5121950,2021-07-07,"/sv/bookkeeper?","カテゴリE",21.982
5173328,2021-08-31,"/sv/bookkeeper","カテゴリF",8.262
5186294,2021-07-07,"/sv/bookkeeper","カテゴリF",52.276
5188421,2021-08-18,"/sv/bookkeeper","カテゴリF",18.031
5188421,2021-09-11,"/sv/browser?","カテゴリG",17.576
5188421,2021-09-11,"/sv/viewer","カテゴリD",8.302
5188421,2021-09-16,"/sv/","カテゴリB",10.720
5188421,2021-09-16,"/sv/viewer","カテゴリD",28.185
5188421,2021-09-28,"/sv/bookkeeper","カテゴリF",28.447
5188421,2021-10-07,"/sv/","カテゴリB",4.341
5188421,2021-11-16,"/sv/bookkeeper","カテゴリF",20.207
5223693,2021-07-29,"/sv/bookkeeper","カテゴリF",41.970
5224134,2021-08-11,"/sv/help/en-us/surfhlp/browse.htm","カテゴリD",32.191
5224134,2021-08-11,"/sv/help/en-us/surfhlp/browse.htm","カテゴリD",111.612
5224134,2021-09-11,"/sv/bookkeeper?","カテゴリE",56.960
5249031,2021-07-14,"/sv/viewer?","カテゴリB",98.306
5251010,2021-08-26,"/sv/viewer","カテゴリD",53.675
5251010,2021-11-02,"/sv/viewer","カテゴリD",71.972
5251010,2021-11-18,"/sv/bookkeeper?","カテゴリE",46.521
5251010,2021-11-18,"/sv/bookkeeper","カテゴリF",47.646
5251010,2021-11-18,"/sv/bookkeeper","カテゴリF",54.453
5251010,2021-11-18,"/sv/bookkeeper?","カテゴリE",40.706
5251010,2021-11-18,"/sv/bookkeeper?","カテゴリE",38.055
5267468,2021-08-07,"/sv/browser?","カテゴリG",44.660
5267468,2021-08-14,"/sv/browser","カテゴリD",45.273
5267468,2021-08-14,"/sv/help/en-us/adminhlp/adcat.htm","カテゴリC",23.831
5267468,2021-08-14,"/sv/viewer?","カテゴリB",49.750
5267468,2021-08-14,"/sv/help/en-us/adminhlp/adcat.htm","カテゴリC",16.875
5267468,2021-09-03,"/sv/help/en-us/surfhlp/publish.htm","カテゴリC",86.127
5267468,2021-09-03,"/sv/help/en-us/surfhlp/publishspss.htm","カテゴリD",6.052
5267468,2021-09-03,"/sv/client?","カテゴリF",58.283
5267468,2021-10-20,"/sv/help/en-us/adminhlp/adsecurehowto.htm","カテゴリE",31.046
5267468,2021-10-20,"/sv/browser?","カテゴリG",15.453
5428273,2021-07-02,"/sv/help/en-us/adminhlp/adsecuredocument.htm","カテゴリE",34.139
5428273,2021-07-02,"/sv/logout?","カテゴリD",14.169
5428273,2021-07-02,"/sv/logout?","カテゴリD",100.635
5428273,2021-07-18,"/sv/bookkeeper?","カテゴリE",12.652
5428273,2021-07-18,"/sv/bookkeeper?","カテゴリE",143.783
5491795,2021-09-17,"/sv/help/en-us/adminhlp/adintro.htm","カテゴリD",61.010
5516930,2021-09-17,"/sv/logout?","カテゴリD",39.913
5530619,2021-07-15,"/sv/help/en-us/surfhlp/surfhlp.htm","カテゴリC",62.170
5539245,2021-09-04,"/sv/browser?","カテゴリG",111.276
5539245,2021-09-09,"/sv/browser","カテゴリD",48.750
5565569,2021-08-19,"/","カテゴリE",120.314
5565569,2021-08-19,"/sv/viewer","カテゴリD",190.518
5565569,2021-08-19,"/","カテゴリE",81.168
5593445,2021-09-16,"","カテゴリB",2.301
5593445,2021-09-24,"/sv/viewer","カテゴリD",78.025
5593445,2021-10-17,"/sv/viewer","カテゴリD",63.322
5594649,2021-09-23,"/sv/browser?","カテゴリG",53.460
5594649,2021-11-30,"/sv/browser?","カテゴリG",110.885
5605767,2021-07-21,"/sv/bookkeeper?","カテゴリE",13.605
5605767,2021-09-09,"/sv/help/en-us/surfhlp/publish.htm","カテゴリC",89.669
5605767,2021-10-01,"/sv/publisher?","カテゴリD",120.553
5605767,2021-12-15,"/sv/bookkeeper?","カテゴリE",44.106
5607417,2021-08-12,"/sv/viewer?","カテゴリB",34.134
5607807,2021-07-13,"/sv/help/en-us/adminhlp/adminhlp.htm","カテゴリB",65.952
5615222,2021-07-04,"/sv/bookkeeper?","カテゴリE",39.809
5616038,2021-07-03,"/sv/browser?","カテゴリG",72.887
5619230,2021-07-21,"/sv/browser","カテゴリD",72.599
5658748,2021-07-23,"/sv/publisher","カテゴリA",20.057
5682490,2021-07-06,"/sv/logout?","カテゴリD",91.915
5682490,2021-08-18,"/sv/help/en-us/surfhlp/surftoc.htm","カテゴリC",54.571
5682490,2021-08-18,"/sv/logout?","カテゴリD",20.327
5682490,2021-09-08,"/sv/logout?","カテゴリD",1.555
5682490,2021-09-08,"/sv/help/en-us/surfhlp/surftoc.htm","カテゴリC",104.808
5682490,2021-10-05,"/sv/bookkeeper","カテゴリF",2.254
5682490,2021-10-13,"/sv/bookkeeper","カテゴリF",77.829
5714420,2021-09-09,"/sv/browser?","カテゴリG",74.516
5742692,2021-07-20,"/sv/bookkeeper?","カテゴリE",60.527
5742692,2021-09-24,"/sv/bookkeeper?","カテゴリE",277.197
5742692,2021-11-23,"/sv/bookkeeper?","カテゴリE",83.304
5765407,2021-07-13,"/sv/bookkeeper?","カテゴリE",129.224
5765407,2021-08-12,"/sv/bookkeeper?","カテゴリE",33.168
5773160,2021-07-23,"/sv/browser?","カテゴリG",157.382
5773160,2021-09-01,"/sv/browser?","カテゴリG",109.623
5773160,2021-10-21,"/sv/browser?","カテゴリG",17.300
5788108,2021-07-01,"/sv/viewer?","カテゴリB",103.434
5788108,2021-07-01,"/sv/help/en-us/adminhlp/adindex.htm","カテゴリC",44.429
5788108,2021-07-08,"/sv/help/en-us/surfhlp/publish.htm","カテゴリC",58.451
5788108,2021-08-20,"/sv/bookkeeper?","カテゴリE",87.735
5788108,2021-10-05,"/sv/help/en-us/surfhlp/publish.htm","カテゴリC",33.617
5807042,2021-08-31,"/sv/bookkeeper?","カテゴリE",79.513
5807556,2021-07-08,"/sv/bookkeeper?","カテゴリE",16.034
5807556,2021-07-17,"/sv/browser?","カテゴリG",181.787
5807556,2021-07-28,"/sv/viewer","カテゴリD",30.533
5807556,2021-08-10,"/sv/browser?","カテゴリG",59.555
5827888,2021-08-07,"/sv/logout?","カテゴリD",23.030
5827888,2021-08-07,"/sv/browser?","カテゴリG",120.691
5827888,2021-08-27,"/sv/viewer","カテゴリD",11.134
5827888,2021-09-02,"/sv/browser?","カテゴリG",26.741
5827888,2021-10-10,"/sv/browser?","カテゴリG",4.393
5827888,2021-10-10,"/sv/bookkeeper?","カテゴリE",83.566
5851787,2021-07-08,"/sv/bookkeeper?","カテゴリE",18.812
5856894,2021-08-08,"/sv/client?","カテゴリF",159.811
5896570,2021-08-14,"/sv/help/en-us/surfhlp/browse.htm","カテゴリD",24.293
5896570,2021-10-30,"/sv/viewer","カテゴリD",174.221
5896570,2021-11-03,"/sv/help/en-us/surfhlp/browse.htm","カテゴリD",313.265
5905631,2021-08-03,"/sv/logout?","カテゴリD",8.888
5905631,2021-08-03,"/sv/browser","カテゴリD",16.183
5905631,2021-08-03,"/sv/browser","カテゴリD",47.272
5905631,2021-08-24,"/sv/viewer","カテゴリD",37.710
5910424,2021-10-28,"/sv/browser","カテゴリD",181.672
5923598,2021-07-10,"/sv/logout?","カテゴリD",15.401
5923598,2021-07-10,"/sv/bookkeeper/","カテゴリD",79.342
5923598,2021-07-19,"/sv/bookkeeper","カテゴリF",12.241
5923598,2021-07-19,"/sv/logout?","カテゴリD",22.926
5923598,2021-07-19,"/sv/bookkeeper/","カテゴリD",64.179
5923598,2021-07-19,"/sv/bookkeeper","カテゴリF",113.417
5923598,2021-09-13,"/sv/help/en-us/surfhlp/publishoptions.htm","カテゴリG",84.494
5934343,2021-07-04,"/sv/viewer?","カテゴリB",55.497
5934343,2021-07-14,"/sv/bookkeeper/","カテゴリD",35.730
5934343,2021-08-08,"/sv/browser?","カテゴリG",18.697
5934343,2021-08-22,"/sv/bookkeeper/","カテゴリD",11.155
5934343,2021-08-25,"/sv/viewer","カテゴリD",18.396
5955376,2021-07-28,"/sv/viewer","カテゴリD",144.692
5969585,2021-07-10,"/sv/help/en-us/adminhlp/adintro.htm","カテゴリD",201.413
5969585,2021-07-20,"/sv/help/en-us/adminhlp/adintro.htm","カテゴリD",278.155
5969585,2021-08-26,"/sv/bookkeeper?","カテゴリE",118.069
5969585,2021-08-26,"/sv/bookkeeper?","カテゴリE",24.012
5970109,2021-07-28,"/sv/logout?","カテゴリD",13.332
5970109,2021-09-10,"/sv/help/en-us/adminhlp/adsecurecategory.htm","カテゴリB",40.352
5970109,2021-09-10,"/sv/browser","カテゴリD",4.674
5970109,2021-09-10,"/sv/browser","カテゴリD",88.831
5970109,2021-12-18,"/sv/help/en-us/adminhlp/adsecurecategory.htm","カテゴリB",80.639
6029924,2021-07-17,"/sv/bookkeeper?","カテゴリE",25.347
6029924,2021-10-29,"/sv/bookkeeper?","カテゴリE",49.599
6029924,2021-10-29,"/sv/bookkeeper?","カテゴリE",50.295
6029924,2021-10-29,"/sv/help/en-us/surfhlp/publish.htm","カテゴリC",46.160
6029924,2021-12-15,"/sv/browser?","カテゴリG",45.535
6051170,2021-07-16,"/sv/viewer","カテゴリD",41.986
6051170,2021-07-23,"/sv/help/en-us/surfhlp/publishoptions.htm","カテゴリG",84.344
6051170,2021-07-23,"/sv/publisher?","カテゴリD",18.116
6051170,2021-08-07,"/sv/viewer","カテゴリD",101.460
6051170,2021-08-07,"/sv/logout?","カテゴリD",74.600
6063484,2021-09-04,"/sv/browser?","カテゴリG",18.314
6077693,2021-09-14,"/sv/help/en-us/adminhlp/adindex.htm","カテゴリC",129.356
6077693,2021-09-23,"/sv/bookkeeper?","カテゴリE",27.618
6077693,2021-09-29,"/sv/browser?","カテゴリG",193.367
6077693,2021-10-27,"/sv/logout?","カテゴリD",12.188
6077693,2021-10-27,"/sv/logout?","カテゴリD",92.675
6097012,2021-08-26,"/sv/bookkeeper?","カテゴリE",50.913
6097012,2021-09-16,"/sv/viewer?","カテゴリB",19.616
6097012,2021-11-20,"/sv/bookkeeper?","カテゴリE",237.613
6131803,2021-11-10,"/sv/viewer?","カテゴリB",74.142
6142378,2021-07-13,"/sv/browser","カテゴリD",2.300
6142378,2021-09-08,"/sv/index.htm","カテゴリD",66.752
6142378,2021-09-30,"/sv/publisher?","カテゴリD",155.809
6145104,2021-07-06,"/sv/bookkeeper?","カテゴリE",42.655
6156911,2021-07-16,"/sv/viewer?","カテゴリB",14.477
6199505,2021-09-22,"/sv/bookkeeper?","カテゴリE",20.311
6199505,2021-11-18,"/sv/browser?","カテゴリG",95.570
6199505,2021-11-18,"/sv/browser?","カテゴリG",35.941
6199505,2021-12-01,"/sv/bookkeeper?","カテゴリE",19.525
6230010,2021-08-19,"/sv/client?","カテゴリF",63.251
6230010,2021-08-19,"/sv/bookkeeper","カテゴリF",24.025
6230010,2021-08-21,"/sv/viewer","カテゴリD",96.499
6230010,2021-09-01,"/sv/bookkeeper?","カテゴリE",60.387
6230010,2021-09-25,"/sv/bookkeeper","カテゴリF",28.038
6230010,2021-11-12,"/sv/bookkeeper","カテゴリF",4.800
6230560,2021-07-23,"/sv/browser?","カテゴリG",81.572
6230560,2021-07-23,"/sv/bookkeeper?","カテゴリE",104.382
6230560,2021-07-23,"/sv/browser?","カテゴリG",56.322
6236089,2021-07-16,"/sv/bookkeeper?","カテゴリE",29.690
6236089,2021-07-16,"/sv/bookkeeper?","カテゴリE",22.764
6240912,2021-07-23,"/sv/help/en-us/surfhlp/surftoc.htm","カテゴリC",105.307
6240912,2021-10-27,"/sv/help/en-us/surfhlp/surftoc.htm","カテゴリC",56.850
6240912,2021-11-27,"/sv/help/en-us/surfhlp/surftoc.htm","カテゴリC",4.249
6240912,2021-12-17,"/sv/bookkeeper","カテゴリF",21.032
6240912,2021-12-22,"/sv/browser","カテゴリD",2.013
6270777,2021-07-24,"/sv/bookkeeper?","カテゴリE",1.156
6270777,2021-08-23,"/sv/browser?","カテゴリG",112.696
6270777,2021-11-06,"/sv/bookkeeper?","カテゴリE",47.353
6294525,2021-07-10,"/sv/bookkeeper?","カテゴリE",50.887
6294525,2021-07-15,"/sv/browser","カテゴリD",8.073
6294525,2021-07-15,"/sv/browser","カテゴリD",64.306
6340667,2021-09-10,"/sv/help/en-us/surfhlp/surftoc.htm","カテゴリC",97.178
6340667,2021-09-30,"/sv/bookkeeper?","カテゴリE",14.643
6340667,2021-12-02,"/sv/logout?","カテゴリD",7.352
6356230,2021-09-20,"/sv/client?","カテゴリF",2.976
6356230,2021-10-22,"/sv/browser?","カテゴリG",18.034
6356230,2021-10-25,"/sv/browser?","カテゴリG",47.524
6364807,2021-07-27,"/sv/publisher?","カテゴリD",22.938
6364807,2021-07-27,"/sv/publisher?","カテゴリD",77.194
6364807,2021-07-27,"/sv/browser?","カテゴリG",187.303
6364807,2021-07-27,"/sv/browser?","カテゴリG",35.119
6385406,2021-07-13,"/sv/bookkeeper?","カテゴリE",149.610
6388974,2021-07-28,"/sv/viewer?","カテゴリB",30.039
6388974,2021-07-28,"/sv/bookkeeper","カテゴリF",69.512
6388974,2021-07-28,"/sv/bookkeeper","カテゴリF",11.564
6388974,2021-08-31,"/sv/publisher?","カテゴリD",50.293
6388974,2021-08-31,"/sv/","カテゴリB",132.659
6388974,2021-08-31,"/sv/publisher?","カテゴリD",36.935
6388974,2021-08-31,"/sv/publisher?","カテゴリD",22.276
6395333,2021-07-24,"/sv/help/en-us/adminhlp/adintro.htm","カテゴリD",86.056
6395333,2021-09-23,"/sv/client?","カテゴリF",33.698
6395333,2021-09-23,"/sv/bookkeeper","カテゴリF",103.667
6395333,2021-10-30,"/sv/viewer","カテゴリD",49.996
6395333,2021-12-01,"/sv/help/en-us/adminhlp/adintro.htm","カテゴリD",58.763
6395333,2021-12-01,"/sv/viewer?","カテゴリB",100.851
6399727,2021-07-22,"/sv/bookkeeper?","カテゴリE",12.237
6399727,2021-07-22,"/sv/viewer?","カテゴリB",94.689
6399727,2021-08-09,"/sv/viewer?","カテゴリB",57.258
6399727,2021-08-09,"/sv/publisher?","カテゴリD",20.609
6399727,2021-08-26,"/sv/publisher","カテゴリA",82.271
6413265,2021-08-12,"/sv/logout?","カテゴリD",86.791
6413265,2021-08-12,"/sv/bookkeeper","カテゴリF",35.302
6413265,2021-08-28,"/sv/browser?","カテゴリG",15.988
6413265,2021-08-28,"/","カテゴリE",1.968
6413265,2021-09-08,"/sv/bookkeeper?","カテゴリE",2.710
6418570,2021-09-28,"/sv/viewer?","カテゴリB",7.455
6450573,2021-09-23,"/sv/help/en-us/surfhlp/browse.htm","カテゴリD",21.095
6450573,2021-09-23,"/sv/help/en-us/surfhlp/browse.htm","カテゴリD",71.961
6450573,2021-09-23,"/sv/help/en-us/surfhlp/browse.htm","カテゴリD",4.486
6450573,2021-09-23,"/sv/help/en-us/surfhlp/browse.htm","カテゴリD",137.380
6450573,2021-12-16,"/sv/viewer?","カテゴリB",20.826
6475525,2021-09-02,"/sv/help/en-us/surfhlp/surftoc.htm","カテゴリC",235.904
6475525,2021-10-09,"/sv/help/en-us/surfhlp/surftoc.htm","カテゴリC",104.470
6570447,2021-09-21,"/sv/bookkeeper?","カテゴリE",20.167
6570447,2021-10-15,"/sv/bookkeeper?","カテゴリE",40.334
6637438,2021-07-20,"/sv/bookkeeper","カテゴリF",69.870
6655079,2021-07-26,"/sv/bookkeeper?","カテゴリE",58.954
6655079,2021-11-29,"/sv/bookkeeper?","カテゴリE",54.286
6655079,2021-12-22,"/sv/logout?","カテゴリD",18.215
6655079,2021-12-22,"/sv/bookkeeper","カテゴリF",22.596
6655409,2021-07-22,"/sv/help/en-us/adminhlp/adindex.htm","カテゴリC",4.349
6680339,2021-07-21,"/sv/bookkeeper?","カテゴリE",5.211
6680339,2021-08-03,"/sv/","カテゴリB",92.426
6680339,2021-08-03,"/sv/","カテゴリB",21.889
6680339,2021-10-27,"/","カテゴリE",22.513
6680339,2021-10-27,"/sv/viewer","カテゴリD",29.708
6732594,2021-08-20,"/sv/help/en-us/adminhlp/adintro.htm","カテゴリD",15.528
6732594,2021-08-20,"/sv/bookkeeper","カテゴリF",10.848
6781708,2021-07-27,"/sv/viewer?","カテゴリB",67.330
6786244,2021-08-27,"/sv/help/en-us/surfhlp/publishspss.htm","カテゴリD",4.386
6786244,2021-08-27,"/sv/help/en-us/surfhlp/publishspss.htm","カテゴリD",24.544
6786244,2021-08-27,"/sv/help/en-us/surfhlp/publishspss.htm","カテゴリD",13.267
6786244,2021-08-27,"/sv/logout?","カテゴリD",40.071
6786244,2021-08-27,"/sv/help/en-us/surfhlp/publishspss.htm","カテゴリD",18.709
6786244,2021-08-27,"/sv/help/en-us/surfhlp/publishspss.htm","カテゴリD",19.677
6786244,2021-10-27,"/sv/bookkeeper","カテゴリF",6.251
6786244,2021-10-27,"/sv/bookkeeper","カテゴリF",28.053
6786244,2021-10-27,"/sv/viewer","カテゴリD",15.045
6805116,2021-11-24,"/sv/client?","カテゴリF",78.835
6805116,2021-11-24,"/sv/bookkeeper","カテゴリF",116.087
6819407,2021-08-03,"/sv/bookkeeper/","カテゴリD",2.280
6841281,2021-08-18,"/sv/bookkeeper?","カテゴリE",42.897
6841281,2021-10-14,"/sv/bookkeeper","カテゴリF",53.340
6905981,2021-08-23,"/sv/logout?","カテゴリD",46.545
6905981,2021-08-23,"/sv/bookkeeper","カテゴリF",25.657
6905981,2021-11-04,"/sv/help/en-us/adminhlp/adindex.htm","カテゴリC",39.740
6905981,2021-12-13,"/sv/bookkeeper/","カテゴリD",45.875
6979923,2021-07-07,"/sv/bookkeeper","カテゴリF",89.503
6979923,2021-07-12,"/sv/bookkeeper","カテゴリF",17.915
6979923,2021-08-02,"/sv/bookkeeper","カテゴリF",17.644
6979923,2021-08-23,"/sv/bookkeeper/","カテゴリD",36.606
6994676,2021-07-08,"/sv/bookkeeper?","カテゴリE",82.344
7018036,2021-07-29,"/sv/bookkeeper?","カテゴリE",29.810
7018036,2021-08-30,"/sv/publisher?","カテゴリD",38.347
7018036,2021-09-10,"/sv/help/en-us/surfhlp/browse.htm","カテゴリD",51.605
7018036,2021-09-15,"/sv/logout?","カテゴリD",24.400
7018036,2021-09-15,"/sv/bookkeeper?","カテゴリE",37.243
7018036,2021-10-07,"/sv/bookkeeper?","カテゴリE",62.812
7035653,2021-09-23,"/sv/bookkeeper?","カテゴリE",130.777
7035653,2021-11-19,"/","カテゴリE",64.335
7035653,2021-11-19,"/sv/bookkeeper?","カテゴリE",34.933
7044396,2021-07-10,"/sv/help/en-us/tutorial/smugtut.htm","カテゴリG",51.458
7044396,2021-07-16,"/sv/help/en-us/adminhlp/adminhlp.htm","カテゴリB",23.944
7044396,2021-07-17,"/sv/message","カテゴリG",29.113
7044396,2021-07-17,"/sv/message","カテゴリG",1.436
7044396,2021-07-20,"/sv/publisher","カテゴリA",99.619
7044396,2021-07-24,"/sv/help/en-us/surfhlp/surftoc.htm","カテゴリC",106.492
7073257,2021-07-13,"/sv/bookkeeper?","カテゴリE",83.344
7073257,2021-08-09,"/","カテゴリE",60.226
7073257,2021-08-09,"/sv/bookkeeper?","カテゴリE",115.479
7073257,2021-08-09,"/sv/help/en-us/surfhlp/surftoc.htm","カテゴリC",80.999
7076626,2021-09-09,"/sv/bookkeeper","カテゴリF",2.703
7076626,2021-09-09,"/sv/bookkeeper?","カテゴリE",0.591
7076626,2021-12-15,"/sv/bookkeeper","カテゴリF",4.736
7076626,2021-12-15,"/sv/bookkeeper?","カテゴリE",10.572
7103973,2021-09-28,"/sv/help/en-us/surfhlp/surftoc.htm","カテゴリC",19.781
7103973,2021-09-28,"/sv/bookkeeper/","カテゴリD",20.721
7103973,2021-09-28,"/sv/publisher?","カテゴリD",41.562
7103973,2021-09-28,"/sv/help/en-us/adminhlp/adintro.htm","カテゴリD",44.508
7103973,2021-10-15,"/sv/help/en-us/adminhlp/adintro.htm","カテゴリD",34.790
7103973,2021-10-15,"/sv/bookkeeper","カテゴリF",58.051
7103973,2021-10-15,"/sv/help/en-us/adminhlp/adindex.htm","カテゴリC",25.538
7103973,2021-11-24,"/sv/help/en-us/surfhlp/viewdocuments.htm","カテゴリF",57.138
7110023,2021-07-08,"/sv/bookkeeper?","カテゴリE",31.234
7110023,2021-07-23,"/sv/viewer?","カテゴリB",18.006
7110023,2021-10-23,"/sv/bookkeeper?","カテゴリE",35.480
7110023,2021-12-22,"/sv/bookkeeper","カテゴリF",76.640
7110023,2021-12-22,"/sv/bookkeeper?","カテゴリE",5.242
7143433,2021-07-04,"/sv/browser?","カテゴリG",21.050
7143433,2021-07-08,"/sv/bookkeeper?","カテゴリE",75.100
7143557,2021-08-27,"/sv/viewer","カテゴリD",97.510
7144103,2021-07-20,"/sv/bookkeeper?","カテゴリE",11.735
7144103,2021-08-21,"/sv/bookkeeper?","カテゴリE",70.565
7148024,2021-07-17,"/sv/help/en-us/surfhlp/surftoc.htm","カテゴリC",2.292
7155254,2021-07-15,"/sv/","カテゴリB",86.119
7155254,2021-07-15,"/sv/","カテゴリB",20.111
7155254,2021-12-07,"/sv/bookkeeper?","カテゴリE",40.780
7155254,2021-12-07,"/sv/publisher","カテゴリA",5.266
7155254,2021-12-15,"/sv/browser?","カテゴリG",22.348
7200245,2021-07-01,"/sv/publisher","カテゴリA",18.254
7200245,2021-07-29,"/sv/publisher","カテゴリA",53.071
7200245,2021-10-15,"/sv/publisher","カテゴリA",39.850
7204087,2021-07-24,"/sv/bookkeeper?","カテゴリE",66.061
7204087,2021-08-19,"/sv/bookkeeper?","カテゴリE",32.406
7204087,2021-09-18,"/sv/bookkeeper?","カテゴリE",8.296
7204087,2021-10-22,"/sv/bookkeeper?","カテゴリE",78.688
7204087,2021-12-02,"/sv/bookkeeper?","カテゴリE",30.308
7204087,2021-12-29,"/sv/bookkeeper?","カテゴリE",27.806
7206207,2021-08-17,"/sv/viewer","カテゴリD",42.648
7206207,2021-09-29,"/","カテゴリE",208.730
7206207,2021-09-29,"/sv/bookkeeper","カテゴリF",136.923
7206207,2021-10-30,"/sv/bookkeeper","カテゴリF",22.765
7206207,2021-10-30,"/","カテゴリE",106.934
7223776,2021-07-01,"/sv/client?","カテゴリF",100.572
7223776,2021-07-01,"/sv/bookkeeper?","カテゴリE",11.885
7223776,2021-07-04,"/sv/viewer?","カテゴリB",128.787
7223776,2021-07-07,"/sv/help/en-us/adminhlp/adsecure.htm","カテゴリB",22.944
7223776,2021-08-28,"/sv/browser?","カテゴリG",46.946
7241734,2021-09-14,"/sv/bookkeeper","カテゴリF",46.162
7244570,2021-07-06,"/sv/bookkeeper?","カテゴリE",8.751
7244570,2021-09-17,"/sv/publisher","カテゴリA",3.576
7250220,2021-10-05,"/sv/bookkeeper?","カテゴリE",421.361
7250220,2021-12-22,"/sv/bookkeeper?","カテゴリE",8.526
7272028,2021-08-12,"/sv/help/en-us/surfhlp/surftoc.htm","カテゴリC",37.327
7272028,2021-09-08,"/sv/browser?","カテゴリG",24.383
7272028,2021-10-26,"/","カテゴリE",11.787
7315827,2021-07-28,"/sv/viewer","カテゴリD",137.945
7315827,2021-08-24,"/sv/viewer","カテゴリD",35.678
7323224,2021-07-13,"/sv/bookkeeper","カテゴリF",49.506
7323224,2021-07-13,"/sv/bookkeeper","カテゴリF",49.313
7323224,2021-07-13,"/sv/publisher","カテゴリA",21.451
7331057,2021-08-12,"/sv/viewer","カテゴリD",62.719
7332806,2021-08-21,"/sv/bookkeeper?","カテゴリE",37.890
7332806,2021-08-21,"/sv/bookkeeper?","カテゴリE",57.936
7332806,2021-11-05,"/sv/browser","カテゴリD",1.338
7332806,2021-11-05,"/sv/bookkeeper?","カテゴリE",34.557
7356321,2021-09-12,"/sv/viewer?","カテゴリB",28.878
7356321,2021-09-19,"/sv/logout?","カテゴリD",76.226
7356321,2021-09-19,"/sv/logout?","カテゴリD",60.957
7356321,2021-12-12,"/sv/logout?","カテゴリD",80.604
7356321,2021-12-12,"/sv/bookkeeper","カテゴリF",80.804
7362312,2021-07-01,"/sv/bookkeeper?","カテゴリE",214.763
7367235,2021-07-30,"/sv/viewer?","カテゴリB",19.510
7367235,2021-09-24,"/sv/viewer","カテゴリD",55.963
7383978,2021-09-13,"/sv/help/en-us/adminhlp/adsecurehowto.htm","カテゴリE",28.494
7383978,2021-09-13,"/sv/help/en-us/adminhlp/adsecurehowto.htm","カテゴリE",11.793
7386886,2021-09-05,"/sv/client?","カテゴリF",39.794
7386886,2021-09-05,"/sv/help/en-us/adminhlp/adindex.htm","カテゴリC",16.441
7386886,2021-09-05,"/sv/logout?","カテゴリD",64.313
7411046,2021-07-16,"/sv/client?","カテゴリF",51.972
7411046,2021-07-16,"/sv/client?","カテゴリF",77.284
7421138,2021-07-05,"/sv/help/en-us/surfhlp/surfhlp.htm","カテゴリC",32.600
7421138,2021-07-12,"/sv/help/en-us/surfhlp/surfhlp.htm","カテゴリC",34.618
7421138,2021-07-26,"/sv/publisher?","カテゴリD",5.277
7427752,2021-07-03,"/sv/bookkeeper?","カテゴリE",45.277
7465901,2021-07-23,"/sv/help/en-us/adminhlp/adintro.htm","カテゴリD",23.037
7465901,2021-09-13,"/sv/logout?","カテゴリD",2.627
7465901,2021-09-13,"/sv/logout?","カテゴリD",29.856
7480262,2021-10-05,"/sv/browser","カテゴリD",12.207
7480262,2021-10-30,"/sv/","カテゴリB",36.349
7480262,2021-11-06,"/sv/bookkeeper?","カテゴリE",151.106
7488087,2021-08-17,"/sv/help/en-us/surfhlp/surftoc.htm","カテゴリC",99.324
7488087,2021-08-17,"/sv/browser?","カテゴリG",87.228
7488087,2021-08-17,"/sv/bookkeeper","カテゴリF",3.447
7488087,2021-09-07,"/sv/logout?","カテゴリD",100.134
7502509,2021-07-21,"/sv/help/en-us/adminhlp/adintro.htm","カテゴリD",78.161
7502509,2021-07-21,"/sv/bookkeeper?","カテゴリE",2.814
7502509,2021-09-14,"/sv/help/en-us/adminhlp/adsecurecategory.htm","カテゴリB",15.519
7502509,2021-10-22,"/sv/help/en-us/adminhlp/adintro.htm","カテゴリD",50.815
7510024,2021-08-18,"/sv/help/en-us/surfhlp/publish.htm","カテゴリC",3.011
7522334,2021-07-21,"/sv/logout?","カテゴリD",47.320
7522334,2021-07-21,"/sv/logout?","カテゴリD",3.597
7522334,2021-07-21,"/sv/viewer","カテゴリD",56.001
7522334,2021-07-28,"/sv/bookkeeper","カテゴリF",48.630
7522334,2021-09-21,"/sv/publisher?","カテゴリD",6.905
7538792,2021-08-28,"/sv/help/en-us/surfhlp/publishspss.htm","カテゴリD",70.817
7538792,2021-08-28,"/sv/help/en-us/surfhlp/publishspss.htm","カテゴリD",16.442
7554002,2021-07-24,"/sv/publisher","カテゴリA",135.955
7554002,2021-07-24,"/sv/publisher","カテゴリA",433.045
7581668,2021-08-28,"/sv/publisher","カテゴリA",43.003
7581668,2021-09-11,"/sv/help/en-us/surfhlp/browse.htm","カテゴリD",41.161
7581668,2021-09-11,"/sv/help/en-us/surfhlp/browse.htm","カテゴリD",59.512
7581668,2021-10-14,"/","カテゴリE",13.441
7581668,2021-10-14,"/sv/viewer?","カテゴリB",36.111
7650643,2021-07-27,"/sv/bookkeeper?","カテゴリE",11.168
7650643,2021-09-28,"/sv/viewer?","カテゴリB",37.042
7650643,2021-09-28,"/sv/bookkeeper?","カテゴリE",90.449
7650643,2021-10-26,"/sv/bookkeeper?","カテゴリE",38.260
7662144,2021-07-13,"/sv/viewer?","カテゴリB",16.639
7662144,2021-09-02,"/sv/viewer?","カテゴリB",206.237
7662144,2021-12-24,"/sv/viewer?","カテゴリB",85.748
7678830,2021-09-29,"/sv/browser?","カテゴリG",69.279
7678830,2021-10-09,"/sv/bookkeeper?","カテゴリE",109.214
7678830,2021-11-01,"/sv/browser?","カテゴリG",84.990
7678830,2021-11-01,"/sv/bookkeeper/","カテゴリD",65.827
7688069,2021-09-04,"/sv/help/en-us/surfhlp/publishspss.htm","カテゴリD",28.587
7688069,2021-09-28,"/sv/bookkeeper","カテゴリF",4.711
7688069,2021-09-28,"/sv/help/en-us/surfhlp/publishspss.htm","カテゴリD",25.628
7688069,2021-09-28,"/sv/viewer","カテゴリD",29.896
7688069,2021-10-27,"/sv/bookkeeper?","カテゴリE",36.989
7688069,2021-10-27,"/sv/bookkeeper","カテゴリF",91.792
7694536,2021-07-05,"/sv/bookkeeper?","カテゴリE",349.938
7694536,2021-10-15,"/sv/publisher","カテゴリA",155.062
7700552,2021-07-13,"/sv/help/en-us/surfhlp/browse.htm","カテゴリD",16.468
7700552,2021-07-13,"/sv/help/en-us/surfhlp/surfhlp.htm","カテゴリC",8.885
7700552,2021-07-20,"/sv/bookkeeper?","カテゴリE",16.623
7700552,2021-08-25,"/sv/viewer","カテゴリD",29.579
7700552,2021-10-13,"/sv/browser?","カテゴリG",18.447
7700552,2021-10-13,"/sv/browser?","カテゴリG",8.282
7700552,2021-10-13,"/sv/browser?","カテゴリG",24.815
7733279,2021-07-30,"/sv/bookkeeper?","カテゴリE",55.969
7733279,2021-09-18,"/sv/bookkeeper?","カテゴリE",45.232
7734771,2021-07-24,"/sv/bookkeeper?","カテゴリE",55.224
7734771,2021-08-28,"/sv/help/en-us/surfhlp/viewdocuments.htm","カテゴリF",24.429
7734771,2021-12-11,"/sv/publisher?","カテゴリD",20.301
7815031,2021-09-14,"/sv/viewer","カテゴリD",67.972
7815031,2021-09-14,"/sv/help/en-us/adminhlp/adsecurehowto.htm","カテゴリE",95.273
7815031,2021-10-15,"/sv/help/en-us/surfhlp/surftoc.htm","カテゴリC",116.921
7815031,2021-10-15,"/sv/help/en-us/surfhlp/surftoc.htm","カテゴリC",30.381
7815031,2021-10-15,"/sv/publisher","カテゴリA",37.681
7815031,2021-10-15,"/sv/publisher","カテゴリA",25.246
7815031,2021-10-15,"/sv/bookkeeper","カテゴリF",219.511
7815031,2021-10-15,"/sv/help/en-us/surfhlp/browse.htm","カテゴリD",67.015
7819958,2021-08-10,"/sv/publisher","カテゴリA",62.934
7819958,2021-12-14,"/sv/bookkeeper?","カテゴリE",49.812
7819958,2021-12-18,"/sv/bookkeeper","カテゴリF",1.761
7819958,2021-12-18,"/sv/help/en-us/adminhlp/adsecurehowto.htm","カテゴリE",12.993
7831572,2021-08-11,"/sv/bookkeeper?","カテゴリE",116.502
7831572,2021-09-23,"/sv/browser?","カテゴリG",39.828
7831572,2021-11-06,"/sv/help/en-us/adminhlp/adsecure.htm","カテゴリB",37.531
7832457,2021-12-03,"/sv/logout?","カテゴリD",119.647
7835415,2021-09-16,"/sv/bookkeeper","カテゴリF",74.401
7835415,2021-10-06,"/sv/bookkeeper","カテゴリF",122.570
7835415,2021-10-22,"/sv/viewer?","カテゴリB",58.765
7835415,2021-10-22,"/sv/viewer?","カテゴリB",66.639
7835415,2021-12-07,"/sv/viewer?","カテゴリB",94.696
7846505,2021-07-07,"/sv/bookkeeper?","カテゴリE",0.261
7846505,2021-10-13,"/sv/viewer","カテゴリD",6.618
7846505,2021-12-06,"/sv/bookkeeper?","カテゴリE",181.772
7873792,2021-08-07,"/sv/viewer?","カテゴリB",71.682
7873792,2021-08-07,"/sv/bookkeeper?","カテゴリE",4.327
7873792,2021-08-07,"/sv/bookkeeper?","カテゴリE",14.666
7873792,2021-08-07,"/sv/","カテゴリB",47.906
7873792,2021-08-07,"/sv/browser","カテゴリD",182.926
7879738,2021-09-14,"/sv/viewer","カテゴリD",68.504
7879738,2021-09-22,"/sv/browser?","カテゴリG",18.780
7879738,2021-09-22,"/sv/browser?","カテゴリG",10.545
7879738,2021-09-22,"/sv/publisher?","カテゴリD",35.602
7879738,2021-09-22,"/sv/publisher?","カテゴリD",5.055
7879738,2021-09-22,"/sv/publisher?","カテゴリD",46.380
7879738,2021-09-22,"/sv/publisher?","カテゴリD",26.751
7879738,2021-09-22,"/sv/publisher?","カテゴリD",21.705
7879738,2021-09-22,"/sv/browser?","カテゴリG",43.182
7931755,2021-11-24,"/sv/help/en-us/surfhlp/viewdocuments.htm","カテゴリF",90.268
7936191,2021-07-28,"/sv/bookkeeper?","カテゴリE",82.777
7936191,2021-09-24,"/sv/bookkeeper?","カテゴリE",18.791
7936191,2021-10-01,"/sv/bookkeeper?","カテゴリE",36.942
7936191,2021-12-15,"/sv/bookkeeper?","カテゴリE",13.299
7942601,2021-07-10,"/sv/help/en-us/adminhlp/adminhlp.htm","カテゴリB",114.993
7942601,2021-07-10,"/sv/bookkeeper/","カテゴリD",3.035
7942601,2021-07-10,"/sv/client?","カテゴリF",87.983
7942601,2021-10-01,"/sv/viewer?","カテゴリB",0.031
7942601,2021-10-01,"/sv/browser?","カテゴリG",37.829
7959293,2021-08-18,"/sv/help/en-us/surfhlp/browse.htm","カテゴリD",14.881
7959293,2021-08-18,"/sv/help/en-us/surfhlp/browse.htm","カテゴリD",10.121
7959293,2021-08-18,"/sv/help/en-us/surfhlp/browse.htm","カテゴリD",27.029
7959293,2021-08-18,"/sv/help/en-us/surfhlp/browse.htm","カテゴリD",70.059
7959293,2021-10-23,"/sv/browser?","カテゴリG",177.540
7959293,2021-10-28,"/sv/bookkeeper?","カテゴリE",23.933
7959293,2021-10-28,"/sv/bookkeeper?","カテゴリE",5.262
7964421,2021-09-04,"/sv/bookkeeper?","カテゴリE",81.661
7964421,2021-11-23,"/sv/viewer","カテゴリD",96.893
7964421,2021-11-23,"/sv/bookkeeper?","カテゴリE",148.263
7980500,2021-07-22,"/sv/bookkeeper?","カテゴリE",36.160
7980500,2021-07-22,"/sv/browser?","カテゴリG",61.333
7980500,2021-08-10,"/sv/publisher?","カテゴリD",35.564
7983336,2021-07-21,"/sv/viewer?","カテゴリB",134.773
7985287,2021-07-30,"/sv/bookkeeper?","カテゴリE",28.224
7985287,2021-09-18,"/sv/bookkeeper?","カテゴリE",86.896
8012601,2021-07-10,"/sv/bookkeeper","カテゴリF",15.904
8012601,2021-08-18,"/sv/browser","カテゴリD",56.132
8012601,2021-09-15,"/sv/viewer?","カテゴリB",113.828
8012601,2021-09-15,"/sv/browser?","カテゴリG",50.369
8012601,2021-09-15,"/sv/bookkeeper?","カテゴリE",10.300
8012601,2021-09-30,"/sv/browser","カテゴリD",69.778
8017092,2021-07-07,"/sv/bookkeeper?","カテゴリE",43.564
8017092,2021-09-02,"/sv/bookkeeper?","カテゴリE",23.347
8017092,2021-09-03,"/sv/help/en-us/surfhlp/browse.htm","カテゴリD",8.795
8017092,2021-09-03,"/sv/publisher?","カテゴリD",39.192
8017092,2021-10-16,"/sv/bookkeeper?","カテゴリE",58.923
8017092,2021-11-05,"/sv/viewer","カテゴリD",42.364
8017092,2021-12-05,"/sv/bookkeeper?","カテゴリE",58.537
8023189,2021-07-09,"/sv/viewer?","カテゴリB",7.614
8031656,2021-07-14,"/sv/client?","カテゴリF",69.219
8031656,2021-07-14,"/sv/client?","カテゴリF",41.048
8031656,2021-07-14,"/sv/viewer?","カテゴリB",47.732
8031656,2021-07-14,"/sv/browser","カテゴリD",40.308
8031656,2021-09-22,"/sv/help/en-us/surfhlp/publishspss.htm","カテゴリD",121.591
8031656,2021-09-25,"/sv/bookkeeper/","カテゴリD",36.853
8031656,2021-09-25,"/sv/help/en-us/adminhlp/adminhlp.htm","カテゴリB",67.916
8031656,2021-10-21,"/sv/index.htm","カテゴリD",17.258
8045868,2021-08-28,"/sv/logout?","カテゴリD",56.042
8045868,2021-08-28,"/sv/browser?","カテゴリG",1.358
8045868,2021-12-03,"/sv/logout?","カテゴリD",56.778
8045868,2021-12-03,"/sv/publisher?","カテゴリD",23.935
8045868,2021-12-03,"/sv/","カテゴリB",8.680
8045868,2021-12-03,"/sv/","カテゴリB",2.729
8045868,2021-12-03,"/sv/publisher?","カテゴリD",40.102
8045868,2021-12-03,"/sv/bookkeeper?","カテゴリE",12.693
8075342,2021-07-22,"/sv/bookkeeper?","カテゴリE",147.903
8075342,2021-10-07,"/sv/bookkeeper?","カテゴリE",134.926
8077726,2021-07-09,"/sv/viewer?","カテゴリB",86.338
8077726,2021-07-20,"/sv/publisher","カテゴリA",91.856
8077726,2021-07-20,"/sv/publisher","カテゴリA",68.428
8077726,2021-07-24,"/sv/publisher","カテゴリA",115.452
8077726,2021-09-18,"/sv/viewer?","カテゴリB",7.182
8082895,2021-07-03,"/sv/viewer?","カテゴリB",10.505
8082895,2021-07-15,"/sv/browser","カテゴリD",59.356
8082895,2021-07-18,"/sv/bookkeeper","カテゴリF",26.642
8090911,2021-07-15,"/sv/","カテゴリB",177.823
8120464,2021-07-03,"/sv/publisher","カテゴリA",66.989
8120464,2021-07-24,"/sv/browser?","カテゴリG",97.638
8120464,2021-07-24,"/sv/publisher","カテゴリA",74.443
8120464,2021-08-24,"/sv/browser?","カテゴリG",12.538
8120464,2021-08-24,"/sv/bookkeeper/","カテゴリD",94.699
8126568,2021-08-13,"/sv/publisher?","カテゴリD",18.093
8126568,2021-09-23,"/sv/publisher?","カテゴリD",83.159
8126568,2021-10-14,"/sv/help/en-us/adminhlp/adsecurecategory.htm","カテゴリB",1.063
8126568,2021-10-14,"/sv/browser?","カテゴリG",67.722
8126568,2021-10-14,"/sv/browser?","カテゴリG",24.244
8129309,2021-07-07,"/sv/bookkeeper?","カテゴリE",60.949
8129309,2021-09-15,"/sv/bookkeeper?","カテゴリE",31.289
8129309,2021-10-28,"/sv/bookkeeper?","カテゴリE",3.514
8129309,2021-12-04,"/sv/bookkeeper?","カテゴリE",51.322
8129309,2021-12-30,"/sv/bookkeeper?","カテゴリE",19.100
8131121,2021-07-13,"/sv/viewer?","カテゴリB",36.442
8131121,2021-07-13,"/sv/browser?","カテゴリG",74.995
8131121,2021-10-21,"/sv/bookkeeper?","カテゴリE",77.224
8131121,2021-10-21,"/sv/help/en-us/surfhlp/surftoc.htm","カテゴリC",130.596
8131121,2021-12-09,"/sv/bookkeeper","カテゴリF",62.220
8131121,2021-12-09,"/sv/bookkeeper","カテゴリF",41.786
8142434,2021-09-02,"/sv/bookkeeper?","カテゴリE",5.671
8142434,2021-09-02,"/sv/bookkeeper/","カテゴリD",11.047
8142434,2021-11-16,"/sv/help/en-us/surfhlp/surfhlp.htm","カテゴリC",57.880
8142434,2021-11-16,"/sv/help/en-us/surfhlp/surfhlp.htm","カテゴリC",21.573
8142434,2021-11-30,"/sv/viewer","カテゴリD",57.234
8142434,2021-11-30,"/sv/viewer","カテゴリD",92.158
8142434,2021-11-30,"/sv/publisher?","カテゴリD",98.844
8142434,2021-11-30,"/","カテゴリE",1.646
8186614,2021-08-16,"/sv/help/en-us/adminhlp/adsecurehowto.htm","カテゴリE",17.167
8186614,2021-08-16,"/sv/browser","カテゴリD",50.331
8186614,2021-08-16,"/sv/browser","カテゴリD",34.939
8186614,2021-08-16,"/sv/help/en-us/surfhlp/surfix.htm","カテゴリD",226.558
8186614,2021-08-16,"/sv/browser","カテゴリD",158.316
8197374,2021-07-08,"/sv/bookkeeper?","カテゴリE",115.887
8197374,2021-07-08,"/sv/client?","カテゴリF",171.487
8197374,2021-08-01,"/","カテゴリE",31.364
8197374,2021-08-24,"/sv/browser","カテゴリD",62.222
8197374,2021-08-24,"/sv/browser","カテゴリD",127.429
8198767,2021-07-16,"/sv/publisher?","カテゴリD",7.887
8198767,2021-07-27,"/sv/publisher?","カテゴリD",17.442
8221712,2021-07-28,"/sv/help/en-us/surfhlp/surfhlp.htm","カテゴリC",121.219
8221712,2021-07-28,"/","カテゴリE",153.381
8238870,2021-07-21,"/sv/browser","カテゴリD",109.077
8238870,2021-10-10,"/sv/bookkeeper?","カテゴリE",26.661
8266721,2021-08-24,"/sv/bookkeeper?","カテゴリE",6.348
8266721,2021-09-10,"/sv/browser?","カテゴリG",19.684
8266721,2021-12-03,"/sv/browser?","カテゴリG",22.911
8294359,2021-07-06,"/sv/bookkeeper?","カテゴリE",22.648
8294359,2021-08-24,"/sv/bookkeeper?","カテゴリE",57.291
8294359,2021-10-06,"/sv/bookkeeper?","カテゴリE",33.294
8294359,2021-12-29,"/sv/bookkeeper?","カテゴリE",31.921
8334734,2021-07-30,"/sv/bookkeeper?","カテゴリE",19.392
8334734,2021-07-30,"/sv/index.htm","カテゴリD",0.775
8334734,2021-09-08,"/sv/bookkeeper?","カテゴリE",26.956
8334734,2021-09-08,"/sv/publisher?","カテゴリD",9.732
8334734,2021-10-12,"/sv/help/en-us/adminhlp/adsecurehowto.htm","カテゴリE",5.870
8334734,2021-10-27,"/sv/publisher?","カテゴリD",54.177
8336885,2021-10-06,"/sv/bookkeeper?","カテゴリE",55.043
8376285,2021-07-08,"/sv/help/en-us/surfhlp/publish.htm","カテゴリC",4.868
8377766,2021-08-07,"/sv/index.htm","カテゴリD",21.689
8439129,2021-07-12,"/sv/browser?","カテゴリG",7.371
8439129,2021-09-29,"/sv/help/en-us/surfhlp/publishspss.htm","カテゴリD",47.360
8439129,2021-09-29,"/sv/viewer","カテゴリD",16.139
8439129,2021-12-10,"/sv/viewer","カテゴリD",13.392
8439129,2021-12-10,"/sv/viewer","カテゴリD",31.667
8439129,2021-12-10,"/sv/help/en-us/surfhlp/publishspss.htm","カテゴリD",14.002
8439129,2021-12-15,"/sv/bookkeeper","カテゴリF",23.546
8458258,2021-09-05,"/sv/browser?","カテゴリG",115.391
8483302,2021-07-07,"/sv/viewer","カテゴリD",11.776
8483302,2021-07-07,"/sv/logout?","カテゴリD",130.993
8483302,2021-07-07,"/sv/viewer","カテゴリD",8.495
8483302,2021-10-06,"/sv/viewer","カテゴリD",8.824
8483302,2021-10-06,"/sv/customhtml?","カテゴリA",79.146
8483302,2021-10-06,"/sv/bookkeeper","カテゴリF",2.177
8483302,2021-12-29,"/sv/customhtml?","カテゴリA",3.099
8485637,2021-09-04,"/sv/help/en-us/surfhlp/browse.htm","カテゴリD",52.391
8492645,2021-07-28,"/sv/logout?","カテゴリD",24.604
8492645,2021-08-01,"/sv/help/en-us/surfhlp/browse.htm","カテゴリD",30.291
8492645,2021-08-15,"/sv/viewer?","カテゴリB",24.583
8492645,2021-09-05,"/sv/publisher","カテゴリA",20.948
8492645,2021-10-12,"/sv/browser?","カテゴリG",13.824
8492645,2021-11-23,"/sv/viewer","カテゴリD",23.813
8536885,2021-07-23,"/sv/browser?","カテゴリG",95.572
8536885,2021-07-23,"/sv/bookkeeper?","カテゴリE",73.172
8536885,2021-07-23,"/sv/bookkeeper?","カテゴリE",86.279
8536885,2021-07-23,"/sv/bookkeeper","カテゴリF",60.479
8538416,2021-08-19,"/sv/bookkeeper?","カテゴリE",49.270
8538416,2021-10-25,"/sv/bookkeeper","カテゴリF",22.820
8541598,2021-07-09,"/sv/browser","カテゴリD",35.299
8541598,2021-07-09,"/sv/browser","カテゴリD",12.726
8541598,2021-09-23,"/sv/viewer?","カテゴリB",17.834
8541598,2021-11-02,"/sv/bookkeeper/","カテゴリD",13.956
8541598,2021-11-02,"/sv/viewer?","カテゴリB",23.772
8550787,2021-07-24,"/sv/bookkeeper?","カテゴリE",10.402
8550787,2021-08-24,"/sv/logout?","カテゴリD",5.097
8550787,2021-08-24,"/sv/logout?","カテゴリD",50.442
8550787,2021-09-29,"/sv/bookkeeper?","カテゴリE",5.524
8550787,2021-11-06,"/sv/viewer","カテゴリD",5.657
8612106,2021-07-28,"/sv/bookkeeper?","カテゴリE",34.915
8612106,2021-09-28,"/sv/bookkeeper?","カテゴリE",80.783
8612106,2021-12-01,"/sv/bookkeeper?","カテゴリE",2.888
8617960,2021-07-13,"/sv/bookkeeper?","カテゴリE",103.305
8617960,2021-07-15,"/sv/bookkeeper","カテゴリF",31.470
8617960,2021-07-15,"/sv/browser","カテゴリD",1.870
8617960,2021-10-14,"/sv/bookkeeper?","カテゴリE",66.566
8617960,2021-10-14,"/sv/viewer","カテゴリD",23.641
8645432,2021-10-16,"/sv/bookkeeper?","カテゴリE",48.392
8645432,2021-10-16,"/sv/help/en-us/tutorial/tutwelcm.htm","カテゴリB",11.283
8645432,2021-11-16,"/sv/browser?","カテゴリG",50.724
8674091,2021-07-10,"/sv/viewer?","カテゴリB",94.728
8674091,2021-07-10,"/sv/viewer?","カテゴリB",95.654
8674091,2021-07-10,"/sv/viewer?","カテゴリB",152.124
8692905,2021-07-27,"/sv/bookkeeper?","カテゴリE",48.023
8692905,2021-09-01,"/sv/viewer?","カテゴリB",38.271
8705744,2021-07-27,"/sv/bookkeeper?","カテゴリE",36.647
8705744,2021-08-12,"/sv/help/en-us/surfhlp/surfhlp.htm","カテゴリC",70.714
8705744,2021-08-18,"/sv/publisher?","カテゴリD",12.988
8705744,2021-08-18,"/sv/help/en-us/adminhlp/adindex.htm","カテゴリC",43.604
8705744,2021-11-11,"/sv/bookkeeper?","カテゴリE",63.823
8708608,2021-07-10,"/sv/bookkeeper?","カテゴリE",86.965
8708608,2021-07-10,"/sv/bookkeeper?","カテゴリE",20.786
8708608,2021-07-10,"/sv/browser?","カテゴリG",32.998
8708608,2021-08-10,"/sv/help/en-us/adminhlp/adintro.htm","カテゴリD",0.801
8708608,2021-08-10,"/sv/help/en-us/adminhlp/adintro.htm","カテゴリD",7.526
8708608,2021-08-10,"/sv/browser","カテゴリD",33.816
8708608,2021-08-10,"/sv/browser","カテゴリD",0.011
8708608,2021-08-10,"/sv/viewer?","カテゴリB",9.481
8751671,2021-07-16,"/sv/bookkeeper","カテゴリF",55.188
8751671,2021-09-23,"/sv/bookkeeper?","カテゴリE",16.115
8751671,2021-09-23,"/sv/browser?","カテゴリG",159.529
8798814,2021-07-06,"/sv/bookkeeper?","カテゴリE",68.500
8798814,2021-09-14,"/sv/bookkeeper?","カテゴリE",56.428
8798814,2021-09-14,"/sv/browser?","カテゴリG",64.618
8798814,2021-12-18,"/sv/bookkeeper?","カテゴリE",187.473
8822052,2021-07-10,"/sv/help/en-us/tutorial/tutctrl.htm","カテゴリG",129.646
8822052,2021-07-10,"/sv/bookkeeper","カテゴリF",33.775
8822052,2021-07-10,"/sv/help/en-us/surfhlp/surfix.htm","カテゴリD",64.032
8840223,2021-09-15,"/sv/browser?","カテゴリG",18.863
8868453,2021-07-16,"/sv/bookkeeper?","カテゴリE",7.697
8868453,2021-08-18,"/sv/bookkeeper?","カテゴリE",70.321
8868453,2021-09-21,"/sv/bookkeeper?","カテゴリE",18.930
8868453,2021-10-15,"/sv/bookkeeper?","カテゴリE",52.948
8958567,2021-07-24,"/sv/browser?","カテゴリG",131.611
8958567,2021-09-25,"/sv/browser?","カテゴリG",74.974
8958567,2021-11-30,"/sv/browser?","カテゴリG",102.065
8989987,2021-07-06,"/sv/help/en-us/surfhlp/surftoc.htm","カテゴリC",38.478
8989987,2021-07-06,"/sv/bookkeeper","カテゴリF",174.456
8989987,2021-07-06,"/sv/publisher?","カテゴリD",102.115
8989987,2021-07-28,"/sv/bookkeeper?","カテゴリE",6.302
9004488,2021-10-06,"/sv/help/en-us/adminhlp/adminhlp.htm","カテゴリB",10.932
9023134,2021-07-20,"/sv/bookkeeper?","カテゴリE",56.143
9023134,2021-07-28,"/sv/viewer?","カテゴリB",22.462
9023134,2021-08-31,"/sv/bookkeeper?","カテゴリE",88.186
9023134,2021-10-15,"/sv/bookkeeper?","カテゴリE",43.163
9023134,2021-11-12,"/sv/bookkeeper?","カテゴリE",74.387
9023134,2021-12-07,"/sv/viewer?","カテゴリB",83.713
9023134,2021-12-22,"/sv/bookkeeper?","カテゴリE",5.000
9064945,2021-07-17,"/sv/help/en-us/surfhlp/surfhlp.htm","カテゴリC",44.074
9064945,2021-07-17,"/sv/publisher?","カテゴリD",9.530
9064945,2021-07-22,"/sv/bookkeeper/","カテゴリD",23.421
9064945,2021-07-22,"/sv/bookkeeper","カテゴリF",65.116
9064945,2021-07-22,"/sv/bookkeeper","カテゴリF",14.674
9066010,2021-07-20,"/sv/bookkeeper?","カテゴリE",43.737
9066010,2021-07-20,"/sv/help/en-us/surfhlp/surfhlp.htm","カテゴリC",87.835
9066010,2021-07-22,"/sv/bookkeeper?","カテゴリE",1.277
9066010,2021-07-22,"/sv/viewer?","カテゴリB",8.681
9066010,2021-07-22,"/sv/help/en-us/surfhlp/customdoc.htm","カテゴリC",36.392
9066010,2021-08-30,"/sv/help/en-us/surfhlp/publishspss.htm","カテゴリD",38.644
9066010,2021-08-30,"/sv/help/en-us/surfhlp/publishspss.htm","カテゴリD",77.447
9085791,2021-07-03,"/sv/bookkeeper?","カテゴリE",51.888
9085791,2021-07-03,"/sv/browser?","カテゴリG",52.306
9085791,2021-09-22,"/sv/browser?","カテゴリG",55.362
9085791,2021-12-24,"/sv/browser?","カテゴリG",57.140
9089952,2021-07-24,"/sv/","カテゴリB",45.556
9089952,2021-08-13,"/sv/viewer","カテゴリD",1.195
9089952,2021-09-30,"/sv/help/en-us/surfhlp/publishoptions.htm","カテゴリG",44.315
9089952,2021-09-30,"/sv/publisher","カテゴリA",103.568
9089952,2021-10-20,"/sv/bookkeeper?","カテゴリE",0.284
9089952,2021-11-11,"/sv/help/en-us/adminhlp/adminhlp.htm","カテゴリB",16.205
9089952,2021-12-03,"/sv/publisher","カテゴリA",12.376
9115797,2021-08-12,"/sv/help/en-us/surfhlp/customdoc.htm","カテゴリC",45.664
9115797,2021-08-12,"/sv/help/en-us/surfhlp/customdoc.htm","カテゴリC",8.915
9115797,2021-08-12,"/sv/help/en-us/surfhlp/customdoc.htm","カテゴリC",34.314
9115797,2021-08-15,"/sv/browser","カテゴリD",106.769
9115797,2021-08-15,"/sv/help/en-us/surfhlp/browse.htm","カテゴリD",82.316
9115797,2021-08-15,"/sv/browser","カテゴリD",98.183
9115797,2021-08-15,"/sv/help/en-us/surfhlp/browse.htm","カテゴリD",31.839
9132502,2021-08-13,"/sv/bookkeeper/","カテゴリD",90.684
9132502,2021-08-25,"/sv/bookkeeper","カテゴリF",92.502
9132502,2021-12-18,"/sv/browser","カテゴリD",35.712
9148342,2021-07-01,"/sv/help/en-us/adminhlp/adindex.htm","カテゴリC",15.004
9148342,2021-09-25,"/sv/bookkeeper?","カテゴリE",47.726
9148342,2021-12-31,"/sv/bookkeeper/","カテゴリD",23.292
9159555,2021-08-14,"/sv/viewer?","カテゴリB",17.262
9159555,2021-10-07,"/sv/bookkeeper?","カテゴリE",54.999
9159555,2021-11-06,"/sv/bookkeeper","カテゴリF",70.732
9159555,2021-11-06,"/sv/viewer?","カテゴリB",81.350
9159555,2021-11-06,"/sv/help/en-us/surfhlp/browse.htm","カテゴリD",70.664
9159555,2021-11-24,"/sv/publisher?","カテゴリD",125.983
9173075,2021-07-06,"/sv/viewer?","カテゴリB",26.496
9173075,2021-09-04,"/sv/viewer?","カテゴリB",13.675
9173075,2021-11-02,"/sv/viewer?","カテゴリB",10.030
9173075,2021-11-06,"/sv/help/en-us/adminhlp/adsecure.htm","カテゴリB",28.147
9173075,2021-11-06,"/sv/help/en-us/adminhlp/adsecure.htm","カテゴリB",120.542
9173075,2021-11-06,"/sv/help/en-us/adminhlp/adsecure.htm","カテゴリB",17.960
9199089,2021-08-20,"/sv/bookkeeper?","カテゴリE",35.188
9199089,2021-08-20,"/sv/bookkeeper?","カテゴリE",0.677
9199089,2021-08-20,"/sv/bookkeeper?","カテゴリE",27.571
9199089,2021-10-01,"/sv/viewer","カテゴリD",50.494
9199089,2021-10-01,"/sv/viewer?","カテゴリB",72.403
9199089,2021-10-29,"/sv/viewer?","カテゴリB",33.121
9199089,2021-12-09,"/sv/bookkeeper?","カテゴリE",58.684
9199089,2021-12-09,"/sv/bookkeeper?","カテゴリE",27.061
9205653,2021-09-29,"/sv/browser?","カテゴリG",172.144
9205653,2021-09-29,"/sv/bookkeeper?","カテゴリE",16.662
9205653,2021-09-29,"/sv/bookkeeper","カテゴリF",153.103
9309783,2021-07-27,"/sv/bookkeeper","カテゴリF",68.209
9309783,2021-07-27,"/sv/publisher","カテゴリA",35.982
9309783,2021-10-29,"/sv/bookkeeper?","カテゴリE",47.913
9330577,2021-07-02,"/sv/publisher?","カテゴリD",32.299
9330577,2021-08-25,"/sv/browser?","カテゴリG",40.537
9330577,2021-11-05,"/sv/viewer","カテゴリD",39.232
9358256,2021-08-19,"/sv/viewer?","カテゴリB",12.264
9358256,2021-10-07,"/sv/help/en-us/adminhlp/adintro.htm","カテゴリD",205.501
9390280,2021-08-24,"/sv/viewer","カテゴリD",12.750
9390280,2021-09-22,"/sv/viewer","カテゴリD",159.689
9390280,2021-10-08,"/sv/viewer","カテゴリD",50.907
9412649,2021-08-14,"/sv/bookkeeper?","カテゴリE",1.966
9450355,2021-07-23,"/sv/logout?","カテゴリD",1.137
9450355,2021-08-12,"/sv/bookkeeper?","カテゴリE",29.024
9450355,2021-08-12,"/sv/help/en-us/adminhlp/adintro.htm","カテゴリD",59.038
9450355,2021-08-12,"/sv/browser?","カテゴリG",4.104
9450355,2021-08-24,"/sv/bookkeeper?","カテゴリE",16.415
9450355,2021-09-10,"/sv/client?","カテゴリF",62.085
9458884,2021-11-19,"/sv/bookkeeper?","カテゴリE",86.662
9458884,2021-11-19,"/sv/logout?","カテゴリD",5.038
9461407,2021-07-23,"/sv/bookkeeper?","カテゴリE",32.569
9461407,2021-07-23,"/sv/viewer?","カテゴリB",6.878
9461407,2021-07-23,"/sv/bookkeeper?","カテゴリE",90.102
9461407,2021-08-26,"/sv/browser","カテゴリD",131.789
9461407,2021-08-26,"/sv/viewer","カテゴリD",30.556
9461407,2021-09-21,"/sv/","カテゴリB",77.994
9461407,2021-09-21,"/sv/","カテゴリB",130.229
9472625,2021-07-01,"/sv/help/en-us/adminhlp/adintro.htm","カテゴリD",33.595
9472625,2021-07-01,"/sv/client?","カテゴリF",75.155
9472625,2021-10-23,"/sv/client?","カテゴリF",7.633
9472789,2021-07-13,"/sv/browser?","カテゴリG",382.191
9472789,2021-09-10,"/sv/browser?","カテゴリG",188.776
9501605,2021-07-08,"/sv/browser?","カテゴリG",58.549
9513014,2021-07-13,"/sv/client?","カテゴリF",18.100
9513014,2021-07-13,"/sv/client?","カテゴリF",22.983
9513014,2021-07-13,"/sv/client?","カテゴリF",12.943
9513014,2021-07-13,"/sv/help/en-us/surfhlp/surfhlp.htm","カテゴリC",28.531
9513014,2021-07-13,"/sv/browser?","カテゴリG",3.379
9513014,2021-08-26,"/sv/client?","カテゴリF",29.015
9513014,2021-08-26,"/sv/viewer","カテゴリD",4.650
9521944,2021-07-08,"/sv/logout?","カテゴリD",39.358
9521944,2021-07-08,"/sv/help/en-us/adminhlp/adintro.htm","カテゴリD",32.215
9521944,2021-08-27,"/sv/logout?","カテゴリD",58.774
9521944,2021-08-27,"/sv/publisher?","カテゴリD",21.464
9521944,2021-08-27,"/sv/logout?","カテゴリD",66.564
9521944,2021-10-14,"/sv/bookkeeper?","カテゴリE",42.228
9521944,2021-10-14,"/sv/logout?","カテゴリD",77.795
9564043,2021-07-03,"/sv/bookkeeper?","カテゴリE",106.799
9564043,2021-07-08,"/sv/bookkeeper/","カテゴリD",23.943
9564043,2021-07-08,"/sv/help/en-us/surfhlp/publish.htm","カテゴリC",28.489
9564043,2021-07-08,"/sv/logout?","カテゴリD",36.011
9590364,2021-07-08,"/sv/publisher","カテゴリA",20.133
9624346,2021-07-08,"/sv/bookkeeper?","カテゴリE",82.097
9624346,2021-07-08,"/sv/bookkeeper?","カテゴリE",14.923
9624346,2021-07-09,"/sv/bookkeeper","カテゴリF",122.494
9624346,2021-07-09,"/sv/viewer?","カテゴリB",104.580
9629087,2021-07-15,"/sv/viewer?","カテゴリB",2.404
9644193,2021-08-18,"/sv/bookkeeper?","カテゴリE",105.229
9644193,2021-08-18,"/sv/bookkeeper","カテゴリF",164.504
9655627,2021-08-31,"/sv/publisher?","カテゴリD",31.954
9655627,2021-09-16,"/sv/viewer","カテゴリD",85.564
9680234,2021-10-12,"/sv/bookkeeper","カテゴリF",77.836
9712379,2021-07-08,"/sv/browser","カテゴリD",34.305
9719375,2021-08-16,"/sv/bookkeeper?","カテゴリE",19.261
9719375,2021-09-19,"/sv/browser","カテゴリD",2.494
9719375,2021-09-19,"/sv/viewer?","カテゴリB",8.264
9719375,2021-11-15,"/sv/bookkeeper?","カテゴリE",4.401
9749914,2021-07-16,"/sv/publisher","カテゴリA",48.110
9749914,2021-08-12,"/sv/bookkeeper","カテゴリF",26.094
9749914,2021-08-12,"/sv/bookkeeper","カテゴリF",72.339
9749914,2021-08-12,"/sv/viewer","カテゴリD",45.050
9749914,2021-08-28,"/sv/browser?","カテゴリG",1.350
9749914,2021-10-28,"/sv/publisher","カテゴリA",13.630
9749914,2021-10-28,"/sv/publisher","カテゴリA",48.014
9799549,2021-07-21,"/sv/help/en-us/surfhlp/surfhlp.htm","カテゴリC",22.334
9799549,2021-07-21,"/sv/viewer?","カテゴリB",8.480
9799549,2021-09-03,"/sv/viewer?","カテゴリB",60.573
9799549,2021-10-20,"/sv/help/en-us/surfhlp/surfhlp.htm","カテゴリC",11.547
9799549,2021-10-20,"/sv/viewer?","カテゴリB",130.603
